{
"__comment": "Designed by Killercreeper55 with BDcraft Cubik PRO 0.93 Beta - http://bdcraft.net",
"textures": {
    "particle": "blocks/bookshelf",
    "texture": "blocks/bookshelf",
    "planks_oak": "blocks/planks_birch",
    "book": "items/misc/book",
    "book_written": "items/misc/book_written"
},
"elements": [ 
{
    "from": [ 0, 1, 0 ],
    "to": [ 1, 15, 1 ],
    "faces": {
        "down":  { "uv": [ 16, 1, 15, 0 ], "texture": "#texture" },
        "up":    { "uv": [ 0, 0, 1, 1 ], "texture": "#texture" },
        "north": { "uv": [ 15, 1, 16, 15 ], "texture": "#texture" },
        "south": { "uv": [ 0, 1, 1, 15 ], "texture": "#texture" },
        "west":  { "uv": [ 0, 1, 1, 15 ], "texture": "#texture" },
        "east":  { "uv": [ 15, 1, 16, 15 ], "texture": "#texture" }
    }
},
{
    "from": [ 0, 15, 15 ],
    "to": [ 16, 16, 16 ],
    "faces": {
        "down":  { "uv": [ 16, 16, 0, 15 ], "texture": "#texture" },
        "up":    { "uv": [ 0, 15, 16, 16 ], "texture": "#texture" },
        "north": { "uv": [ 0, 0, 16, 1 ], "texture": "#texture" },
        "south": { "uv": [ 0, 0, 16, 1 ], "texture": "#texture" },
        "west":  { "uv": [ 15, 0, 16, 1 ], "texture": "#texture" },
        "east":  { "uv": [ 0, 0, 1, 1 ], "texture": "#texture" }
    }
},
{
    "from": [ 0, 15, 1 ],
    "to": [ 1, 16, 15 ],
    "faces": {
        "down":  { "uv": [ 16, 15, 15, 1 ], "texture": "#texture" },
        "up":    { "uv": [ 0, 1, 1, 15 ], "texture": "#texture" },
        "north": { "uv": [ 15, 0, 16, 1 ], "texture": "#texture" },
        "south": { "uv": [ 0, 0, 1, 1 ], "texture": "#texture" },
        "west":  { "uv": [ 1, 0, 15, 1 ], "texture": "#texture" },
        "east":  { "uv": [ 1, 0, 15, 1 ], "texture": "#texture" }
    }
},
{
    "from": [ 15, 15, 1 ],
    "to": [ 16, 16, 15 ],
    "faces": {
        "down":  { "uv": [ 1, 15, 0, 1 ], "texture": "#texture" },
        "up":    { "uv": [ 15, 1, 16, 15 ], "texture": "#texture" },
        "north": { "uv": [ 0, 0, 1, 1 ], "texture": "#texture" },
        "south": { "uv": [ 15, 0, 16, 1 ], "texture": "#texture" },
        "west":  { "uv": [ 1, 0, 15, 1 ], "texture": "#texture" },
        "east":  { "uv": [ 1, 0, 15, 1 ], "texture": "#texture" }
    }
},
{
    "from": [ 0, 0, 1 ],
    "to": [ 1, 1, 15 ],
    "faces": {
        "down":  { "uv": [ 16, 15, 15, 1 ], "texture": "#texture" },
        "up":    { "uv": [ 0, 1, 1, 15 ], "texture": "#texture" },
        "north": { "uv": [ 15, 15, 16, 16 ], "texture": "#texture" },
        "south": { "uv": [ 0, 15, 1, 16 ], "texture": "#texture" },
        "west":  { "uv": [ 1, 15, 15, 16 ], "texture": "#texture" },
        "east":  { "uv": [ 1, 15, 15, 16 ], "texture": "#texture" }
    }
},
{
    "from": [ 0, 0, 15 ],
    "to": [ 16, 1, 16 ],
    "faces": {
        "down":  { "uv": [ 16, 16, 0, 15 ], "texture": "#texture" },
        "up":    { "uv": [ 0, 15, 16, 16 ], "texture": "#texture" },
        "north": { "uv": [ 0, 15, 16, 16 ], "texture": "#texture" },
        "south": { "uv": [ 0, 15, 16, 16 ], "texture": "#texture" },
        "west":  { "uv": [ 15, 15, 16, 16 ], "texture": "#texture" },
        "east":  { "uv": [ 0, 15, 1, 16 ], "texture": "#texture" }
    }
},
{
    "from": [ 15, 0, 1 ],
    "to": [ 16, 1, 15 ],
    "faces": {
        "down":  { "uv": [ 1, 15, 0, 1 ], "texture": "#texture" },
        "up":    { "uv": [ 15, 1, 16, 15 ], "texture": "#texture" },
        "north": { "uv": [ 0, 15, 1, 16 ], "texture": "#texture" },
        "south": { "uv": [ 15, 15, 16, 16 ], "texture": "#texture" },
        "west":  { "uv": [ 1, 15, 15, 16 ], "texture": "#texture" },
        "east":  { "uv": [ 1, 15, 15, 16 ], "texture": "#texture" }
    }
},
{
    "from": [ 0, 15, 0 ],
    "to": [ 16, 16, 1 ],
    "faces": {
        "down":  { "uv": [ 16, 1, 0, 0 ], "texture": "#texture" },
        "up":    { "uv": [ 0, 0, 16, 1 ], "texture": "#texture" },
        "north": { "uv": [ 0, 0, 16, 1 ], "texture": "#texture" },
        "south": { "uv": [ 0, 0, 16, 1 ], "texture": "#texture" },
        "west":  { "uv": [ 0, 0, 1, 1 ], "texture": "#texture" },
        "east":  { "uv": [ 15, 0, 16, 1 ], "texture": "#texture" }
    }
},
{
    "from": [ 15, 1, 15 ],
    "to": [ 16, 15, 16 ],
    "faces": {
        "down":  { "uv": [ 1, 16, 0, 15 ], "texture": "#texture" },
        "up":    { "uv": [ 15, 15, 16, 16 ], "texture": "#texture" },
        "north": { "uv": [ 0, 1, 1, 15 ], "texture": "#texture" },
        "south": { "uv": [ 15, 1, 16, 15 ], "texture": "#texture" },
        "west":  { "uv": [ 15, 1, 16, 15 ], "texture": "#texture" },
        "east":  { "uv": [ 0, 1, 1, 15 ], "texture": "#texture" }
    }
},
{
    "from": [ 0, 1, 15 ],
    "to": [ 1, 15, 16 ],
    "faces": {
        "down":  { "uv": [ 16, 16, 15, 15 ], "texture": "#texture" },
        "up":    { "uv": [ 0, 15, 1, 16 ], "texture": "#texture" },
        "north": { "uv": [ 15, 1, 16, 15 ], "texture": "#texture" },
        "south": { "uv": [ 0, 1, 1, 15 ], "texture": "#texture" },
        "west":  { "uv": [ 15, 1, 16, 15 ], "texture": "#texture" },
        "east":  { "uv": [ 0, 1, 1, 15 ], "texture": "#texture" }
    }
},
{
    "from": [ 15, 1, 0 ],
    "to": [ 16, 15, 1 ],
    "faces": {
        "down":  { "uv": [ 1, 1, 0, 0 ], "texture": "#texture" },
        "up":    { "uv": [ 15, 0, 16, 1 ], "texture": "#texture" },
        "north": { "uv": [ 0, 1, 1, 15 ], "texture": "#texture" },
        "south": { "uv": [ 15, 1, 16, 15 ], "texture": "#texture" },
        "west":  { "uv": [ 0, 1, 1, 15 ], "texture": "#texture" },
        "east":  { "uv": [ 15, 1, 16, 15 ], "texture": "#texture" }
    }
},
{
    "from": [ 1, 0, 0 ],
    "to": [ 16, 1, 1 ],
    "faces": {
        "down":  { "uv": [ 15, 1, 0, 0 ], "texture": "#texture" },
        "up":    { "uv": [ 1, 0, 16, 1 ], "texture": "#texture" },
        "north": { "uv": [ 0, 15, 15, 16 ], "texture": "#texture" },
        "south": { "uv": [ 1, 15, 16, 16 ], "texture": "#texture" },
        "west":  { "uv": [ 0, 15, 1, 16 ], "texture": "#texture" },
        "east":  { "uv": [ 15, 15, 16, 16 ], "texture": "#texture" }
    }
},
{
    "from": [ 1, 0, 1 ],
    "to": [ 15, 1, 15 ],
    "faces": {
        "down":  { "uv": [ 16, 16, 0, 0 ], "texture": "#planks_oak" },
        "up":    { "uv": [ 0, 0, 16, 16 ], "texture": "#planks_oak" },
        "north": { "uv": [ 0, 8, 16, 9 ], "texture": "#planks_oak" },
        "south": { "uv": [ 0, 8, 16, 9 ], "texture": "#planks_oak" },
        "west":  { "uv": [ 0, 8, 16, 9 ], "texture": "#planks_oak" },
        "east":  { "uv": [ 0, 8, 16, 9 ], "texture": "#planks_oak" }
    }
},
{
    "from": [ 0.5, 7, 0.5 ],
    "to": [ 15.5, 8, 15.5 ],
    "faces": {
        "down":  { "uv": [ 16, 16, 0, 0 ], "texture": "#planks_oak" },
        "up":    { "uv": [ 0, 0, 16, 16 ], "texture": "#planks_oak" },
        "north": { "uv": [ 0, 8, 16, 9 ], "texture": "#planks_oak" },
        "south": { "uv": [ 0, 8, 16, 9 ], "texture": "#planks_oak" },
        "west":  { "uv": [ 0, 8, 16, 9 ], "texture": "#planks_oak" },
        "east":  { "uv": [ 0, 8, 16, 9 ], "texture": "#planks_oak" }
    }
},
{
    "from": [ 5, 1, 5 ],
    "to": [ 14.5, 4.5, 6.5 ],
    "faces": {
        "down":  { "uv": [ 15, 4.5, 1, 3 ], "texture": "#texture" },
        "up":    { "uv": [ 1, 3, 15, 4.5 ], "texture": "#texture" },
        "north": { "uv": [ 1.5, 1.5, 14.5, 7.5 ], "texture": "#texture" },
        "south": { "uv": [ 1.5, 1.5, 14.5, 7.5 ], "texture": "#texture" },
        "west":  { "uv": [ 3, 2, 4.5, 7 ], "texture": "#texture" },
        "east":  { "uv": [ 11.5, 2, 13, 7 ], "texture": "#texture" }
    }
},
{
    "__comment": "libro",
    "from": [ 8.4375, 9.1875, 1.3125 ],
    "to": [ 12.3125, 10.1875, 6.875 ],
    "rotation": { "origin": [ 8.4375, 10.1875, 1.3125 ], "axis": "z", "angle": -22.5 },
    "faces": {
        "down":  { "uv": [ 7.5, 0, 16, 10 ], "texture": "#book" },
        "up":    { "uv": [ 0, 0, 8, 10 ], "texture": "#book" },
        "north": { "uv": [ 0, 13, 9, 15 ], "texture": "#book" },
        "south": { "uv": [ 0, 10, 8, 12.5 ], "texture": "#book" },
        "west":  { "uv": [ 7.5, 0, 16, 10 ], "texture": "#book" },
        "east":  { "uv": [ 0, 0, 8, 10 ], "texture": "#book" }
    }
},
{
    "__comment": "libro*",
    "from": [ 3, 8, 10 ],
    "to": [ 4, 13.0625, 13.6875 ],
    "rotation": { "origin": [ 3, 13.0625, 10 ], "axis": "z", "angle": -22.5 },
    "faces": {
        "down":  { "uv": [ 0, 13, 8.5, 16 ], "texture": "#book" },
        "up":    { "uv": [ 0, 12.5, 9.5, 16 ], "texture": "#book" },
        "north": { "uv": [ 0, 13, 8, 15.5 ], "texture": "#book" },
        "south": { "uv": [ 0, 10, 8, 12.5 ], "texture": "#book" },
        "west":  { "uv": [ 7.5, 0, 16, 10 ], "texture": "#book" },
        "east":  { "uv": [ 0, 0, 8, 10 ], "texture": "#book" }
    }
},
{
    "__comment": "libro*",
    "from": [ 3.5625, 7.9375, 10.0625 ],
    "to": [ 4.5625, 13, 13.75 ],
    "faces": {
        "down":  { "uv": [ 0, 13, 8.5, 16 ], "texture": "#book_written" },
        "up":    { "uv": [ 0, 12.5, 9.5, 16 ], "texture": "#book_written" },
        "north": { "uv": [ 0, 13, 8, 15.5 ], "texture": "#book_written" },
        "south": { "uv": [ 0, 10, 8, 12.5 ], "texture": "#book_written" },
        "west":  { "uv": [ 7.5, 0, 16, 10 ], "texture": "#book_written" },
        "east":  { "uv": [ 0, 0, 8, 10 ], "texture": "#book_written" }
    }
},
{
    "__comment": "libro*",
    "from": [ 5, 0.9375, 10.0625 ],
    "to": [ 6, 6, 13.75 ],
    "faces": {
        "down":  { "uv": [ 0, 13, 8.5, 16 ], "texture": "#book" },
        "up":    { "uv": [ 0, 12.5, 9.5, 16 ], "texture": "#book" },
        "north": { "uv": [ 0, 13, 8, 15.5 ], "texture": "#book" },
        "south": { "uv": [ 0, 10, 8, 12.5 ], "texture": "#book" },
        "west":  { "uv": [ 7.5, 0, 16, 10 ], "texture": "#book" },
        "east":  { "uv": [ 0, 0, 8, 10 ], "texture": "#book" }
    }
},
{
    "__comment": "libro*",
    "from": [ 14, 7.9375, 10.0625 ],
    "to": [ 15, 13, 13.75 ],
    "faces": {
        "down":  { "uv": [ 0, 13, 8.5, 16 ], "texture": "#book" },
        "up":    { "uv": [ 0, 12.5, 9.5, 16 ], "texture": "#book" },
        "north": { "uv": [ 0, 13, 8, 15.5 ], "texture": "#book" },
        "south": { "uv": [ 0, 10, 8, 12.5 ], "texture": "#book" },
        "west":  { "uv": [ 7.5, 0, 16, 10 ], "texture": "#book" },
        "east":  { "uv": [ 0, 0, 8, 10 ], "texture": "#book" }
    }
},
{
    "__comment": "libro*",
    "from": [ 4.5, 0.9375, 3.5 ],
    "to": [ 5.5, 6, 7.1875 ],
    "faces": {
        "down":  { "uv": [ 0, 13, 8.5, 16 ], "texture": "#book" },
        "up":    { "uv": [ 0, 12.5, 9.5, 16 ], "texture": "#book" },
        "north": { "uv": [ 0, 10, 8, 12.5 ], "texture": "#book" },
        "south": { "uv": [ 0, 13.5, 8, 16 ], "texture": "#book" },
        "west":  { "uv": [ 7.5, 0, 16, 10 ], "texture": "#book" },
        "east":  { "uv": [ 0, 0, 8, 10 ], "texture": "#book" }
    }
},
{
    "from": [ 4.5, 7.875, 11 ],
    "to": [ 14.125, 12.9375, 12.5 ],
    "faces": {
        "down":  { "uv": [ 15, 4.5, 1, 3 ], "texture": "#texture" },
        "up":    { "uv": [ 1, 3, 15, 4.5 ], "texture": "#texture" },
        "north": { "uv": [ 1.5, 1.5, 14.5, 7.5 ], "texture": "#texture" },
        "south": { "uv": [ 1.5, 1.5, 14.5, 7.5 ], "texture": "#texture" },
        "west":  { "uv": [ 3, 2, 4.5, 7 ], "texture": "#texture" },
        "east":  { "uv": [ 11.5, 2, 13, 7 ], "texture": "#texture" }
    }
},
{
    "__comment": "libro*",
    "from": [ 4, 0.9375, 10.5 ],
    "to": [ 5, 6, 14.1875 ],
    "faces": {
        "down":  { "uv": [ 0, 13, 8.5, 16 ], "texture": "#book" },
        "up":    { "uv": [ 0, 12.5, 9.5, 16 ], "texture": "#book" },
        "north": { "uv": [ 0, 13, 8, 15.5 ], "texture": "#book" },
        "south": { "uv": [ 0, 10, 8, 12.5 ], "texture": "#book" },
        "west":  { "uv": [ 7.5, 0, 16, 10 ], "texture": "#book" },
        "east":  { "uv": [ 0, 0, 8, 10 ], "texture": "#book" }
    }
},
{
    "__comment": "libro*",
    "from": [ 5.9375, 0.4375, 10.5 ],
    "to": [ 6.9375, 5.5, 14.1875 ],
    "rotation": { "origin": [ 5.9375, 5.5, 10.5 ], "axis": "z", "angle": 22.5 },
    "faces": {
        "down":  { "uv": [ 0, 13, 8.5, 16 ], "texture": "#book_written" },
        "up":    { "uv": [ 0, 12.5, 9.5, 16 ], "texture": "#book_written" },
        "north": { "uv": [ 0, 13, 8, 15.5 ], "texture": "#book_written" },
        "south": { "uv": [ 0, 10, 8, 12.5 ], "texture": "#book_written" },
        "west":  { "uv": [ 7.5, 0, 16, 10 ], "texture": "#book_written" },
        "east":  { "uv": [ 0, 0, 8, 10 ], "texture": "#book_written" }
    }
},
{
    "__comment": "libro*",
    "from": [ -0.0625, 1, 6 ],
    "to": [ 3.8125, 2, 11.5625 ],
    "rotation": { "origin": [ -0.0625, 1, 6 ], "axis": "y", "angle": 22.5 },
    "faces": {
        "down":  { "uv": [ 7.5, 0, 16, 10 ], "texture": "#book_written" },
        "up":    { "uv": [ 0, 0, 8, 10 ], "texture": "#book_written" },
        "north": { "uv": [ 0, 13, 9, 15 ], "texture": "#book_written" },
        "south": { "uv": [ 0, 10, 8, 12.5 ], "texture": "#book_written" },
        "west":  { "uv": [ 7.5, 0, 16, 10 ], "texture": "#book_written" },
        "east":  { "uv": [ 0, 0, 8, 10 ], "texture": "#book_written" }
    }
},
{
    "__comment": "libro*",
    "from": [ 7.375, 8, 1.5625 ],
    "to": [ 11.25, 9, 7.125 ],
    "rotation": { "origin": [ 7.375, 8, 1.5625 ], "axis": "y", "angle": -45 },
    "faces": {
        "down":  { "uv": [ 7.5, 0, 16, 10 ], "texture": "#book" },
        "up":    { "uv": [ 0, 0, 8, 10 ], "texture": "#book" },
        "north": { "uv": [ 0, 13, 9, 15 ], "texture": "#book" },
        "south": { "uv": [ 0, 10, 8, 12.5 ], "texture": "#book" },
        "west":  { "uv": [ 7.5, 0, 16, 10 ], "texture": "#book" },
        "east":  { "uv": [ 0, 0, 8, 10 ], "texture": "#book" }
    }
}
]
}