{
"__comment": "Designed by Killercreeper55 with BDcraft Cubik PRO 0.96 Beta - http://bdcraft.net",
"textures": {
    "particle": "blocks/verde",
    "texture": "blocks/anvil_top_damaged_1",
    "anvil_base": "blocks/stonebrick",
    "cauldron_inner": "blocks/cauldron_inner",
    "lapis_block": "blocks/brewing_stand_base",
    "basuras": "blocks/basuras"
},
"elements": [ 
{
    "from": [ 3.3125, 0.0625, 4.625 ],
    "to": [ 6.4375, 3.3125, 6.3125 ],
    "rotation": { "origin": [ 3.3125, 0.0625, 4.625 ], "axis": "y", "angle": 22.5 },
    "faces": {
        "down":  { "uv": [ 3, 4, 13.5, 9.5 ], "texture": "#texture" },
        "up":    { "uv": [ 2.5, 2, 13.5, 10 ], "texture": "#texture" },
        "north": { "uv": [ 4.5, 3.5, 11.5, 8 ], "texture": "#texture" },
        "south": { "uv": [ 3, 0.5, 12, 5 ], "texture": "#texture" },
        "west":  { "uv": [ 3.5, 0, 10.5, 5 ], "texture": "#texture" },
        "east":  { "uv": [ 4.5, 3, 10.5, 8 ], "rotation": 90, "texture": "#texture" }
    }
},
{
    "from": [ 12.25, -0.125, 7.125 ],
    "to": [ 17.625, 2.75, 16.6875 ],
    "rotation": { "origin": [ 12.25, -0.125, 7.125 ], "axis": "y", "angle": -22.5 },
    "faces": {
        "down":  { "uv": [ 0, 4, 16, 11.5 ], "texture": "#anvil_base" },
        "up":    { "uv": [ 0, 4, 16, 12 ], "texture": "#anvil_base" },
        "north": { "uv": [ 0, 4, 16, 12 ], "texture": "#anvil_base" },
        "south": { "uv": [ 0, 3.5, 16, 12 ], "texture": "#anvil_base" },
        "west":  { "uv": [ 0, 4.5, 16, 11.5 ], "texture": "#anvil_base" },
        "east":  { "uv": [ 0, 4, 16, 11 ], "texture": "#anvil_base" }
    }
},
{
    "from": [ 11.0625, -0.9375, 4.6875 ],
    "to": [ 12.1875, 0.0625, 6.125 ],
    "rotation": { "origin": [ 11.0625, -0.9375, 4.6875 ], "axis": "y", "angle": -22.5 },
    "faces": {
        "down":  { "uv": [ 12.5, 4, 3.5, 12.5 ], "texture": "#lapis_block" },
        "up":    { "uv": [ 3.5, 4.5, 11, 12 ], "texture": "#lapis_block" },
        "north": { "uv": [ 9, 0, 14, 1 ], "texture": "#lapis_block" },
        "south": { "uv": [ 2, 0, 7, 1 ], "texture": "#lapis_block" },
        "west":  { "uv": [ 3.5, 0, 6, 1 ], "texture": "#lapis_block" },
        "east":  { "uv": [ 10, 0, 12.5, 1 ], "texture": "#lapis_block" }
    }
},
{
    "from": [ 5.0625, 4.4375, 5.25 ],
    "to": [ 7.3125, 5.125, 11.8125 ],
    "rotation": { "origin": [ 5.0625, 5.125, 5.25 ], "axis": "x", "angle": 45 },
    "faces": {
        "down":  { "uv": [ 8.5, 0, 1.5, 16 ], "texture": "#lapis_block" },
        "up":    { "uv": [ 2, 0, 8, 16 ], "texture": "#lapis_block" },
        "north": { "uv": [ 9, 0, 14, 1 ], "texture": "#lapis_block" },
        "south": { "uv": [ 2, 0, 7, 1 ], "texture": "#lapis_block" },
        "west":  { "uv": [ 3.5, 0, 6, 1 ], "texture": "#lapis_block" },
        "east":  { "uv": [ 10, 0, 12.5, 1 ], "texture": "#lapis_block" }
    }
},
{
    "from": [ 17.625, -1.5, 9.375 ],
    "to": [ 22.1875, -0.5, 11.6875 ],
    "rotation": { "origin": [ 17.625, -1.5, 9.375 ], "axis": "y", "angle": 22.5 },
    "faces": {
        "down":  { "uv": [ 14, 10.5, 9, 8 ], "texture": "#texture" },
        "up":    { "uv": [ 1.5, 8, 6.5, 10.5 ], "texture": "#texture" },
        "north": { "uv": [ 9, 0, 14, 1 ], "texture": "#texture" },
        "south": { "uv": [ 2, 0, 7, 1 ], "texture": "#texture" },
        "west":  { "uv": [ 3.5, 0, 6, 1 ], "texture": "#texture" },
        "east":  { "uv": [ 10, 0, 12.5, 1 ], "texture": "#texture" }
    }
},
{
    "from": [ 16, -1.5, 6 ],
    "to": [ 19.8125, -0.5, 8.0625 ],
    "rotation": { "origin": [ 16, -1.5, 6 ], "axis": "y", "angle": 22.5 },
    "faces": {
        "down":  { "uv": [ 14, 10.5, 9, 8 ], "texture": "#texture" },
        "up":    { "uv": [ 1.5, 8, 6.5, 10.5 ], "texture": "#texture" },
        "north": { "uv": [ 9, 0, 14, 1 ], "texture": "#texture" },
        "south": { "uv": [ 2, 0, 7, 1 ], "texture": "#texture" },
        "west":  { "uv": [ 3.5, 0, 6, 1 ], "texture": "#texture" },
        "east":  { "uv": [ 10, 0, 12.5, 1 ], "texture": "#texture" }
    }
}
]
}