{
"__comment": "Designed by Killercreeper55 with BDcraft Cubik PRO 0.93 Beta - http://bdcraft.net",
"textures": {
    "peri�dico": "items/misc/book_written",
    "paper": "blocks/sobres",
    "book": "items/misc/book_written"
},
"elements": [ 
{
    "from": [ 5.625, -0.25, 8 ],
    "to": [ 11.6875, 0.8125, 15.75 ],
    "rotation": { "origin": [ 5.625, 0.8125, 8 ], "axis": "z", "angle": 22.5 },
    "faces": {
        "down":  { "uv": [ 8, 0, 16, 10 ], "rotation": 180, "texture": "#book" },
        "up":    { "uv": [ 8, 0, 16, 10 ], "rotation": 180, "texture": "#book" },
        "north": { "uv": [ 0, 12.5, 10, 15 ], "texture": "#book" },
        "south": { "uv": [ 0, 12.5, 10, 16 ], "texture": "#book" },
        "west":  { "uv": [ 0, 10, 10, 12.5 ], "texture": "#book" },
        "east":  { "uv": [ 0, 12.5, 10, 15 ], "texture": "#book" }
    }
},
{
    "from": [ -3, 0, -0.5 ],
    "to": [ -0.5, 0.0625, 0.875 ],
    "rotation": { "origin": [ -3, 0, -0.5 ], "axis": "y", "angle": 45 },
    "faces": {
        "down":  { "uv": [ 16, 16, 14.5, 14.5 ], "rotation": 180, "texture": "#paper" },
        "up":    { "uv": [ 2.5, 1.5, 7, 3 ], "rotation": 180, "texture": "#peri�dico" },
        "north": { "uv": [ 0, 0, 5.5, 1 ], "texture": "#paper" },
        "south": { "uv": [ 10.5, 0, 16, 1 ], "texture": "#paper" },
        "west":  { "uv": [ 0, 0, 12, 1 ], "texture": "#paper" },
        "east":  { "uv": [ 4, 0, 16, 1 ], "texture": "#paper" }
    }
},
{
    "from": [ 8.5, -0.0625, 4.5 ],
    "to": [ 14.5625, 1, 12.25 ],
    "rotation": { "origin": [ 8.5, -0.0625, 4.5 ], "axis": "y", "angle": 22.5 },
    "faces": {
        "down":  { "uv": [ 8, 0, 16, 10 ], "rotation": 180, "texture": "#book" },
        "up":    { "uv": [ 8, 0, 16, 10 ], "rotation": 180, "texture": "#book" },
        "north": { "uv": [ 0, 12.5, 10, 15 ], "texture": "#book" },
        "south": { "uv": [ 0, 12.5, 10, 16 ], "texture": "#book" },
        "west":  { "uv": [ 0, 10, 10, 12.5 ], "texture": "#book" },
        "east":  { "uv": [ 0, 12.5, 10, 15 ], "texture": "#book" }
    }
}
],
"display": {
    "thirdperson": {
        "rotation": [ 26, 0, 0 ],
        "translation": [ 3.5, 6.6, 5.9 ],
        "scale": [ 1, 1, 1 ]
    }
}
}