{
"__comment": "Designed by Killercreeper55 with BDcraft Cubik PRO 0.93 Beta - http://bdcraft.net",
"textures": {
    "particle": "blocks/door_iron_lower",
    "texture": "blocks/grabadora1",
    "furnace_top": "blocks/door_wood_lower"
},
"elements": [ 
{
    "from": [ 2.625, -0.0625, 2 ],
    "to": [ 13, 2, 9 ],
    "faces": {
        "down":  { "uv": [ 12.5, 12.5, 4.5, 3 ], "rotation": 270, "texture": "#furnace_top" },
        "up":    { "uv": [ 4, 4, 12.5, 13 ], "rotation": 90, "texture": "#furnace_top" },
        "north": { "uv": [ 4, 12.5, 12.875, 14.5 ], "texture": "#furnace_top" },
        "south": { "uv": [ 3.5, 12, 12.375, 14 ], "texture": "#furnace_top" },
        "west":  { "uv": [ 5, 7.5, 12, 9.5 ], "texture": "#furnace_top" },
        "east":  { "uv": [ 3.5, 6.5, 12, 9.5 ], "texture": "#furnace_top" }
    }
},
{
    "from": [ 3.5, 1.375, 2.5 ],
    "to": [ 10, 2.375, 8 ],
    "faces": {
        "down":  { "uv": [ 13, 10.5, 8, 7 ], "rotation": 270, "texture": "#texture" },
        "up":    { "uv": [ 7.5, 7, 14.5, 11.5 ], "rotation": 90, "texture": "#texture" },
        "north": { "uv": [ 6.5, 13.5, 14, 14.5 ], "texture": "#texture" },
        "south": { "uv": [ 6.5, 13.5, 12.5, 14.5 ], "texture": "#texture" },
        "west":  { "uv": [ 6.5, 13.5, 12.3125, 14.5 ], "texture": "#texture" },
        "east":  { "uv": [ 7, 13.5, 12.8125, 14.5 ], "texture": "#texture" }
    }
},
{
    "from": [ 10.25, 2.3125, 2.5 ],
    "to": [ 12, 3.75, 8.5625 ],
    "faces": {
        "down":  { "uv": [ 10.5, 5.5625, 4.4375, 3.8125 ], "rotation": 270, "texture": "#texture" },
        "up":    { "uv": [ 5.5, 3.8125, 11.5625, 5.5625 ], "rotation": 90, "texture": "#texture" },
        "north": { "uv": [ 3.8125, 12.25, 5.5625, 13.6875 ], "texture": "#texture" },
        "south": { "uv": [ 10.4375, 12.25, 12.1875, 13.6875 ], "texture": "#texture" },
        "west":  { "uv": [ 6, 13, 12.0625, 14.4375 ], "texture": "#texture" },
        "east":  { "uv": [ 6.5, 12.5, 12.5625, 13.9375 ], "texture": "#texture" }
    }
},
{
    "from": [ 10.0625, 2.625, 8.3125 ],
    "to": [ 12.25, 3.9375, 10.25 ],
    "rotation": { "origin": [ 10.0625, 3.9375, 8.3125 ], "axis": "x", "angle": 22.5 },
    "faces": {
        "down":  { "uv": [ 10, 9.5, 7.8125, 7.0625 ], "rotation": 270, "texture": "#texture" },
        "up":    { "uv": [ 7.5, 7.5, 9.6875, 9.9375 ], "rotation": 90, "texture": "#texture" },
        "north": { "uv": [ 4.5, 2.5, 6.9375, 3.5 ], "texture": "#texture" },
        "south": { "uv": [ 7.5, 3.5, 9.9375, 4.5 ], "texture": "#texture" },
        "west":  { "uv": [ 4, 0, 6.1875, 1 ], "texture": "#texture" },
        "east":  { "uv": [ 7.5, 8.5, 9.6875, 9.5 ], "texture": "#texture" }
    }
},
{
    "from": [ 10.0625, 1.8125, 0.75 ],
    "to": [ 12.25, 3.125, 2.875 ],
    "rotation": { "origin": [ 10.0625, 3.125, 0.75 ], "axis": "x", "angle": -22.5 },
    "faces": {
        "down":  { "uv": [ 12, 5.875, 9.8125, 3.4375 ], "rotation": 270, "texture": "#texture" },
        "up":    { "uv": [ 7, 7.5, 9.1875, 9.9375 ], "rotation": 90, "texture": "#texture" },
        "north": { "uv": [ 5.5, 4.5, 7.9375, 5.5 ], "texture": "#texture" },
        "south": { "uv": [ 5, 3, 7.4375, 4 ], "texture": "#texture" },
        "west":  { "uv": [ 5.5, 3, 7.6875, 4 ], "texture": "#texture" },
        "east":  { "uv": [ 7, 7, 9.1875, 8 ], "texture": "#texture" }
    }
},
{
    "from": [ 0.1875, -0.125, 8.8125 ],
    "to": [ 4.3125, 0.375, 9.25 ],
    "rotation": { "origin": [ 0.1875, -0.125, 8.8125 ], "axis": "y", "angle": 22.5 },
    "faces": {
        "down":  { "uv": [ 9.6875, 16, 9.25, 13.0625 ], "rotation": 270, "texture": "#texture" },
        "up":    { "uv": [ 6.3125, 13.0625, 6.75, 16 ], "rotation": 90, "texture": "#texture" },
        "north": { "uv": [ 8.5, 14, 11.4375, 14.375 ], "texture": "#texture" },
        "south": { "uv": [ 7, 4, 9.9375, 4.375 ], "texture": "#texture" },
        "west":  { "uv": [ 6.3125, 15.625, 6.75, 16 ], "texture": "#texture" },
        "east":  { "uv": [ 9.25, 15.625, 9.6875, 16 ], "texture": "#texture" }
    }
},
{
    "from": [ 0.4375, -0.0625, 8.8125 ],
    "to": [ 0.875, 0.375, 19.8125 ],
    "rotation": { "origin": [ 0.4375, -0.0625, 8.8125 ], "axis": "y", "angle": -45 },
    "faces": {
        "down":  { "uv": [ 5, 2.5, 9, 4 ], "rotation": 270, "texture": "#texture" },
        "up":    { "uv": [ 5, 3.5, 7.5, 4.5 ], "rotation": 90, "texture": "#texture" },
        "north": { "uv": [ 7.5, 3.5, 9, 5 ], "texture": "#texture" },
        "south": { "uv": [ 6.5, 3, 8, 4.5 ], "texture": "#texture" },
        "west":  { "uv": [ 5, 3, 7.5, 4.5 ], "texture": "#texture" },
        "east":  { "uv": [ 6, 3, 9.5, 4 ], "texture": "#texture" }
    }
},
{
    "from": [ 4.25, 1.6875, 5.75 ],
    "to": [ 7.625, 2.6875, 6.5625 ],
    "faces": {
        "down":  { "uv": [ 12.1875, 10.5, 10.125, 8.3125 ], "texture": "#texture" },
        "up":    { "uv": [ 2, 13, 5, 14.5 ], "texture": "#texture" },
        "north": { "uv": [ 10.125, 13.375, 12.1875, 14.375 ], "texture": "#texture" },
        "south": { "uv": [ 3.8125, 13.375, 5.875, 14.375 ], "texture": "#texture" },
        "west":  { "uv": [ 8.3125, 13.375, 10.5, 14.375 ], "texture": "#texture" },
        "east":  { "uv": [ 5.5, 13.375, 7.6875, 14.375 ], "texture": "#texture" }
    }
}
]
}