{
"__comment": "Designed by Killercreeper55 with BDcraft Cubik PRO 0.96 Beta - http://bdcraft.net",
"textures": {
    "particle": "blocks/verde",
    "texture": "blocks/bricdk",
    "anvil_base": "blocks/brick1",
    "cauldron_inner": "blocks/cauldron_inner",
    "lapis_block": "blocks/noteblock",
    "basuras": "blocks/basuras"
},
"elements": [ 
{
    "from": [ 2, 0, 3.5 ],
    "to": [ 7, 1, 6 ],
    "rotation": { "origin": [ 2, 0, 3.5 ], "axis": "y", "angle": 22.5 },
    "faces": {
        "down":  { "uv": [ 14, 10.5, 9, 8 ], "texture": "#texture" },
        "up":    { "uv": [ 1.5, 8, 6.5, 10.5 ], "texture": "#texture" },
        "north": { "uv": [ 9, 0, 14, 1 ], "texture": "#texture" },
        "south": { "uv": [ 2, 0, 7, 1 ], "texture": "#texture" },
        "west":  { "uv": [ 3.5, 0, 6, 1 ], "texture": "#texture" },
        "east":  { "uv": [ 10, 0, 12.5, 1 ], "texture": "#texture" }
    }
},
{
    "from": [ 8.6875, -0.4375, 3.75 ],
    "to": [ 11.0625, 0.5625, 5.0625 ],
    "rotation": { "origin": [ 8.6875, -0.4375, 3.75 ], "axis": "y", "angle": -22.5 },
    "faces": {
        "down":  { "uv": [ 16, 13, 4.5, 5 ], "texture": "#anvil_base" },
        "up":    { "uv": [ 3, 4.5, 12, 11.5 ], "texture": "#anvil_base" },
        "north": { "uv": [ 9, 0, 14, 1 ], "texture": "#anvil_base" },
        "south": { "uv": [ 2, 0, 7, 1 ], "texture": "#anvil_base" },
        "west":  { "uv": [ 3.5, 0, 6, 1 ], "texture": "#anvil_base" },
        "east":  { "uv": [ 10, 0, 12.5, 1 ], "texture": "#anvil_base" }
    }
},
{
    "from": [ 5.375, -0.4375, 5.625 ],
    "to": [ 7.4375, 0.5625, 8.4375 ],
    "faces": {
        "down":  { "uv": [ 12.5, 4, 3.5, 12.5 ], "texture": "#lapis_block" },
        "up":    { "uv": [ 3.5, 4.5, 11, 12 ], "texture": "#lapis_block" },
        "north": { "uv": [ 9, 0, 14, 1 ], "texture": "#lapis_block" },
        "south": { "uv": [ 2, 0, 7, 1 ], "texture": "#lapis_block" },
        "west":  { "uv": [ 3.5, 0, 6, 1 ], "texture": "#lapis_block" },
        "east":  { "uv": [ 10, 0, 12.5, 1 ], "texture": "#lapis_block" }
    }
},
{
    "from": [ 11.0625, -0.5625, 1.8125 ],
    "to": [ 12.5, 0.4375, 3.8125 ],
    "rotation": { "origin": [ 11.0625, -0.5625, 1.8125 ], "axis": "y", "angle": 45 },
    "faces": {
        "down":  { "uv": [ 12.5, 4, 3.5, 12.5 ], "texture": "#lapis_block" },
        "up":    { "uv": [ 3.5, 4.5, 11, 12 ], "texture": "#lapis_block" },
        "north": { "uv": [ 9, 0, 14, 1 ], "texture": "#lapis_block" },
        "south": { "uv": [ 2, 0, 7, 1 ], "texture": "#lapis_block" },
        "west":  { "uv": [ 3.5, 0, 6, 1 ], "texture": "#lapis_block" },
        "east":  { "uv": [ 10, 0, 12.5, 1 ], "texture": "#lapis_block" }
    }
}
]
}