{
"__comment": "Designed by Killercreeper55 with BDcraft Cubik PRO 0.93 Beta - http://bdcraft.net",
"textures": {
    "particle": "blocks/piston_bottom",
    "texture": "blocks/brick",
    "stone_andesite_smooth": "blocks/stone_andesite_smooth",
    "brick": "blocks/brick"
},
"elements": [ 
{
    "from": [ 0.1875, -0.25, 8.1875 ],
    "to": [ 7.25, 1.5625, 12 ],
    "rotation": { "origin": [ 0.1875, 1.5625, 8.1875 ], "axis": "z", "angle": 22.5 },
    "faces": {
        "down":  { "uv": [ 0.5, 11, 12, 5 ], "texture": "#texture" },
        "up":    { "uv": [ 0, 1, 12, 7 ], "texture": "#texture" },
        "north": { "uv": [ 0, 0, 12.5, 8 ], "texture": "#texture" },
        "south": { "uv": [ 0, 0, 12.5, 8 ], "texture": "#texture" },
        "west":  { "uv": [ 0, 0, 12, 8 ], "texture": "#texture" },
        "east":  { "uv": [ 0, 0, 12.5, 8 ], "texture": "#texture" }
    }
},
{
    "from": [ 8.1875, -0.125, 13.25 ],
    "to": [ 11.9375, 1, 14.8125 ],
    "rotation": { "origin": [ 8.1875, -0.125, 13.25 ], "axis": "y", "angle": 22.5 },
    "faces": {
        "down":  { "uv": [ 0, 0, 4, 8 ], "texture": "#texture" },
        "up":    { "uv": [ 0, 0, 4, 8 ], "texture": "#texture" },
        "north": { "uv": [ 6, 4, 16, 8 ], "texture": "#texture" },
        "south": { "uv": [ 3.5, 4, 16, 8 ], "texture": "#texture" },
        "west":  { "uv": [ 4, 4.5, 8.5, 12 ], "texture": "#texture" },
        "east":  { "uv": [ 4.5, 1.5, 7.5, 8 ], "texture": "#texture" }
    }
},
{
    "from": [ 3.625, -0.0625, 4.25 ],
    "to": [ 6.875, 1.75, 10.25 ],
    "rotation": { "origin": [ 3.625, -0.0625, 4.25 ], "axis": "y", "angle": 22.5 },
    "faces": {
        "down":  { "uv": [ 0, 12, 8.5, 0 ], "texture": "#texture" },
        "up":    { "uv": [ 0, 0, 8, 12 ], "texture": "#texture" },
        "north": { "uv": [ 0, 0, 16, 8 ], "texture": "#texture" },
        "south": { "uv": [ 0, 0, 16, 8 ], "texture": "#texture" },
        "west":  { "uv": [ 0, 0, 16, 8 ], "texture": "#texture" },
        "east":  { "uv": [ 0, 0, 16, 8 ], "texture": "#texture" }
    }
},
{
    "from": [ 10.875, -0.125, 6.375 ],
    "to": [ 13.0625, 0.5625, 7.6875 ],
    "rotation": { "origin": [ 10.875, -0.125, 6.375 ], "axis": "y", "angle": -45 },
    "faces": {
        "down":  { "uv": [ 0, 0, 4, 8 ], "texture": "#texture" },
        "up":    { "uv": [ 0, 0, 4, 8 ], "texture": "#texture" },
        "north": { "uv": [ 6, 4, 16, 8 ], "texture": "#texture" },
        "south": { "uv": [ 3.5, 4, 16, 8 ], "texture": "#texture" },
        "west":  { "uv": [ 4, 4.5, 8.5, 12 ], "texture": "#texture" },
        "east":  { "uv": [ 4.5, 1.5, 7.5, 8 ], "texture": "#texture" }
    }
},
{
    "from": [ 13.4375, -0.125, 3.75 ],
    "to": [ 14.8125, 0.375, 4.5 ],
    "rotation": { "origin": [ 13.4375, -0.125, 3.75 ], "axis": "y", "angle": 45 },
    "faces": {
        "down":  { "uv": [ 0, 0, 4, 8 ], "texture": "#texture" },
        "up":    { "uv": [ 0, 0, 4, 8 ], "texture": "#texture" },
        "north": { "uv": [ 6, 4, 11.5, 8 ], "texture": "#texture" },
        "south": { "uv": [ 3.5, 4, 10, 8 ], "texture": "#texture" },
        "west":  { "uv": [ 4, 4.5, 8.5, 8 ], "texture": "#texture" },
        "east":  { "uv": [ 4.5, 1.5, 7.5, 4 ], "texture": "#texture" }
    }
}
],
"display": {
    "gui": {
        "rotation": [ 0, -1, -17 ],
        "translation": [ 2.1, 4.4, 0 ],
        "scale": [ 1.32, 1.54, 1.45 ]
    }
}
}