{
"__comment": "Designed by Killercreeper55 with BDcraft Cubik PRO 0.96 Beta - http://bdcraft.net",
"textures": {
    "particle": "blocks/verde",
    "texture": "blocks/anvil_top_damaged_1",
    "anvil_base": "blocks/stonebrick",
    "cauldron_inner": "blocks/cauldron_inner",
    "lapis_block": "blocks/brewing_stand_base",
    "basuras": "blocks/basuras"
},
"elements": [ 
{
    "from": [ 1.0625, -0.5, 1.625 ],
    "to": [ 4.1875, 0.5, 3.3125 ],
    "rotation": { "origin": [ 1.0625, -0.5, 1.625 ], "axis": "y", "angle": 22.5 },
    "faces": {
        "down":  { "uv": [ 12, 10, 7, 7.5 ], "texture": "#texture" },
        "up":    { "uv": [ 5, 6, 10, 8.5 ], "texture": "#texture" },
        "north": { "uv": [ 9, 0, 14, 1 ], "texture": "#texture" },
        "south": { "uv": [ 3, 0.5, 8, 1.5 ], "texture": "#texture" },
        "west":  { "uv": [ 3.5, 0, 6, 1 ], "texture": "#texture" },
        "east":  { "uv": [ 10, 0, 12.5, 1 ], "texture": "#texture" }
    }
},
{
    "from": [ 12.875, -0.4375, 13.375 ],
    "to": [ 17.4375, 0.5625, 15.75 ],
    "rotation": { "origin": [ 12.875, -0.4375, 13.375 ], "axis": "y", "angle": -22.5 },
    "faces": {
        "down":  { "uv": [ 16, 13, 4.5, 5 ], "texture": "#anvil_base" },
        "up":    { "uv": [ 3, 4.5, 12, 11.5 ], "texture": "#anvil_base" },
        "north": { "uv": [ 9, 0, 14, 1 ], "texture": "#anvil_base" },
        "south": { "uv": [ 2, 0, 7, 1 ], "texture": "#anvil_base" },
        "west":  { "uv": [ 3.5, 0, 6, 1 ], "texture": "#anvil_base" },
        "east":  { "uv": [ 10, 0, 12.5, 1 ], "texture": "#anvil_base" }
    }
},
{
    "from": [ 5.5, -0.9375, 1.5 ],
    "to": [ 6.625, 0.0625, 2.9375 ],
    "rotation": { "origin": [ 5.5, -0.9375, 1.5 ], "axis": "y", "angle": -22.5 },
    "faces": {
        "down":  { "uv": [ 12.5, 4, 3.5, 12.5 ], "texture": "#lapis_block" },
        "up":    { "uv": [ 3.5, 4.5, 11, 12 ], "texture": "#lapis_block" },
        "north": { "uv": [ 9, 0, 14, 1 ], "texture": "#lapis_block" },
        "south": { "uv": [ 2, 0, 7, 1 ], "texture": "#lapis_block" },
        "west":  { "uv": [ 3.5, 0, 6, 1 ], "texture": "#lapis_block" },
        "east":  { "uv": [ 10, 0, 12.5, 1 ], "texture": "#lapis_block" }
    }
},
{
    "from": [ 2.5, 0.5, 2.3125 ],
    "to": [ 3.9375, 1.1875, 5.0625 ],
    "rotation": { "origin": [ 2.5, 1.1875, 2.3125 ], "axis": "x", "angle": 22.5 },
    "faces": {
        "down":  { "uv": [ 12.5, 4, 3.5, 12.5 ], "texture": "#lapis_block" },
        "up":    { "uv": [ 3.5, 4.5, 11, 12 ], "texture": "#lapis_block" },
        "north": { "uv": [ 9, 0, 14, 1 ], "texture": "#lapis_block" },
        "south": { "uv": [ 2, 0, 7, 1 ], "texture": "#lapis_block" },
        "west":  { "uv": [ 3.5, 0, 6, 1 ], "texture": "#lapis_block" },
        "east":  { "uv": [ 10, 0, 12.5, 1 ], "texture": "#lapis_block" }
    }
},
{
    "from": [ 17.625, -1.5, 9.375 ],
    "to": [ 22.1875, -0.5, 11.6875 ],
    "rotation": { "origin": [ 17.625, -1.5, 9.375 ], "axis": "y", "angle": 22.5 },
    "faces": {
        "down":  { "uv": [ 14, 10.5, 9, 8 ], "texture": "#texture" },
        "up":    { "uv": [ 1.5, 8, 6.5, 10.5 ], "texture": "#texture" },
        "north": { "uv": [ 9, 0, 14, 1 ], "texture": "#texture" },
        "south": { "uv": [ 2, 0, 7, 1 ], "texture": "#texture" },
        "west":  { "uv": [ 3.5, 0, 6, 1 ], "texture": "#texture" },
        "east":  { "uv": [ 10, 0, 12.5, 1 ], "texture": "#texture" }
    }
},
{
    "from": [ 16, -1.5, 6 ],
    "to": [ 19.8125, -0.5, 8.0625 ],
    "rotation": { "origin": [ 16, -1.5, 6 ], "axis": "y", "angle": 22.5 },
    "faces": {
        "down":  { "uv": [ 14, 10.5, 9, 8 ], "texture": "#texture" },
        "up":    { "uv": [ 1.5, 8, 6.5, 10.5 ], "texture": "#texture" },
        "north": { "uv": [ 9, 0, 14, 1 ], "texture": "#texture" },
        "south": { "uv": [ 2, 0, 7, 1 ], "texture": "#texture" },
        "west":  { "uv": [ 3.5, 0, 6, 1 ], "texture": "#texture" },
        "east":  { "uv": [ 10, 0, 12.5, 1 ], "texture": "#texture" }
    }
}
]
}