{
"__comment": "Designed by Killercreeper55 with BDcraft Cubik PRO 0.96 Beta - http://bdcraft.net",
"textures": {
    "particle": "blocks/verde",
    "texture": "blocks/grass_side",
    "anvil_base": "blocks/dirt",
    "cauldron_inner": "blocks/cauldron_inner",
    "lapis_block": "blocks/log_oak",
    "basuras": "blocks/basuras"
},
"elements": [ 
{
    "from": [ 8.75, -0.5, 9.625 ],
    "to": [ 13.75, 0.5, 12.125 ],
    "rotation": { "origin": [ 8.75, -0.5, 9.625 ], "axis": "y", "angle": 22.5 },
    "faces": {
        "down":  { "uv": [ 14, 10.5, 9, 8 ], "texture": "#texture" },
        "up":    { "uv": [ 1.5, 8, 6.5, 10.5 ], "texture": "#texture" },
        "north": { "uv": [ 9, 0, 14, 1 ], "texture": "#texture" },
        "south": { "uv": [ 2, 0, 7, 1 ], "texture": "#texture" },
        "west":  { "uv": [ 3.5, 0, 6, 1 ], "texture": "#texture" },
        "east":  { "uv": [ 10, 0, 12.5, 1 ], "texture": "#texture" }
    }
},
{
    "from": [ 3.0625, -0.4375, 11.4375 ],
    "to": [ 5.4375, 0.5625, 12.75 ],
    "rotation": { "origin": [ 3.0625, -0.4375, 11.4375 ], "axis": "y", "angle": -22.5 },
    "faces": {
        "down":  { "uv": [ 16, 13, 4.5, 5 ], "texture": "#anvil_base" },
        "up":    { "uv": [ 3, 4.5, 12, 11.5 ], "texture": "#anvil_base" },
        "north": { "uv": [ 9, 0, 14, 1 ], "texture": "#anvil_base" },
        "south": { "uv": [ 2, 0, 7, 1 ], "texture": "#anvil_base" },
        "west":  { "uv": [ 3.5, 0, 6, 1 ], "texture": "#anvil_base" },
        "east":  { "uv": [ 10, 0, 12.5, 1 ], "texture": "#anvil_base" }
    }
},
{
    "from": [ 4.4375, -0.9375, 4.5625 ],
    "to": [ 5.8125, 0.0625, 6.8125 ],
    "rotation": { "origin": [ 4.4375, -0.9375, 4.5625 ], "axis": "y", "angle": -22.5 },
    "faces": {
        "down":  { "uv": [ 12.5, 4, 3.5, 12.5 ], "texture": "#lapis_block" },
        "up":    { "uv": [ 3.5, 4.5, 11, 12 ], "texture": "#lapis_block" },
        "north": { "uv": [ 9, 0, 14, 1 ], "texture": "#lapis_block" },
        "south": { "uv": [ 2, 0, 7, 1 ], "texture": "#lapis_block" },
        "west":  { "uv": [ 3.5, 0, 6, 1 ], "texture": "#lapis_block" },
        "east":  { "uv": [ 10, 0, 12.5, 1 ], "texture": "#lapis_block" }
    }
},
{
    "from": [ 11.0625, -0.5625, 1.8125 ],
    "to": [ 12.5, 0.4375, 3.8125 ],
    "rotation": { "origin": [ 11.0625, -0.5625, 1.8125 ], "axis": "y", "angle": 45 },
    "faces": {
        "down":  { "uv": [ 12.5, 4, 3.5, 12.5 ], "texture": "#lapis_block" },
        "up":    { "uv": [ 3.5, 4.5, 11, 12 ], "texture": "#lapis_block" },
        "north": { "uv": [ 9, 0, 14, 1 ], "texture": "#lapis_block" },
        "south": { "uv": [ 2, 0, 7, 1 ], "texture": "#lapis_block" },
        "west":  { "uv": [ 3.5, 0, 6, 1 ], "texture": "#lapis_block" },
        "east":  { "uv": [ 10, 0, 12.5, 1 ], "texture": "#lapis_block" }
    }
},
{
    "from": [ 17.625, -1.5, 9.375 ],
    "to": [ 22.1875, -0.5, 11.6875 ],
    "rotation": { "origin": [ 17.625, -1.5, 9.375 ], "axis": "y", "angle": 22.5 },
    "faces": {
        "down":  { "uv": [ 14, 10.5, 9, 8 ], "texture": "#texture" },
        "up":    { "uv": [ 1.5, 8, 6.5, 10.5 ], "texture": "#texture" },
        "north": { "uv": [ 9, 0, 14, 1 ], "texture": "#texture" },
        "south": { "uv": [ 2, 0, 7, 1 ], "texture": "#texture" },
        "west":  { "uv": [ 3.5, 0, 6, 1 ], "texture": "#texture" },
        "east":  { "uv": [ 10, 0, 12.5, 1 ], "texture": "#texture" }
    }
},
{
    "from": [ 16, -1.5, 6 ],
    "to": [ 19.8125, -0.5, 8.0625 ],
    "rotation": { "origin": [ 16, -1.5, 6 ], "axis": "y", "angle": 22.5 },
    "faces": {
        "down":  { "uv": [ 14, 10.5, 9, 8 ], "texture": "#texture" },
        "up":    { "uv": [ 1.5, 8, 6.5, 10.5 ], "texture": "#texture" },
        "north": { "uv": [ 9, 0, 14, 1 ], "texture": "#texture" },
        "south": { "uv": [ 2, 0, 7, 1 ], "texture": "#texture" },
        "west":  { "uv": [ 3.5, 0, 6, 1 ], "texture": "#texture" },
        "east":  { "uv": [ 10, 0, 12.5, 1 ], "texture": "#texture" }
    }
}
]
}