{
"__comment": "Designed by Killercreeper55 with BDcraft Cubik PRO 0.96 Beta - http://bdcraft.net",
"textures": {
    "particle": "blocks/door_wood_upper",
    "texture": "blocks/glass_lime",
    "grada": "blocks/grada"
},
"elements": [ 
{
    "from": [ -0.5, -0.125, -0.4375 ],
    "to": [ 16.5, 3.9375, 16.6875 ],
    "faces": {
        "down":  { "uv": [ 16, 16, 0, 0 ], "texture": "#texture" },
        "up":    { "uv": [ 0, 0, 16, 16 ], "texture": "#texture" },
        "north": { "uv": [ 0, 12, 16, 16 ], "texture": "#texture" },
        "south": { "uv": [ 0, 12, 16, 16 ], "texture": "#texture" },
        "west":  { "uv": [ 0, 12, 16, 16 ], "texture": "#texture" },
        "east":  { "uv": [ 0, 12, 16, 16 ], "texture": "#texture" }
    }
},
{
    "from": [ 0, 4, 0 ],
    "to": [ 16, 16, 16 ],
    "faces": {
        "down":  { "uv": [ 16, 16, 0, 0 ], "texture": "#texture" },
        "up":    { "uv": [ 0, 0, 16, 16 ], "texture": "#texture" },
        "north": { "uv": [ 0, 0, 16, 12 ], "texture": "#texture" },
        "south": { "uv": [ 0, 0, 16, 12 ], "texture": "#texture" },
        "west":  { "uv": [ 0, 0, 16, 12 ], "texture": "#texture" },
        "east":  { "uv": [ 0, 0, 16, 12 ], "texture": "#texture" }
    }
}
],
"display": {
    "thirdperson_righthand": {
        "rotation": [ -21, 0, 0 ],
        "translation": [ 0, 0, 0 ],
        "scale": [ -0.31, -0.5, 0.57 ]
    },
    "thirdperson_lefthand": {
        "rotation": [ -21, 0, 0 ],
        "translation": [ 0, 0, 0 ],
        "scale": [ -0.31, -0.5, 0.57 ]
    },
    "firstperson_righthand": {
        "rotation": [ 0, 0, 0 ],
        "translation": [ 0, 0, 0 ],
        "scale": [ 0.35, 0.41, 0.22 ]
    },
    "firstperson_lefthand": {
        "rotation": [ 0, 0, 0 ],
        "translation": [ 0, 0, 0 ],
        "scale": [ 0.35, 0.41, 0.22 ]
    },
    "gui": {
        "rotation": [ 10, 23, -1 ],
        "translation": [ 0, 0, 0 ],
        "scale": [ 0.54, 0.66, 0.57 ]
    }
}
}