{
"__comment": "Designed by Killercreeper55 with BDcraft Cubik PRO 0.93 Beta - http://bdcraft.net",
"textures": {
    "particle": "blocks/door_wood_lower",
    "texture": "blocks/door_wood_upper"
},
"elements": [ 
{
    "from": [ 0, 8.5, 0 ],
    "to": [ 1, 17.5, 9 ],
    "faces": {
        "down":  { "uv": [ 0, 0, 16, 16 ], "texture": "#texture" },
        "up":    { "uv": [ 0, 0, 16, 16 ], "texture": "#texture" },
        "north": { "uv": [ 0, 0, 1.5, 16 ], "texture": "#texture" },
        "south": { "uv": [ 0, 0, 1.5, 16 ], "texture": "#texture" },
        "west":  { "uv": [ 0, 0, 16, 16 ], "texture": "#texture" },
        "east":  { "uv": [ 0, 0, 16, 16 ], "texture": "#texture" }
    }
},
{
    "from": [ 0, -0.5, 0 ],
    "to": [ 1, 8.5, 9 ],
    "faces": {
        "down":  { "uv": [ 0, 0, 16, 16 ], "texture": "#particle" },
        "up":    { "uv": [ 0, 0, 16, 16 ], "texture": "#particle" },
        "north": { "uv": [ 0, 0, 1.5, 16 ], "texture": "#particle" },
        "south": { "uv": [ 0, 0, 1.5, 16 ], "texture": "#particle" },
        "west":  { "uv": [ 0, 0, 16, 16 ], "texture": "#particle" },
        "east":  { "uv": [ 0, 0, 16, 16 ], "texture": "#particle" }
    }
}
],
"display": {
    "head": {
        "rotation": [ 0, -90, 0 ],
        "translation": [ -1.3, -4.8, 9.7 ],
        "scale": [ 3.15, 3.18, 3.18 ]
    }
}
}