{
"__comment": "Designed by Killercreeper55 with BDcraft Cubik PRO 0.93 Beta - http://bdcraft.net",
"textures": {
    "door_wood_lowervolteada": "blocks/door_wood_lowervolteada",
    "door_wood_uppervolteada": "blocks/door_wood_lower"
},
"elements": [ 
{
    "from": [ 6.5625, 10, -0.5 ],
    "to": [ 8, 11.5, 16.4375 ],
    "faces": {
        "down":  { "uv": [ 13, 9.5, 2.5, 8.5 ], "rotation": 270, "texture": "#door_wood_uppervolteada" },
        "up":    { "uv": [ 2.5, 8, 13.5, 9 ], "rotation": 90, "texture": "#door_wood_uppervolteada" },
        "north": { "uv": [ 7.5, 9, 8.9375, 10.5 ], "texture": "#door_wood_uppervolteada" },
        "south": { "uv": [ 7.0625, 9, 8.5, 10.5 ], "texture": "#door_wood_uppervolteada" },
        "west":  { "uv": [ 2.5, 9, 13, 10.5 ], "texture": "#door_wood_uppervolteada" },
        "east":  { "uv": [ 2, 8.5, 12, 9.5 ], "texture": "#door_wood_uppervolteada" }
    }
},
{
    "from": [ 9.0625, 13.5, -0.5 ],
    "to": [ 10.5, 15, 16.4375 ],
    "faces": {
        "down":  { "uv": [ 13.5, 9.5, 2.5, 8 ], "rotation": 270, "texture": "#door_wood_uppervolteada" },
        "up":    { "uv": [ 3.5, 8, 14, 10 ], "rotation": 90, "texture": "#door_wood_uppervolteada" },
        "north": { "uv": [ 6.5, 7.5, 7.9375, 9 ], "texture": "#door_wood_uppervolteada" },
        "south": { "uv": [ 9, 7, 10.4375, 8.5 ], "texture": "#door_wood_uppervolteada" },
        "west":  { "uv": [ 3.5, 13, 13.5, 14.5 ], "texture": "#door_wood_uppervolteada" },
        "east":  { "uv": [ 4.5, 12.5, 13.5, 14 ], "texture": "#door_wood_uppervolteada" }
    }
}
]
}