{
"__comment": "Designed by Killercreeper55 with BDcraft Cubik PRO 0.93 Beta - http://bdcraft.net",
"textures": {
    "door_wood_lowervolteada": "blocks/door_wood_lowervolteada",
    "door_wood_uppervolteada": "blocks/door_wood_lower"
},
"elements": [ 
{
    "from": [ -0.5, 10, 8.0625 ],
    "to": [ 6.625, 11.5, 9.5 ],
    "faces": {
        "down":  { "uv": [ 13, 9.5, 2.5, 8.5 ], "texture": "#door_wood_uppervolteada" },
        "up":    { "uv": [ 2.5, 8, 13.5, 9 ], "texture": "#door_wood_uppervolteada" },
        "north": { "uv": [ 2, 8.5, 12, 9.5 ], "texture": "#door_wood_uppervolteada" },
        "south": { "uv": [ 2.5, 9, 13, 10.5 ], "texture": "#door_wood_uppervolteada" },
        "west":  { "uv": [ 7.5, 9, 8.9375, 10.5 ], "texture": "#door_wood_uppervolteada" },
        "east":  { "uv": [ 7.0625, 9, 8.5, 10.5 ], "texture": "#door_wood_uppervolteada" }
    }
},
{
    "from": [ -0.5, 13.5, 5.5625 ],
    "to": [ 5, 15, 7.0625 ],
    "faces": {
        "down":  { "uv": [ 13.5, 9.5, 2.5, 8 ], "texture": "#door_wood_uppervolteada" },
        "up":    { "uv": [ 3.5, 8, 14, 10 ], "texture": "#door_wood_uppervolteada" },
        "north": { "uv": [ 4.5, 12.5, 13.5, 14 ], "texture": "#door_wood_uppervolteada" },
        "south": { "uv": [ 3.5, 13, 13.5, 14.5 ], "texture": "#door_wood_uppervolteada" },
        "west":  { "uv": [ 6.5, 7.5, 7.9375, 9 ], "texture": "#door_wood_uppervolteada" },
        "east":  { "uv": [ 9, 7, 10.4375, 8.5 ], "texture": "#door_wood_uppervolteada" }
    }
},
{
    "from": [ 4.4375, 10, 5.75 ],
    "to": [ 6.4375, 11.5, 7.125 ],
    "rotation": { "origin": [ 4.4375, 10, 5.75 ], "axis": "y", "angle": 22.5 },
    "faces": {
        "down":  { "uv": [ 13, 9.5, 2.5, 8.5 ], "texture": "#door_wood_uppervolteada" },
        "up":    { "uv": [ 2.5, 8, 13.5, 9 ], "texture": "#door_wood_uppervolteada" },
        "north": { "uv": [ 2, 8.5, 12, 9.5 ], "texture": "#door_wood_uppervolteada" },
        "south": { "uv": [ 2.5, 9, 13, 10.5 ], "texture": "#door_wood_uppervolteada" },
        "west":  { "uv": [ 7.5, 9, 8.9375, 10.5 ], "texture": "#door_wood_uppervolteada" },
        "east":  { "uv": [ 7.0625, 9, 8.5, 10.5 ], "texture": "#door_wood_uppervolteada" }
    }
},
{
    "from": [ 5.9375, 10, 5.25 ],
    "to": [ 7.625, 11.5, 6.5 ],
    "rotation": { "origin": [ 5.9375, 10, 5.25 ], "axis": "y", "angle": 45 },
    "faces": {
        "down":  { "uv": [ 13, 9.5, 2.5, 8.5 ], "texture": "#door_wood_uppervolteada" },
        "up":    { "uv": [ 2.5, 8, 13.5, 9 ], "texture": "#door_wood_uppervolteada" },
        "north": { "uv": [ 2, 8.5, 12, 9.5 ], "texture": "#door_wood_uppervolteada" },
        "south": { "uv": [ 2.5, 9, 13, 10.5 ], "texture": "#door_wood_uppervolteada" },
        "west":  { "uv": [ 7.5, 9, 8.9375, 10.5 ], "texture": "#door_wood_uppervolteada" },
        "east":  { "uv": [ 7.0625, 9, 8.5, 10.5 ], "texture": "#door_wood_uppervolteada" }
    }
},
{
    "from": [ 7.125, 10, -0.0625 ],
    "to": [ 8.625, 11.5, 3.4375 ],
    "faces": {
        "down":  { "uv": [ 13, 9.5, 2.5, 8.5 ], "texture": "#door_wood_uppervolteada" },
        "up":    { "uv": [ 2.5, 8, 13.5, 9 ], "texture": "#door_wood_uppervolteada" },
        "north": { "uv": [ 2, 8.5, 12, 9.5 ], "texture": "#door_wood_uppervolteada" },
        "south": { "uv": [ 2.5, 9, 13, 10.5 ], "texture": "#door_wood_uppervolteada" },
        "west":  { "uv": [ 7.5, 9, 8.9375, 10.5 ], "texture": "#door_wood_uppervolteada" },
        "east":  { "uv": [ 7.0625, 9, 8.5, 10.5 ], "texture": "#door_wood_uppervolteada" }
    }
},
{
    "from": [ 7.25, 10, 2.9375 ],
    "to": [ 8.625, 11.5, 4.6875 ],
    "rotation": { "origin": [ 7.25, 10, 2.9375 ], "axis": "y", "angle": -22.5 },
    "faces": {
        "down":  { "uv": [ 13, 9.5, 2.5, 8.5 ], "texture": "#door_wood_uppervolteada" },
        "up":    { "uv": [ 2.5, 8, 13.5, 9 ], "texture": "#door_wood_uppervolteada" },
        "north": { "uv": [ 2, 8.5, 12, 9.5 ], "texture": "#door_wood_uppervolteada" },
        "south": { "uv": [ 2.5, 9, 13, 10.5 ], "texture": "#door_wood_uppervolteada" },
        "west":  { "uv": [ 7.5, 9, 8.9375, 10.5 ], "texture": "#door_wood_uppervolteada" },
        "east":  { "uv": [ 7.0625, 9, 8.5, 10.5 ], "texture": "#door_wood_uppervolteada" }
    }
}
]
}