{
"__comment":"This model has been generated using Fizzy's animated model generator",
"display": {
	"head": {
		"rotation": [ 180, 180, 0 ],
		"translation": [ 2.5, 0, 0 ],
		"scale": [ 1.6, 1.6, 1.6 ]
	}
},
"textures":{
	"texture":"blocks/Shark"
},
"elements":[
{"name":"main body","from":[4,5,-2],"to":[18,13,13],"faces":{"north":{"texture":"texture","uv":[0.5,3,6,5.5],"rotation":180},"east":{"texture":"texture","uv":[0.5,3,5.5,5.5]},"south":{"texture":"texture","uv":[0,3.5,5.5,5.5]},"west":{"texture":"texture","uv":[0.5,3,5.5,5.5]},"up":{"texture":"texture","uv":[1,3.5,5.5,5.5]},"down":{"texture":"texture","uv":[1,3,5.5,6]}}},{"name":"top head","from":[7,4,-4],"to":[15,7,15],"faces":{"north":{"texture":"texture","uv":[0,3.5,5,5]},"east":{"texture":"texture","uv":[1,3.5,5,5]},"south":{"texture":"texture","uv":[0.5,3,5.5,4.5]},"west":{"texture":"texture","uv":[1,3,5,4.5]},"up":{"texture":"texture","uv":[0.5,3,5.5,5]},"down":{"texture":"texture","uv":[0.5,3,5.5,5.5]}}},{"name":"tail p1","from":[6,5,11],"to":[16,12,22],"faces":{"north":{"texture":"texture","uv":[1.5,3,6.5,5.5]},"east":{"texture":"texture","uv":[1,3,5,5]},"south":{"texture":"texture","uv":[1,3,6,5]},"west":{"texture":"texture","uv":[1.5,3,5,5]},"up":{"texture":"texture","uv":[0.5,3.5,6,5.5]},"down":{"texture":"texture","uv":[1.5,3.5,6,6]}}},{"name":"tail p2","from":[7,7,19],"to":[15,12,26],"faces":{"north":{"texture":"texture","uv":[0.5,3,6,5.5]},"east":{"texture":"texture","uv":[1.5,3.5,5.5,6]},"south":{"texture":"texture","uv":[0.5,3,6,5.5]},"west":{"texture":"texture","uv":[1.5,3.5,5.5,6]},"up":{"texture":"texture","uv":[0.5,3.5,5,5.5]},"down":{"texture":"texture","uv":[1.5,3.5,6.5,5.5]}}},{"name":"eye","from":[5,5,-7],"to":[17,12,0],"faces":{"north":{"texture":"texture","uv":[0.5,3,5,5.5],"rotation":180,"cullface":"north"},"east":{"texture":"texture","uv":[1.5,1.5,5,4.5],"rotation":180},"south":{"texture":"texture","uv":[5.5,3.5,0.5,6.5],"rotation":180},"west":{"texture":"texture","uv":[0.5,1.5,4,4.5],"rotation":180,"cullface":"west"},"up":{"texture":"texture","uv":[5.5,3,1,4.5]},"down":{"texture":"texture","uv":[0.5,3,5.5,5.5]}}},{"name":"top fin","from":[10,0,1],"to":[12,10,7],"rotation":{"origin":[8,8,8],"axis":"x","angle":-45},"faces":{"north":{"texture":"texture","uv":[1,4,3,7]},"east":{"texture":"texture","uv":[5.5,1.5,5,6.5]},"south":{"texture":"texture","uv":[1.5,4,4.5,5.5]},"west":{"texture":"texture","uv":[4,1.5,4.5,4.5]},"up":{"texture":"texture","uv":[0,4,5.5,4.5]},"down":{"texture":"texture","uv":[0,4,5.5,4.5]}}},{"name":"nose","from":[6,5,-11],"to":[16,10,-1],"faces":{"north":{"texture":"texture","uv":[1,3.5,6.5,6]},"east":{"texture":"texture","uv":[1,4.5,6,7]},"south":{"texture":"texture","uv":[0.5,4,6,6.5]},"west":{"texture":"texture","uv":[1,4,6,6.5]},"up":{"texture":"texture","uv":[2,3.5,6,7]},"down":{"texture":"texture","uv":[2,4,6,6]}}},{"name":"tail p3","from":[8,8,19],"to":[14,11,30],"faces":{"north":{"texture":"texture","uv":[0.5,4.5,6,6]},"east":{"texture":"texture","uv":[2,5,5,6.5]},"south":{"texture":"texture","uv":[0.5,3,6,4.5]},"west":{"texture":"texture","uv":[1,3.5,4,5]},"up":{"texture":"texture","uv":[0.5,3.5,6,6.5]},"down":{"texture":"texture","uv":[0.5,3.5,6,6.5]}}},{"name":"back fin","from":[11,23,23],"to":[12,27,31],"rotation":{"origin":[8,8,8],"axis":"x","angle":45},"faces":{"north":{"texture":"texture","uv":[2.5,5.5,7.5,7.5]},"east":{"texture":"texture","uv":[7.5,1,8,3]},"south":{"texture":"texture","uv":[2.5,6,7.5,8]},"west":{"texture":"texture","uv":[7,1,7.5,3]},"up":{"texture":"texture","uv":[1.5,7,6.5,7.5]},"down":{"texture":"texture","uv":[1.5,5,6.5,5.5]}}},{"name":"side fin","from":[14,1,2],"to":[21,2,9],"rotation":{"origin":[8,8,8],"axis":"z","angle":45},"faces":{"north":{"texture":"texture","uv":[0.5,6.5,4,7]},"east":{"texture":"texture","uv":[0.5,6.5,5,7]},"south":{"texture":"texture","uv":[3.5,6.5,7,7]},"west":{"texture":"texture","uv":[3.5,6.5,8,7]},"up":{"texture":"texture","uv":[4,3,7.5,7.5]},"down":{"texture":"texture","uv":[4,3,7.5,7.5]}}},{"name":"back fin 2","from":[11,-8,23],"to":[12,-4,31],"rotation":{"origin":[8,8,8],"axis":"x","angle":-45},"faces":{"north":{"texture":"texture","uv":[2,5.5,7,7.5]},"east":{"texture":"texture","uv":[7,1,7.5,3]},"south":{"texture":"texture","uv":[2,6,7,8]},"west":{"texture":"texture","uv":[5,4,5.5,6]},"up":{"texture":"texture","uv":[0.5,3.5,5.5,4]},"down":{"texture":"texture","uv":[0.5,3.5,5.5,4]}}},{"name":"small top","from":[10,-6,12],"to":[12,2,15],"rotation":{"origin":[8,8,8],"axis":"x","angle":-45},"faces":{"north":{"texture":"texture","uv":[0.5,2.5,6,5.5]},"east":{"texture":"texture","uv":[5,3,5.5,6]},"south":{"texture":"texture","uv":[2.5,4.5,8,7.5]},"west":{"texture":"texture","uv":[6.5,3.5,6.5,5.5]},"up":{"texture":"texture","uv":[0.5,4.5,6,5]},"down":{"texture":"texture","uv":[0,4,5.5,4.5]}}},{"name":"side fin 2","from":[-1,5,3],"to":[6,6,10],"rotation":{"origin":[8,8,8],"axis":"z","angle":-45},"faces":{"north":{"texture":"texture","uv":[0.5,3,4,3.5]},"east":{"texture":"texture","uv":[0.5,3.5,5,4]},"south":{"texture":"texture","uv":[1,3.5,4.5,4]},"west":{"texture":"texture","uv":[1,3.5,5.5,4]},"up":{"texture":"texture","uv":[4,3,7.5,7.5]},"down":{"texture":"texture","uv":[4.5,2.5,8,7]}}},{"name":"lip","from":[7,10,-11],"to":[15,12,-4],"faces":{"north":{"texture":"texture","uv":[1,0,7.5,1],"rotation":180},"east":{"texture":"texture","uv":[1,0,7.5,1],"rotation":180},"south":{"texture":"texture","uv":[0.5,3,5.5,6]},"west":{"texture":"texture","uv":[1,0,7.5,1],"rotation":180},"up":{"texture":"texture","uv":[1,3,5.5,5.5]},"down":{"texture":"texture","uv":[0,3,5.5,6]}}},{"name":"main body","from":[4,5,-2],"to":[18,13,13],"faces":{"north":{"texture":"texture","uv":[8.5,3,14,5.5],"rotation":180},"east":{"texture":"texture","uv":[8.5,3,13.5,5.5]},"south":{"texture":"texture","uv":[8,3.5,13.5,5.5]},"west":{"texture":"texture","uv":[8.5,3,13.5,5.5]},"up":{"texture":"texture","uv":[9,3.5,13.5,5.5]},"down":{"texture":"texture","uv":[9,3,13.5,6]}}},{"name":"top head","from":[7,4,-4],"to":[15,7,15],"faces":{"north":{"texture":"texture","uv":[8,3.5,13,5]},"east":{"texture":"texture","uv":[9,3.5,13,5]},"south":{"texture":"texture","uv":[8.5,3,13.5,4.5]},"west":{"texture":"texture","uv":[9,3,13,4.5]},"up":{"texture":"texture","uv":[8.5,3,13.5,5]},"down":{"texture":"texture","uv":[8.5,3,13.5,5.5]}}},{"name":"tail p1","from":[4,5,11],"to":[14,12,22],"rotation":{"origin":[8,8,8],"axis":"y","angle":22.5},"faces":{"north":{"texture":"texture","uv":[9.5,3,14.5,5.5]},"east":{"texture":"texture","uv":[9,3,13,5]},"south":{"texture":"texture","uv":[9,3,14,5]},"west":{"texture":"texture","uv":[9.5,3,13,5]},"up":{"texture":"texture","uv":[8.5,3.5,14,5.5]},"down":{"texture":"texture","uv":[9.5,3.5,14,6]}}},{"name":"tail p2","from":[5,7,19],"to":[13,12,26],"rotation":{"origin":[8,8,8],"axis":"y","angle":22.5},"faces":{"north":{"texture":"texture","uv":[8.5,3,14,5.5]},"east":{"texture":"texture","uv":[9.5,3.5,13.5,6]},"south":{"texture":"texture","uv":[8.5,3,14,5.5]},"west":{"texture":"texture","uv":[9.5,3.5,13.5,6]},"up":{"texture":"texture","uv":[8.5,3.5,13,5.5]},"down":{"texture":"texture","uv":[9.5,3.5,14.5,5.5]}}},{"name":"eye","from":[5,5,-7],"to":[17,12,0],"faces":{"north":{"texture":"texture","uv":[8.5,3,13,5.5],"rotation":180,"cullface":"north"},"east":{"texture":"texture","uv":[9.5,1.5,13,4.5],"rotation":180},"south":{"texture":"texture","uv":[13.5,3.5,8.5,6.5],"rotation":180},"west":{"texture":"texture","uv":[8.5,1.5,12,4.5],"rotation":180,"cullface":"west"},"up":{"texture":"texture","uv":[13.5,3,9,4.5]},"down":{"texture":"texture","uv":[8.5,3,13.5,5.5]}}},{"name":"top fin","from":[10,0,1],"to":[12,10,7],"rotation":{"origin":[8,8,8],"axis":"x","angle":-45},"faces":{"north":{"texture":"texture","uv":[9,4,11,7]},"east":{"texture":"texture","uv":[13.5,1.5,13,6.5]},"south":{"texture":"texture","uv":[9.5,4,12.5,5.5]},"west":{"texture":"texture","uv":[12,1.5,12.5,4.5]},"up":{"texture":"texture","uv":[8,4,13.5,4.5]},"down":{"texture":"texture","uv":[8,4,13.5,4.5]}}},{"name":"nose","from":[6,5,-11],"to":[16,10,-1],"faces":{"north":{"texture":"texture","uv":[9,4.5,14.5,7.5]},"east":{"texture":"texture","uv":[9,4.5,14,7]},"south":{"texture":"texture","uv":[8.5,4,14,6.5]},"west":{"texture":"texture","uv":[9,4,14,6.5]},"up":{"texture":"texture","uv":[10,3.5,14,7]},"down":{"texture":"texture","uv":[10,4,14,6]}}},{"name":"tail p3","from":[6,8,19],"to":[12,11,30],"rotation":{"origin":[8,8,8],"axis":"y","angle":22.5},"faces":{"north":{"texture":"texture","uv":[8.5,4.5,14,6]},"east":{"texture":"texture","uv":[10,5,13,6.5]},"south":{"texture":"texture","uv":[8.5,3,14,4.5]},"west":{"texture":"texture","uv":[9,3.5,12,5]},"up":{"texture":"texture","uv":[8.5,3.5,14,6.5]},"down":{"texture":"texture","uv":[8.5,3.5,14,6.5]}}},{"name":"back fin","from":[16,20,19],"to":[17,24,27],"rotation":{"origin":[8,8,8],"axis":"x","angle":45},"faces":{"north":{"texture":"texture","uv":[10.5,5.5,15.5,7.5]},"east":{"texture":"texture","uv":[15.5,1,16,3]},"south":{"texture":"texture","uv":[10.5,6,15.5,8]},"west":{"texture":"texture","uv":[15,1,15.5,3]},"up":{"texture":"texture","uv":[9.5,7,14.5,7.5]},"down":{"texture":"texture","uv":[9.5,5,14.5,5.5]}}},{"name":"side fin","from":[14,1,2],"to":[21,2,9],"rotation":{"origin":[8,8,8],"axis":"z","angle":45},"faces":{"north":{"texture":"texture","uv":[8.5,6.5,12,7]},"east":{"texture":"texture","uv":[8.5,6.5,13,7]},"south":{"texture":"texture","uv":[11.5,6.5,15,7]},"west":{"texture":"texture","uv":[11.5,6.5,16,7]},"up":{"texture":"texture","uv":[12,3,15.5,7.5]},"down":{"texture":"texture","uv":[12,3,15.5,7.5]}}},{"name":"back fin 2","from":[16,-6,20],"to":[17,-2,28],"rotation":{"origin":[8,8,8],"axis":"x","angle":-45},"faces":{"north":{"texture":"texture","uv":[10,5.5,15,7.5]},"east":{"texture":"texture","uv":[15,1,15.5,3]},"south":{"texture":"texture","uv":[10,6,15,8]},"west":{"texture":"texture","uv":[13,4,13.5,6]},"up":{"texture":"texture","uv":[8.5,3.5,13.5,4]},"down":{"texture":"texture","uv":[8.5,3.5,13.5,4]}}},{"name":"small top","from":[14,-6,12],"to":[16,2,15],"rotation":{"origin":[8,8,8],"axis":"x","angle":-45},"faces":{"north":{"texture":"texture","uv":[8.5,2.5,14,5.5]},"east":{"texture":"texture","uv":[13,3,13.5,6]},"south":{"texture":"texture","uv":[10.5,4.5,16,7.5]},"west":{"texture":"texture","uv":[14.5,3.5,14.5,5.5]},"up":{"texture":"texture","uv":[8.5,4.5,14,5]},"down":{"texture":"texture","uv":[8,4,13.5,4.5]}}},{"name":"side fin 2","from":[-1,5,3],"to":[6,6,10],"rotation":{"origin":[8,8,8],"axis":"z","angle":-45},"faces":{"north":{"texture":"texture","uv":[8.5,3,12,3.5]},"east":{"texture":"texture","uv":[8.5,3.5,13,4]},"south":{"texture":"texture","uv":[9,3.5,12.5,4]},"west":{"texture":"texture","uv":[9,3.5,13.5,4]},"up":{"texture":"texture","uv":[12,3,15.5,7.5]},"down":{"texture":"texture","uv":[12.5,2.5,16,7]}}},{"name":"lip","from":[7,-2,-8],"to":[15,0,-1],"rotation":{"origin":[8,8,8],"axis":"x","angle":45},"faces":{"north":{"texture":"texture","uv":[9,0,15.5,1],"rotation":180},"east":{"texture":"texture","uv":[9,0,15.5,1],"rotation":180},"south":{"texture":"texture","uv":[8.5,3,13.5,6]},"west":{"texture":"texture","uv":[9,0,15.5,1],"rotation":180},"up":{"texture":"texture","uv":[9,3,13.5,5.5]},"down":{"texture":"texture","uv":[8,3,13.5,6]}}},{"name":"main body","from":[4,5,-2],"to":[18,13,13],"faces":{"north":{"texture":"texture","uv":[0.5,11,6,13.5],"rotation":180},"east":{"texture":"texture","uv":[0.5,11,5.5,13.5]},"south":{"texture":"texture","uv":[0,11.5,5.5,13.5]},"west":{"texture":"texture","uv":[0.5,11,5.5,13.5]},"up":{"texture":"texture","uv":[1,11.5,5.5,13.5]},"down":{"texture":"texture","uv":[1,11,5.5,14]}}},{"name":"top head","from":[7,4,-4],"to":[15,7,15],"faces":{"north":{"texture":"texture","uv":[0,11.5,5,13]},"east":{"texture":"texture","uv":[1,11.5,5,13]},"south":{"texture":"texture","uv":[0.5,11,5.5,12.5]},"west":{"texture":"texture","uv":[1,11,5,12.5]},"up":{"texture":"texture","uv":[0.5,11,5.5,13]},"down":{"texture":"texture","uv":[0.5,11,5.5,13.5]}}},{"name":"tail p1","from":[6,5,11],"to":[16,12,22],"faces":{"north":{"texture":"texture","uv":[1.5,11,6.5,13.5]},"east":{"texture":"texture","uv":[1,11,5,13]},"south":{"texture":"texture","uv":[1,11,6,13]},"west":{"texture":"texture","uv":[1.5,11,5,13]},"up":{"texture":"texture","uv":[0.5,11.5,6,13.5]},"down":{"texture":"texture","uv":[1.5,11.5,6,14]}}},{"name":"tail p2","from":[7,7,19],"to":[15,12,26],"faces":{"north":{"texture":"texture","uv":[0.5,11,6,13.5]},"east":{"texture":"texture","uv":[1.5,11.5,5.5,14]},"south":{"texture":"texture","uv":[0.5,11,6,13.5]},"west":{"texture":"texture","uv":[1.5,11.5,5.5,14]},"up":{"texture":"texture","uv":[0.5,11.5,5,13.5]},"down":{"texture":"texture","uv":[1.5,11.5,6.5,13.5]}}},{"name":"eye","from":[5,5,-7],"to":[17,12,0],"faces":{"north":{"texture":"texture","uv":[0.5,11,5,13.5],"rotation":180,"cullface":"north"},"east":{"texture":"texture","uv":[1.5,9.5,5,12.5],"rotation":180},"south":{"texture":"texture","uv":[5.5,11.5,0.5,14.5],"rotation":180},"west":{"texture":"texture","uv":[0.5,9.5,4,12.5],"rotation":180,"cullface":"west"},"up":{"texture":"texture","uv":[5.5,11,1,12.5]},"down":{"texture":"texture","uv":[0.5,11,5.5,13.5]}}},{"name":"top fin","from":[10,0,1],"to":[12,10,7],"rotation":{"origin":[8,8,8],"axis":"x","angle":-45},"faces":{"north":{"texture":"texture","uv":[1,12,3,15]},"east":{"texture":"texture","uv":[5.5,9.5,5,14.5]},"south":{"texture":"texture","uv":[1.5,12,4.5,13.5]},"west":{"texture":"texture","uv":[4,9.5,4.5,12.5]},"up":{"texture":"texture","uv":[0,12,5.5,12.5]},"down":{"texture":"texture","uv":[0,12,5.5,12.5]}}},{"name":"nose","from":[6,5,-11],"to":[16,10,-1],"faces":{"north":{"texture":"texture","uv":[1,11.5,6.5,14]},"east":{"texture":"texture","uv":[1,12.5,6,15]},"south":{"texture":"texture","uv":[0.5,12,6,14.5]},"west":{"texture":"texture","uv":[1,12,6,14.5]},"up":{"texture":"texture","uv":[2,11.5,6,15]},"down":{"texture":"texture","uv":[2,12,6,14]}}},{"name":"tail p3","from":[8,8,19],"to":[14,11,30],"faces":{"north":{"texture":"texture","uv":[0.5,12.5,6,14]},"east":{"texture":"texture","uv":[2,13,5,14.5]},"south":{"texture":"texture","uv":[0.5,11,6,12.5]},"west":{"texture":"texture","uv":[1,11.5,4,13]},"up":{"texture":"texture","uv":[0.5,11.5,6,14.5]},"down":{"texture":"texture","uv":[0.5,11.5,6,14.5]}}},{"name":"back fin","from":[11,23,23],"to":[12,27,31],"rotation":{"origin":[8,8,8],"axis":"x","angle":45},"faces":{"north":{"texture":"texture","uv":[2.5,13.5,7.5,15.5]},"east":{"texture":"texture","uv":[7.5,9,8,11]},"south":{"texture":"texture","uv":[2.5,14,7.5,16]},"west":{"texture":"texture","uv":[7,9,7.5,11]},"up":{"texture":"texture","uv":[1.5,15,6.5,15.5]},"down":{"texture":"texture","uv":[1.5,13,6.5,13.5]}}},{"name":"side fin","from":[14,1,2],"to":[21,2,9],"rotation":{"origin":[8,8,8],"axis":"z","angle":45},"faces":{"north":{"texture":"texture","uv":[0.5,14.5,4,15]},"east":{"texture":"texture","uv":[0.5,14.5,5,15]},"south":{"texture":"texture","uv":[3.5,14.5,7,15]},"west":{"texture":"texture","uv":[3.5,14.5,8,15]},"up":{"texture":"texture","uv":[4,11,7.5,15.5]},"down":{"texture":"texture","uv":[4,11,7.5,15.5]}}},{"name":"back fin 2","from":[11,-8,23],"to":[12,-4,31],"rotation":{"origin":[8,8,8],"axis":"x","angle":-45},"faces":{"north":{"texture":"texture","uv":[2,13.5,7,15.5]},"east":{"texture":"texture","uv":[7,9,7.5,11]},"south":{"texture":"texture","uv":[2,14,7,16]},"west":{"texture":"texture","uv":[5,12,5.5,14]},"up":{"texture":"texture","uv":[0.5,11.5,5.5,12]},"down":{"texture":"texture","uv":[0.5,11.5,5.5,12]}}},{"name":"small top","from":[10,-6,12],"to":[12,2,15],"rotation":{"origin":[8,8,8],"axis":"x","angle":-45},"faces":{"north":{"texture":"texture","uv":[0.5,10.5,6,13.5]},"east":{"texture":"texture","uv":[5,11,5.5,14]},"south":{"texture":"texture","uv":[2.5,12.5,8,15.5]},"west":{"texture":"texture","uv":[6.5,11.5,6.5,13.5]},"up":{"texture":"texture","uv":[0.5,12.5,6,13]},"down":{"texture":"texture","uv":[0,12,5.5,12.5]}}},{"name":"side fin 2","from":[-1,5,3],"to":[6,6,10],"rotation":{"origin":[8,8,8],"axis":"z","angle":-45},"faces":{"north":{"texture":"texture","uv":[0.5,11,4,11.5]},"east":{"texture":"texture","uv":[0.5,11.5,5,12]},"south":{"texture":"texture","uv":[1,11.5,4.5,12]},"west":{"texture":"texture","uv":[1,11.5,5.5,12]},"up":{"texture":"texture","uv":[4,11,7.5,15.5]},"down":{"texture":"texture","uv":[4.5,10.5,8,15]}}},{"name":"lip","from":[7,10,-11],"to":[15,12,-4],"faces":{"north":{"texture":"texture","uv":[1,8,7.5,9],"rotation":180},"east":{"texture":"texture","uv":[1,8,7.5,9],"rotation":180},"south":{"texture":"texture","uv":[0.5,11,5.5,14]},"west":{"texture":"texture","uv":[1,8,7.5,9],"rotation":180},"up":{"texture":"texture","uv":[1,11,5.5,13.5]},"down":{"texture":"texture","uv":[0,11,5.5,14]}}},{"name":"main body","from":[4,5,-2],"to":[18,13,13],"faces":{"north":{"texture":"texture","uv":[8.5,11,14,13.5],"rotation":180},"east":{"texture":"texture","uv":[8.5,11,13.5,13.5]},"south":{"texture":"texture","uv":[8,11.5,13.5,13.5]},"west":{"texture":"texture","uv":[8.5,11,13.5,13.5]},"up":{"texture":"texture","uv":[9,11.5,13.5,13.5]},"down":{"texture":"texture","uv":[9,11,13.5,14]}}},{"name":"top head","from":[7,4,-4],"to":[15,7,15],"faces":{"north":{"texture":"texture","uv":[8,11.5,13,13]},"east":{"texture":"texture","uv":[9,11.5,13,13]},"south":{"texture":"texture","uv":[8.5,11,13.5,12.5]},"west":{"texture":"texture","uv":[9,11,13,12.5]},"up":{"texture":"texture","uv":[8.5,11,13.5,13]},"down":{"texture":"texture","uv":[8.5,11,13.5,13.5]}}},{"name":"tail p1","from":[8,5,9],"to":[18,12,20],"rotation":{"origin":[8,8,8],"axis":"y","angle":-22.5},"faces":{"north":{"texture":"texture","uv":[9.5,11,14.5,13.5]},"east":{"texture":"texture","uv":[9,11,13,13]},"south":{"texture":"texture","uv":[9,11,14,13]},"west":{"texture":"texture","uv":[9.5,11,13,13]},"up":{"texture":"texture","uv":[8.5,11.5,14,13.5]},"down":{"texture":"texture","uv":[9.5,11.5,14,14]}}},{"name":"tail p2","from":[9,7,19],"to":[17,12,26],"rotation":{"origin":[8,8,8],"axis":"y","angle":-22.5},"faces":{"north":{"texture":"texture","uv":[8.5,11,14,13.5]},"east":{"texture":"texture","uv":[9.5,11.5,13.5,14]},"south":{"texture":"texture","uv":[8.5,11,14,13.5]},"west":{"texture":"texture","uv":[9.5,11.5,13.5,14]},"up":{"texture":"texture","uv":[8.5,11.5,13,13.5]},"down":{"texture":"texture","uv":[9.5,11.5,14.5,13.5]}}},{"name":"eye","from":[5,5,-7],"to":[17,12,0],"faces":{"north":{"texture":"texture","uv":[8.5,11,13,13.5],"rotation":180,"cullface":"north"},"east":{"texture":"texture","uv":[9.5,9.5,13,12.5],"rotation":180},"south":{"texture":"texture","uv":[13.5,11.5,8.5,14.5],"rotation":180},"west":{"texture":"texture","uv":[8.5,9.5,12,12.5],"rotation":180,"cullface":"west"},"up":{"texture":"texture","uv":[13.5,11,9,12.5]},"down":{"texture":"texture","uv":[8.5,11,13.5,13.5]}}},{"name":"top fin","from":[10,0,1],"to":[12,10,7],"rotation":{"origin":[8,8,8],"axis":"x","angle":-45},"faces":{"north":{"texture":"texture","uv":[9,12,11,15]},"east":{"texture":"texture","uv":[13.5,9.5,13,14.5]},"south":{"texture":"texture","uv":[9.5,12,12.5,13.5]},"west":{"texture":"texture","uv":[12,9.5,12.5,12.5]},"up":{"texture":"texture","uv":[8,12,13.5,12.5]},"down":{"texture":"texture","uv":[8,12,13.5,12.5]}}},{"name":"nose","from":[6,5,-11],"to":[16,10,-1],"faces":{"north":{"texture":"texture","uv":[9,12.5,14.5,15.5]},"east":{"texture":"texture","uv":[9,12.5,14,15]},"south":{"texture":"texture","uv":[8.5,12,14,14.5]},"west":{"texture":"texture","uv":[9,12,14,14.5]},"up":{"texture":"texture","uv":[10,11.5,14,15]},"down":{"texture":"texture","uv":[10,12,14,14]}}},{"name":"tail p3","from":[10,8,19],"to":[16,11,30],"rotation":{"origin":[8,8,8],"axis":"y","angle":-22.5},"faces":{"north":{"texture":"texture","uv":[8.5,12.5,14,14]},"east":{"texture":"texture","uv":[10,13,13,14.5]},"south":{"texture":"texture","uv":[8.5,11,14,12.5]},"west":{"texture":"texture","uv":[9,11.5,12,13]},"up":{"texture":"texture","uv":[8.5,11.5,14,14.5]},"down":{"texture":"texture","uv":[8.5,11.5,14,14.5]}}},{"name":"back fin","from":[5,21,21],"to":[6,25,29],"rotation":{"origin":[8,8,8],"axis":"x","angle":45},"faces":{"north":{"texture":"texture","uv":[10.5,13.5,15.5,15.5]},"east":{"texture":"texture","uv":[15.5,9,16,11]},"south":{"texture":"texture","uv":[10.5,14,15.5,16]},"west":{"texture":"texture","uv":[15,9,15.5,11]},"up":{"texture":"texture","uv":[9.5,15,14.5,15.5]},"down":{"texture":"texture","uv":[9.5,13,14.5,13.5]}}},{"name":"side fin","from":[14,1,2],"to":[21,2,9],"rotation":{"origin":[8,8,8],"axis":"z","angle":45},"faces":{"north":{"texture":"texture","uv":[8.5,14.5,12,15]},"east":{"texture":"texture","uv":[8.5,14.5,13,15]},"south":{"texture":"texture","uv":[11.5,14.5,15,15]},"west":{"texture":"texture","uv":[11.5,14.5,16,15]},"up":{"texture":"texture","uv":[12,11,15.5,15.5]},"down":{"texture":"texture","uv":[12,11,15.5,15.5]}}},{"name":"back fin 2","from":[5,-6,22],"to":[6,-2,30],"rotation":{"origin":[8,8,8],"axis":"x","angle":-45},"faces":{"north":{"texture":"texture","uv":[10,13.5,15,15.5]},"east":{"texture":"texture","uv":[15,9,15.5,11]},"south":{"texture":"texture","uv":[10,14,15,16]},"west":{"texture":"texture","uv":[13,12,13.5,14]},"up":{"texture":"texture","uv":[8.5,11.5,13.5,12]},"down":{"texture":"texture","uv":[8.5,11.5,13.5,12]}}},{"name":"small top","from":[8,-6,12],"to":[10,2,15],"rotation":{"origin":[8,8,8],"axis":"x","angle":-45},"faces":{"north":{"texture":"texture","uv":[8.5,10.5,14,13.5]},"east":{"texture":"texture","uv":[13,11,13.5,14]},"south":{"texture":"texture","uv":[10.5,12.5,16,15.5]},"west":{"texture":"texture","uv":[14.5,11.5,14.5,13.5]},"up":{"texture":"texture","uv":[8.5,12.5,14,13]},"down":{"texture":"texture","uv":[8,12,13.5,12.5]}}},{"name":"side fin 2","from":[-1,5,3],"to":[6,6,10],"rotation":{"origin":[8,8,8],"axis":"z","angle":-45},"faces":{"north":{"texture":"texture","uv":[8.5,11,12,11.5]},"east":{"texture":"texture","uv":[8.5,11.5,13,12]},"south":{"texture":"texture","uv":[9,11.5,12.5,12]},"west":{"texture":"texture","uv":[9,11.5,13.5,12]},"up":{"texture":"texture","uv":[12,11,15.5,15.5]},"down":{"texture":"texture","uv":[12.5,10.5,16,15]}}},{"name":"lip","from":[7,-2,-8],"to":[15,0,-1],"rotation":{"origin":[8,8,8],"axis":"x","angle":45},"faces":{"north":{"texture":"texture","uv":[9,8,15.5,9],"rotation":180},"east":{"texture":"texture","uv":[9,8,15.5,9],"rotation":180},"south":{"texture":"texture","uv":[8.5,11,13.5,14]},"west":{"texture":"texture","uv":[9,8,15.5,9],"rotation":180},"up":{"texture":"texture","uv":[9,11,13.5,13.5]},"down":{"texture":"texture","uv":[8,11,13.5,14]}}}]}