{
"__comment": "Designed by Killercreeper55 with BDcraft Cubik PRO 0.85 Beta - http://bdcraft.net",
"textures": {
    "particle": "blocks/cauldron_sideb",
    "texture": "blocks/nether_brick2",
    "nether_brick": "blocks/nether_brick2"
},
"elements": [ 
{
    "from": [ 1, 6, 0 ],
    "to": [ 15, 7, 1.5 ],
    "faces": {
        "down":  { "uv": [ 1, 1.5, 15, 0 ], "texture": "#texture" },
        "up":    { "uv": [ 1, 0, 15, 1.5 ], "texture": "#texture" },
        "north": { "uv": [ 1, 9, 15, 10 ], "texture": "#texture" },
        "south": { "uv": [ 1, 9, 15, 10 ], "texture": "#texture" },
        "west":  { "uv": [ 0, 9, 1.5, 10 ], "texture": "#texture" },
        "east":  { "uv": [ 14.5, 9, 16, 10 ], "texture": "#texture" }
    }
},
{
    "from": [ 0, 6, 0 ],
    "to": [ 1, 7, 16 ],
    "faces": {
        "down":  { "uv": [ 0, 16, 1, 0 ], "texture": "#texture" },
        "up":    { "uv": [ 0, 0, 1, 16 ], "texture": "#texture" },
        "north": { "uv": [ 15, 9, 16, 10 ], "texture": "#texture" },
        "south": { "uv": [ 0, 9, 1, 10 ], "texture": "#texture" },
        "west":  { "uv": [ 0, 9, 16, 10 ], "texture": "#texture" },
        "east":  { "uv": [ 0, 9, 16, 10 ], "texture": "#texture" }
    }
},
{
    "from": [ 1, 5.875, 4.5 ],
    "to": [ 15, 7.125, 6 ],
    "faces": {
        "down":  { "uv": [ 0.5, 1.5, 14.5, 0 ], "texture": "#texture" },
        "up":    { "uv": [ 1, 0, 15, 1.5 ], "texture": "#texture" },
        "north": { "uv": [ 1, 0, 15, 1 ], "texture": "#texture" },
        "south": { "uv": [ 1, 0, 15, 1 ], "texture": "#texture" },
        "west":  { "uv": [ 4.5, 0, 6, 1 ], "texture": "#texture" },
        "east":  { "uv": [ 10, 0, 11.5, 1 ], "texture": "#texture" }
    }
},
{
    "from": [ 1, 5.8125, 10.5 ],
    "to": [ 15, 7.125, 12 ],
    "faces": {
        "down":  { "uv": [ 1, 12, 15, 10.5 ], "texture": "#texture" },
        "up":    { "uv": [ 1, 0, 15, 1.5 ], "texture": "#texture" },
        "north": { "uv": [ 1, 0, 15, 1 ], "texture": "#texture" },
        "south": { "uv": [ 1, 0, 15, 1 ], "texture": "#texture" },
        "west":  { "uv": [ 10.5, 0, 12, 1 ], "texture": "#texture" },
        "east":  { "uv": [ 4, 0, 5.5, 1 ], "texture": "#texture" }
    }
},
{
    "from": [ 1, 6, 15 ],
    "to": [ 15, 7, 16 ],
    "faces": {
        "down":  { "uv": [ 1, 16, 15, 15 ], "texture": "#texture" },
        "up":    { "uv": [ 1, 15, 15, 16 ], "texture": "#texture" },
        "north": { "uv": [ 1, 9, 15, 10 ], "texture": "#texture" },
        "south": { "uv": [ 1, 9, 15, 10 ], "texture": "#texture" },
        "west":  { "uv": [ 15, 9, 16, 10 ], "texture": "#texture" },
        "east":  { "uv": [ 0, 9, 1, 10 ], "texture": "#texture" }
    }
},
{
    "from": [ 15, 6, 0 ],
    "to": [ 16, 7, 16 ],
    "faces": {
        "down":  { "uv": [ 15, 16, 16, 0 ], "texture": "#texture" },
        "up":    { "uv": [ 15, 0, 16, 16 ], "texture": "#texture" },
        "north": { "uv": [ 0, 9, 1, 10 ], "texture": "#texture" },
        "south": { "uv": [ 15, 9, 16, 10 ], "texture": "#texture" },
        "west":  { "uv": [ 0, 9, 16, 10 ], "texture": "#texture" },
        "east":  { "uv": [ 0, 9, 16, 10 ], "texture": "#texture" }
    }
},
{
    "from": [ 3, 6.125, 1.5 ],
    "to": [ 5, 7, 15 ],
    "faces": {
        "down":  { "uv": [ 3, 15, 5, 1.5 ], "texture": "#texture" },
        "up":    { "uv": [ 3, 1.5, 5, 15 ], "texture": "#texture" },
        "north": { "uv": [ 11, 9, 13, 9.875 ], "texture": "#texture" },
        "south": { "uv": [ 3, 9, 5, 9.875 ], "texture": "#texture" },
        "west":  { "uv": [ 1.5, 9, 15, 9.875 ], "texture": "#texture" },
        "east":  { "uv": [ 1, 9, 14.5, 9.875 ], "texture": "#texture" }
    }
},
{
    "from": [ 7, 6.125, 1.5 ],
    "to": [ 9, 6.8125, 15 ],
    "faces": {
        "down":  { "uv": [ 7, 15, 9, 1.5 ], "texture": "#texture" },
        "up":    { "uv": [ 7, 1.5, 9, 15 ], "texture": "#texture" },
        "north": { "uv": [ 7, 9.1875, 9, 9.875 ], "texture": "#texture" },
        "south": { "uv": [ 7, 9.1875, 9, 9.875 ], "texture": "#texture" },
        "west":  { "uv": [ 1.5, 9.1875, 15, 9.875 ], "texture": "#texture" },
        "east":  { "uv": [ 1, 9.1875, 14.5, 9.875 ], "texture": "#texture" }
    }
},
{
    "from": [ 11, 6.125, 1.5 ],
    "to": [ 13, 6.875, 15 ],
    "faces": {
        "down":  { "uv": [ 11, 15, 13, 1.5 ], "texture": "#texture" },
        "up":    { "uv": [ 11, 1.5, 13, 15 ], "texture": "#texture" },
        "north": { "uv": [ 3, 0, 5, 1 ], "texture": "#texture" },
        "south": { "uv": [ 11, 0, 13, 1 ], "texture": "#texture" },
        "west":  { "uv": [ 1.5, 0, 15, 1 ], "texture": "#texture" },
        "east":  { "uv": [ 1, 0, 14.5, 1 ], "texture": "#texture" }
    }
}
],
"display": {
    "thirdperson": {
        "rotation": [ 0, 0, 0 ],
        "translation": [ 0, 0, 0 ],
        "scale": [ 1, 1, 1 ]
    },
    "head": {
        "rotation": [ 0, 0, 0 ],
        "translation": [ 0, 0, 0 ],
        "scale": [ 1, 1, 1 ]
    },
    "firstperson": {
        "rotation": [ 0, 0, 0 ],
        "translation": [ 0, 0, 0 ],
        "scale": [ 1, 1, 1 ]
    },
    "gui": {
        "rotation": [ 0, 0, 0 ],
        "translation": [ 0, 0, 0 ],
        "scale": [ 1, 1, 1 ]
    }
}
}