{
"__comment": "Designed by Killercreeper55 with BDcraft Cubik PRO 0.93 Beta - http://bdcraft.net",
"textures": {
    "particle": "blocks/hardened_clay",
    "texture": "blocks/hardened_clay",
    "hardened_clay2": "blocks/hardened_clay2"
},
"elements": [ 
{
    "from": [ 0, 0, 0 ],
    "to": [ 16, 16, 16 ],
    "faces": {
        "down":  { "uv": [ 16, 16, 0, 0 ], "texture": "#texture" },
        "up":    { "uv": [ 0, 0, 16, 16 ], "texture": "#texture" },
        "north": { "uv": [ 0, 0, 16, 16 ], "texture": "#texture" },
        "south": { "uv": [ 0, 0, 16, 16 ], "texture": "#texture" },
        "west":  { "uv": [ 0, 0, 16, 16 ], "texture": "#texture" },
        "east":  { "uv": [ 0, 0, 16, 16 ], "texture": "#texture" }
    }
},
{
    "from": [ 16, 0, 8 ],
    "to": [ 17, 16, 12 ],
    "faces": {
        "down":  { "uv": [ 0, 0, 1.5, 16 ], "texture": "#hardened_clay2" },
        "up":    { "uv": [ 0, 0, 1.5, 16 ], "texture": "#hardened_clay2" },
        "north": { "uv": [ 0, 0, 1.5, 16 ], "texture": "#hardened_clay2" },
        "south": { "uv": [ 0, 0, 1.5, 16 ], "texture": "#hardened_clay2" },
        "west":  { "uv": [ 0, 0, 4, 16 ], "texture": "#texture" },
        "east":  { "uv": [ 0, 0, 4, 16 ], "texture": "#texture" }
    }
}
]
}