{
"__comment": "Designed by Killercreeper55 with BDcraft Cubik PRO 0.93 Beta - http://bdcraft.net",
"textures": {
    "particle": "blocks/bedrock",
    "texture": "blocks/shadow2",
    "shadow": "blocks/shadow2"
},
"elements": [ 
{
    "from": [ 0, 15.9375, 0 ],
    "to": [ 16, 16, 16 ],
    "faces": {
        "down":  { "uv": [ 0.5, 0.5, 1.5, 1 ], "texture": "#texture" },
        "up":    { "uv": [ 0, 0.5, 16, 15.5 ], "texture": "#texture" },
        "north": { "uv": [ 0.5, 1, 1, 1.5 ], "texture": "#texture" },
        "south": { "uv": [ 0.5, 1, 1, 2.5 ], "texture": "#texture" },
        "west":  { "uv": [ 0.5, 1, 1, 2 ], "texture": "#texture" },
        "east":  { "uv": [ 0.5, 1, 1, 1.5 ], "texture": "#texture" }
    }
}
],
"display": {
    "thirdperson": {
        "rotation": [ 24, 0, 0 ],
        "translation": [ 3.5, -11.5, -4.5 ],
        "scale": [ 0.88, 0.76, -1.13 ]
    }
}
}