{
"__comment": "Designed by Killercreeper55 with BDcraft Cubik PRO 0.96 Beta - http://bdcraft.net",
"textures": {
    "particle": "blocks/door_wood_upper",
    "texture": "blocks/glass_brown",
    "grada": "blocks/grada"
},
"elements": [ 
{
    "from": [ 3.375, 8, -4.9375 ],
    "to": [ 12.1875, 8.9375, 5 ],
    "faces": {
        "down":  { "uv": [ 16, 16, 0, 7.5 ], "rotation": 270, "texture": "#grada" },
        "up":    { "uv": [ 0, 7.5, 16, 16 ], "rotation": 90, "texture": "#grada" },
        "north": { "uv": [ 7.5, 7.5, 16, 8.5 ], "texture": "#grada" },
        "south": { "uv": [ 0, 7.5, 8.5, 8.5 ], "texture": "#grada" },
        "west":  { "uv": [ 0, 7.5, 16, 8.5 ], "texture": "#grada" },
        "east":  { "uv": [ 0, 7.5, 16, 8.5 ], "texture": "#grada" }
    }
},
{
    "from": [ 14.75, 0, 0 ],
    "to": [ 15.75, 13.5, 1 ],
    "faces": {
        "down":  { "uv": [ 7, 0, 9.5, 16 ], "rotation": 270, "texture": "#particle" },
        "up":    { "uv": [ 6.5, 0, 9, 16 ], "rotation": 90, "texture": "#particle" },
        "north": { "uv": [ 6, 0, 10.5, 16 ], "texture": "#particle" },
        "south": { "uv": [ 8, 0, 10.5, 16 ], "texture": "#particle" },
        "west":  { "uv": [ 8.5, 0, 10.5, 16 ], "texture": "#particle" },
        "east":  { "uv": [ 7, 0, 10, 16 ], "texture": "#particle" }
    }
},
{
    "from": [ 14.875, 0, 15 ],
    "to": [ 15.875, 13.5, 16 ],
    "faces": {
        "down":  { "uv": [ 7, 0, 9.5, 16 ], "rotation": 270, "texture": "#particle" },
        "up":    { "uv": [ 6.5, 0, 9, 16 ], "rotation": 90, "texture": "#particle" },
        "north": { "uv": [ 6, 0, 10.5, 16 ], "texture": "#particle" },
        "south": { "uv": [ 8, 0, 10.5, 16 ], "texture": "#particle" },
        "west":  { "uv": [ 8.5, 0, 10.5, 16 ], "texture": "#particle" },
        "east":  { "uv": [ 7, 0, 10, 16 ], "texture": "#particle" }
    }
},
{
    "from": [ 9.75, 0.4375, 0 ],
    "to": [ 10.75, 7.9375, 0.6875 ],
    "rotation": { "origin": [ 9.75, 7.9375, 0 ], "axis": "z", "angle": 45 },
    "faces": {
        "down":  { "uv": [ 7, 0, 9.5, 16 ], "rotation": 270, "texture": "#particle" },
        "up":    { "uv": [ 6.5, 0, 9, 16 ], "rotation": 90, "texture": "#particle" },
        "north": { "uv": [ 6, 0, 10.5, 16 ], "texture": "#particle" },
        "south": { "uv": [ 8, 0, 10.5, 16 ], "texture": "#particle" },
        "west":  { "uv": [ 8.5, 0, 10.5, 16 ], "texture": "#particle" },
        "east":  { "uv": [ 7, 0, 10, 16 ], "texture": "#particle" }
    }
},
{
    "from": [ 9.6875, 0.375, 15 ],
    "to": [ 10.6875, 7.875, 15.6875 ],
    "rotation": { "origin": [ 9.6875, 7.875, 15 ], "axis": "z", "angle": 45 },
    "faces": {
        "down":  { "uv": [ 7, 0, 9.5, 16 ], "rotation": 270, "texture": "#particle" },
        "up":    { "uv": [ 6.5, 0, 9, 16 ], "rotation": 90, "texture": "#particle" },
        "north": { "uv": [ 6, 0, 10.5, 16 ], "texture": "#particle" },
        "south": { "uv": [ 8, 0, 10.5, 16 ], "texture": "#particle" },
        "west":  { "uv": [ 8.5, 0, 10.5, 16 ], "texture": "#particle" },
        "east":  { "uv": [ 7, 0, 10, 16 ], "texture": "#particle" }
    }
},
{
    "from": [ 14.75, 11.3125, -5.0625 ],
    "to": [ 15.875, 22.25, 4.875 ],
    "faces": {
        "down":  { "uv": [ 16, 16, 0, 7.5 ], "rotation": 270, "texture": "#texture" },
        "up":    { "uv": [ 0, 7.5, 16, 16 ], "rotation": 90, "texture": "#texture" },
        "north": { "uv": [ 0, 7, 16, 12.5 ], "texture": "#texture" },
        "south": { "uv": [ 0, 7.5, 16, 13.5 ], "texture": "#texture" },
        "west":  { "uv": [ 0, 7.5, 16, 13.5 ], "texture": "#texture" },
        "east":  { "uv": [ 0, 7.5, 16, 13.5 ], "texture": "#texture" }
    }
},
{
    "from": [ 3.375, 8, 10.25 ],
    "to": [ 12.1875, 9, 20.5 ],
    "faces": {
        "down":  { "uv": [ 16, 16, 0, 7.5 ], "rotation": 270, "texture": "#grada" },
        "up":    { "uv": [ 0, 7.5, 16, 16 ], "rotation": 90, "texture": "#grada" },
        "north": { "uv": [ 7.5, 7.5, 16, 8.5 ], "texture": "#grada" },
        "south": { "uv": [ 0, 7.5, 8.5, 8.5 ], "texture": "#grada" },
        "west":  { "uv": [ 0, 7.5, 16, 8.5 ], "texture": "#grada" },
        "east":  { "uv": [ 0, 7.5, 16, 8.5 ], "texture": "#grada" }
    }
},
{
    "from": [ 14.8125, 11.5, 10.75 ],
    "to": [ 15.625, 22, 20.125 ],
    "faces": {
        "down":  { "uv": [ 16, 3, 15.5, 1 ], "rotation": 270, "texture": "#grada" },
        "up":    { "uv": [ 0, 0, 4.5, 1.5 ], "rotation": 90, "texture": "#grada" },
        "north": { "uv": [ 0, 0, 2, 2 ], "texture": "#grada" },
        "south": { "uv": [ 0, 0, 1.5, 2.5 ], "texture": "#grada" },
        "west":  { "uv": [ 0, 0, 16, 16 ], "texture": "#grada" },
        "east":  { "uv": [ 0, 0, 0.5, 1.5 ], "texture": "#grada" }
    }
},
{
    "from": [ 15, 11.3125, 10.3125 ],
    "to": [ 15.6875, 22.3125, 20.5625 ],
    "faces": {
        "down":  { "uv": [ 16, 16, 0, 7.5 ], "rotation": 270, "texture": "#texture" },
        "up":    { "uv": [ 0, 7.5, 16, 16 ], "rotation": 90, "texture": "#texture" },
        "north": { "uv": [ 0, 7, 16, 12.5 ], "texture": "#texture" },
        "south": { "uv": [ 0, 7.5, 16, 13.5 ], "texture": "#texture" },
        "west":  { "uv": [ 0, 7.5, 16, 13.5 ], "texture": "#texture" },
        "east":  { "uv": [ 0, 7.5, 16, 13.5 ], "texture": "#texture" }
    }
},
{
    "from": [ 14.625, 11.5, -4.625 ],
    "to": [ 15.8125, 22, 4.75 ],
    "faces": {
        "down":  { "uv": [ 16, 3, 15.5, 1 ], "rotation": 270, "texture": "#grada" },
        "up":    { "uv": [ 0, 0, 4.5, 1.5 ], "rotation": 90, "texture": "#grada" },
        "north": { "uv": [ 0, 0, 2, 2 ], "texture": "#grada" },
        "south": { "uv": [ 0, 0, 1.5, 2.5 ], "texture": "#grada" },
        "west":  { "uv": [ 0, 0, 16, 16 ], "texture": "#grada" },
        "east":  { "uv": [ 0, 0, 0.5, 1.5 ], "texture": "#grada" }
    }
},
{
    "from": [ 14.9375, 7, -4.875 ],
    "to": [ 15.625, 12.4375, 4.875 ],
    "rotation": { "origin": [ 14.9375, 12.4375, -4.875 ], "axis": "z", "angle": -45 },
    "faces": {
        "down":  { "uv": [ 16, 3, 15.5, 1 ], "rotation": 270, "texture": "#grada" },
        "up":    { "uv": [ 0, 0, 4.5, 1.5 ], "rotation": 90, "texture": "#grada" },
        "north": { "uv": [ 0, 0, 2, 2 ], "texture": "#grada" },
        "south": { "uv": [ 0, 0, 1.5, 2.5 ], "texture": "#grada" },
        "west":  { "uv": [ 0, 7.5, 16, 16 ], "texture": "#grada" },
        "east":  { "uv": [ 0, 0, 0.5, 1.5 ], "texture": "#grada" }
    }
},
{
    "from": [ 14.9375, 7, 10.3125 ],
    "to": [ 15.625, 12.4375, 20.125 ],
    "rotation": { "origin": [ 14.9375, 12.4375, 10.3125 ], "axis": "z", "angle": -45 },
    "faces": {
        "down":  { "uv": [ 16, 3, 15.5, 1 ], "rotation": 270, "texture": "#grada" },
        "up":    { "uv": [ 0, 0, 4.5, 1.5 ], "rotation": 90, "texture": "#grada" },
        "north": { "uv": [ 0, 0, 2, 2 ], "texture": "#grada" },
        "south": { "uv": [ 0, 0, 1.5, 2.5 ], "texture": "#grada" },
        "west":  { "uv": [ 0, 5.5, 16, 16 ], "texture": "#grada" },
        "east":  { "uv": [ 0, 0, 0.5, 1.5 ], "texture": "#grada" }
    }
},
{
    "from": [ 3.25, 8.125, -5.3125 ],
    "to": [ 12.375, 8.6875, 5.125 ],
    "faces": {
        "down":  { "uv": [ 16, 16, 0, 7.5 ], "rotation": 270, "texture": "#texture" },
        "up":    { "uv": [ 0, 7.5, 16, 16 ], "rotation": 90, "texture": "#texture" },
        "north": { "uv": [ 7.5, 7.5, 16, 8.5 ], "texture": "#texture" },
        "south": { "uv": [ 0, 7.5, 8.5, 8.5 ], "texture": "#texture" },
        "west":  { "uv": [ 0, 7.5, 16, 8.5 ], "texture": "#texture" },
        "east":  { "uv": [ 0, 7.5, 16, 8.5 ], "texture": "#texture" }
    }
},
{
    "from": [ 15.0625, 6.75, -5.125 ],
    "to": [ 15.875, 12.25, 4.9375 ],
    "rotation": { "origin": [ 15.0625, 12.25, -5.125 ], "axis": "z", "angle": -45 },
    "faces": {
        "down":  { "uv": [ 16, 3, 15.5, 1 ], "rotation": 270, "texture": "#texture" },
        "up":    { "uv": [ 0, 0, 4.5, 1.5 ], "rotation": 90, "texture": "#texture" },
        "north": { "uv": [ 0, 0, 2, 2 ], "texture": "#texture" },
        "south": { "uv": [ 0, 0, 1.5, 2.5 ], "texture": "#texture" },
        "west":  { "uv": [ 0, 7.5, 16, 16 ], "texture": "#texture" },
        "east":  { "uv": [ 0, 0, 0.5, 1.5 ], "texture": "#texture" }
    }
},
{
    "from": [ 15, 6.875, 10.1875 ],
    "to": [ 15.8125, 12.375, 20.3125 ],
    "rotation": { "origin": [ 15, 12.375, 10.1875 ], "axis": "z", "angle": -45 },
    "faces": {
        "down":  { "uv": [ 16, 3, 15.5, 1 ], "rotation": 270, "texture": "#texture" },
        "up":    { "uv": [ 0, 0, 4.5, 1.5 ], "rotation": 90, "texture": "#texture" },
        "north": { "uv": [ 0, 0, 2, 2 ], "texture": "#texture" },
        "south": { "uv": [ 0, 0, 1.5, 2.5 ], "texture": "#texture" },
        "west":  { "uv": [ 0, 7.5, 16, 16 ], "texture": "#texture" },
        "east":  { "uv": [ 0, 0, 0.5, 1.5 ], "texture": "#texture" }
    }
},
{
    "from": [ 3.0625, 8.125, 9.8125 ],
    "to": [ 12.5625, 8.6875, 20.625 ],
    "faces": {
        "down":  { "uv": [ 16, 16, 0, 7.5 ], "rotation": 270, "texture": "#texture" },
        "up":    { "uv": [ 0, 7.5, 16, 16 ], "rotation": 90, "texture": "#texture" },
        "north": { "uv": [ 7.5, 7.5, 16, 8.5 ], "texture": "#texture" },
        "south": { "uv": [ 0, 7.5, 8.5, 8.5 ], "texture": "#texture" },
        "west":  { "uv": [ 0, 7.5, 16, 8.5 ], "texture": "#texture" },
        "east":  { "uv": [ 0, 7.5, 16, 8.5 ], "texture": "#texture" }
    }
}
]
}