{
"__comment": "Designed by Killercreeper55 with BDcraft Cubik PRO 0.93 Beta - http://bdcraft.net",
"textures": {
    "particle": "blocks/bookshelf",
    "texture": "blocks/bookshelf",
    "planks_oak": "blocks/planks_birch",
    "book": "items/misc/book",
    "book_written": "items/misc/book_written"
},
"elements": [ 
{
    "from": [ 15, 1, 0 ],
    "to": [ 16, 15, 1 ],
    "faces": {
        "down":  { "uv": [ 16, 1, 15, 0 ], "rotation": 270, "texture": "#texture" },
        "up":    { "uv": [ 0, 0, 1, 1 ], "rotation": 90, "texture": "#texture" },
        "north": { "uv": [ 0, 1, 1, 15 ], "texture": "#texture" },
        "south": { "uv": [ 15, 1, 16, 15 ], "texture": "#texture" },
        "west":  { "uv": [ 0, 1, 1, 15 ], "texture": "#texture" },
        "east":  { "uv": [ 15, 1, 16, 15 ], "texture": "#texture" }
    }
},
{
    "from": [ 0, 15, 0 ],
    "to": [ 1, 16, 16 ],
    "faces": {
        "down":  { "uv": [ 16, 16, 0, 15 ], "rotation": 270, "texture": "#texture" },
        "up":    { "uv": [ 0, 15, 16, 16 ], "rotation": 90, "texture": "#texture" },
        "north": { "uv": [ 15, 0, 16, 1 ], "texture": "#texture" },
        "south": { "uv": [ 0, 0, 1, 1 ], "texture": "#texture" },
        "west":  { "uv": [ 0, 0, 16, 1 ], "texture": "#texture" },
        "east":  { "uv": [ 0, 0, 16, 1 ], "texture": "#texture" }
    }
},
{
    "from": [ 1, 15, 0 ],
    "to": [ 15, 16, 1 ],
    "faces": {
        "down":  { "uv": [ 16, 15, 15, 1 ], "rotation": 270, "texture": "#texture" },
        "up":    { "uv": [ 0, 1, 1, 15 ], "rotation": 90, "texture": "#texture" },
        "north": { "uv": [ 1, 0, 15, 1 ], "texture": "#texture" },
        "south": { "uv": [ 1, 0, 15, 1 ], "texture": "#texture" },
        "west":  { "uv": [ 0, 0, 1, 1 ], "texture": "#texture" },
        "east":  { "uv": [ 15, 0, 16, 1 ], "texture": "#texture" }
    }
},
{
    "from": [ 1, 15, 15 ],
    "to": [ 15, 16, 16 ],
    "faces": {
        "down":  { "uv": [ 1, 15, 0, 1 ], "rotation": 270, "texture": "#texture" },
        "up":    { "uv": [ 15, 1, 16, 15 ], "rotation": 90, "texture": "#texture" },
        "north": { "uv": [ 1, 0, 15, 1 ], "texture": "#texture" },
        "south": { "uv": [ 1, 0, 15, 1 ], "texture": "#texture" },
        "west":  { "uv": [ 15, 0, 16, 1 ], "texture": "#texture" },
        "east":  { "uv": [ 0, 0, 1, 1 ], "texture": "#texture" }
    }
},
{
    "from": [ 1, 0, 0 ],
    "to": [ 15, 1, 1 ],
    "faces": {
        "down":  { "uv": [ 16, 15, 15, 1 ], "rotation": 270, "texture": "#texture" },
        "up":    { "uv": [ 0, 1, 1, 15 ], "rotation": 90, "texture": "#texture" },
        "north": { "uv": [ 1, 15, 15, 16 ], "texture": "#texture" },
        "south": { "uv": [ 1, 15, 15, 16 ], "texture": "#texture" },
        "west":  { "uv": [ 0, 15, 1, 16 ], "texture": "#texture" },
        "east":  { "uv": [ 15, 15, 16, 16 ], "texture": "#texture" }
    }
},
{
    "from": [ 0, 0, 0 ],
    "to": [ 1, 1, 16 ],
    "faces": {
        "down":  { "uv": [ 16, 16, 0, 15 ], "rotation": 270, "texture": "#texture" },
        "up":    { "uv": [ 0, 15, 16, 16 ], "rotation": 90, "texture": "#texture" },
        "north": { "uv": [ 15, 15, 16, 16 ], "texture": "#texture" },
        "south": { "uv": [ 0, 15, 1, 16 ], "texture": "#texture" },
        "west":  { "uv": [ 0, 15, 16, 16 ], "texture": "#texture" },
        "east":  { "uv": [ 0, 15, 16, 16 ], "texture": "#texture" }
    }
},
{
    "from": [ 1, 0, 15 ],
    "to": [ 15, 1, 16 ],
    "faces": {
        "down":  { "uv": [ 1, 15, 0, 1 ], "rotation": 270, "texture": "#texture" },
        "up":    { "uv": [ 15, 1, 16, 15 ], "rotation": 90, "texture": "#texture" },
        "north": { "uv": [ 1, 15, 15, 16 ], "texture": "#texture" },
        "south": { "uv": [ 1, 15, 15, 16 ], "texture": "#texture" },
        "west":  { "uv": [ 15, 15, 16, 16 ], "texture": "#texture" },
        "east":  { "uv": [ 0, 15, 1, 16 ], "texture": "#texture" }
    }
},
{
    "from": [ 15, 15, 0 ],
    "to": [ 16, 16, 16 ],
    "faces": {
        "down":  { "uv": [ 16, 1, 0, 0 ], "rotation": 270, "texture": "#texture" },
        "up":    { "uv": [ 0, 0, 16, 1 ], "rotation": 90, "texture": "#texture" },
        "north": { "uv": [ 0, 0, 1, 1 ], "texture": "#texture" },
        "south": { "uv": [ 15, 0, 16, 1 ], "texture": "#texture" },
        "west":  { "uv": [ 0, 0, 16, 1 ], "texture": "#texture" },
        "east":  { "uv": [ 0, 0, 16, 1 ], "texture": "#texture" }
    }
},
{
    "from": [ 0, 1, 15 ],
    "to": [ 1, 15, 16 ],
    "faces": {
        "down":  { "uv": [ 1, 16, 0, 15 ], "rotation": 270, "texture": "#texture" },
        "up":    { "uv": [ 15, 15, 16, 16 ], "rotation": 90, "texture": "#texture" },
        "north": { "uv": [ 15, 1, 16, 15 ], "texture": "#texture" },
        "south": { "uv": [ 0, 1, 1, 15 ], "texture": "#texture" },
        "west":  { "uv": [ 15, 1, 16, 15 ], "texture": "#texture" },
        "east":  { "uv": [ 0, 1, 1, 15 ], "texture": "#texture" }
    }
},
{
    "from": [ 0, 1, 0 ],
    "to": [ 1, 15, 1 ],
    "faces": {
        "down":  { "uv": [ 16, 16, 15, 15 ], "rotation": 270, "texture": "#texture" },
        "up":    { "uv": [ 0, 15, 1, 16 ], "rotation": 90, "texture": "#texture" },
        "north": { "uv": [ 15, 1, 16, 15 ], "texture": "#texture" },
        "south": { "uv": [ 0, 1, 1, 15 ], "texture": "#texture" },
        "west":  { "uv": [ 0, 1, 1, 15 ], "texture": "#texture" },
        "east":  { "uv": [ 15, 1, 16, 15 ], "texture": "#texture" }
    }
},
{
    "from": [ 15, 1, 15 ],
    "to": [ 16, 15, 16 ],
    "faces": {
        "down":  { "uv": [ 1, 1, 0, 0 ], "rotation": 270, "texture": "#texture" },
        "up":    { "uv": [ 15, 0, 16, 1 ], "rotation": 90, "texture": "#texture" },
        "north": { "uv": [ 0, 1, 1, 15 ], "texture": "#texture" },
        "south": { "uv": [ 15, 1, 16, 15 ], "texture": "#texture" },
        "west":  { "uv": [ 15, 1, 16, 15 ], "texture": "#texture" },
        "east":  { "uv": [ 0, 1, 1, 15 ], "texture": "#texture" }
    }
},
{
    "from": [ 15, 0, 1 ],
    "to": [ 16, 1, 16 ],
    "faces": {
        "down":  { "uv": [ 15, 1, 0, 0 ], "rotation": 270, "texture": "#texture" },
        "up":    { "uv": [ 1, 0, 16, 1 ], "rotation": 90, "texture": "#texture" },
        "north": { "uv": [ 0, 15, 1, 16 ], "texture": "#texture" },
        "south": { "uv": [ 15, 15, 16, 16 ], "texture": "#texture" },
        "west":  { "uv": [ 1, 15, 16, 16 ], "texture": "#texture" },
        "east":  { "uv": [ 0, 15, 15, 16 ], "texture": "#texture" }
    }
},
{
    "from": [ 1, 0, 1 ],
    "to": [ 15, 1, 15 ],
    "faces": {
        "down":  { "uv": [ 16, 16, 0, 0 ], "rotation": 270, "texture": "#planks_oak" },
        "up":    { "uv": [ 0, 0, 16, 16 ], "rotation": 90, "texture": "#planks_oak" },
        "north": { "uv": [ 0, 8, 16, 9 ], "texture": "#planks_oak" },
        "south": { "uv": [ 0, 8, 16, 9 ], "texture": "#planks_oak" },
        "west":  { "uv": [ 0, 8, 16, 9 ], "texture": "#planks_oak" },
        "east":  { "uv": [ 0, 8, 16, 9 ], "texture": "#planks_oak" }
    }
},
{
    "from": [ 0.5, 7, 0.5 ],
    "to": [ 15.5, 8, 15.5 ],
    "faces": {
        "down":  { "uv": [ 16, 16, 0, 0 ], "rotation": 270, "texture": "#planks_oak" },
        "up":    { "uv": [ 0, 0, 16, 16 ], "rotation": 90, "texture": "#planks_oak" },
        "north": { "uv": [ 0, 8, 16, 9 ], "texture": "#planks_oak" },
        "south": { "uv": [ 0, 8, 16, 9 ], "texture": "#planks_oak" },
        "west":  { "uv": [ 0, 8, 16, 9 ], "texture": "#planks_oak" },
        "east":  { "uv": [ 0, 8, 16, 9 ], "texture": "#planks_oak" }
    }
},
{
    "from": [ 9.5, 1, 5 ],
    "to": [ 11, 4.5, 8.25 ],
    "faces": {
        "down":  { "uv": [ 15, 4.5, 1, 3 ], "rotation": 270, "texture": "#texture" },
        "up":    { "uv": [ 1, 3, 15, 4.5 ], "rotation": 90, "texture": "#texture" },
        "north": { "uv": [ 3, 2, 4.5, 7 ], "texture": "#texture" },
        "south": { "uv": [ 11.5, 2, 13, 7 ], "texture": "#texture" },
        "west":  { "uv": [ 1.5, 1.5, 7, 7.5 ], "texture": "#texture" },
        "east":  { "uv": [ 1.5, 1.5, 7, 7.5 ], "texture": "#texture" }
    }
},
{
    "__comment": "libro",
    "from": [ 9.75, 9.9375, 8.8125 ],
    "to": [ 15.3125, 10.9375, 12.6875 ],
    "rotation": { "origin": [ 9.75, 10.9375, 8.8125 ], "axis": "z", "angle": -22.5 },
    "faces": {
        "down":  { "uv": [ 7.5, 0, 16, 10 ], "rotation": 270, "texture": "#book" },
        "up":    { "uv": [ 0, 0, 8, 10 ], "rotation": 90, "texture": "#book" },
        "north": { "uv": [ 0, 10, 9, 12 ], "texture": "#book" },
        "south": { "uv": [ 0, 12.5, 7.5, 15.5 ], "texture": "#book" },
        "west":  { "uv": [ 0, 13, 8, 15.5 ], "texture": "#book" },
        "east":  { "uv": [ 0, 13, 9, 15 ], "texture": "#book" }
    }
},
{
    "__comment": "libro*",
    "from": [ 2.5, 8, 5.4375 ],
    "to": [ 6.1875, 13.0625, 6.4375 ],
    "faces": {
        "down":  { "uv": [ 0, 13, 8.5, 16 ], "rotation": 270, "texture": "#book" },
        "up":    { "uv": [ 0, 12.5, 9.5, 16 ], "rotation": 90, "texture": "#book" },
        "north": { "uv": [ 7.5, 0, 16, 10 ], "texture": "#book" },
        "south": { "uv": [ 0, 0, 8, 10 ], "texture": "#book" },
        "west":  { "uv": [ 0, 10, 8, 12.5 ], "texture": "#book" },
        "east":  { "uv": [ 0, 13, 8, 15.5 ], "texture": "#book" }
    }
},
{
    "__comment": "libro*",
    "from": [ 2.3125, 7.9375, 3.5 ],
    "to": [ 6, 13, 4.5 ],
    "faces": {
        "down":  { "uv": [ 0, 13, 8.5, 16 ], "rotation": 270, "texture": "#book_written" },
        "up":    { "uv": [ 0, 12.5, 9.5, 16 ], "rotation": 90, "texture": "#book_written" },
        "north": { "uv": [ 7.5, 0, 16, 10 ], "texture": "#book_written" },
        "south": { "uv": [ 0, 0, 8, 10 ], "texture": "#book_written" },
        "west":  { "uv": [ 0, 10, 8, 12.5 ], "texture": "#book_written" },
        "east":  { "uv": [ 0, 13, 8, 15.5 ], "texture": "#book_written" }
    }
},
{
    "__comment": "libro*",
    "from": [ 2.3125, 0.9375, 5 ],
    "to": [ 6, 6, 6 ],
    "faces": {
        "down":  { "uv": [ 0, 13, 8.5, 16 ], "rotation": 270, "texture": "#book" },
        "up":    { "uv": [ 0, 12.5, 9.5, 16 ], "rotation": 90, "texture": "#book" },
        "north": { "uv": [ 7.5, 0, 16, 10 ], "texture": "#book" },
        "south": { "uv": [ 0, 0, 8, 10 ], "texture": "#book" },
        "west":  { "uv": [ 0, 10, 8, 12.5 ], "texture": "#book" },
        "east":  { "uv": [ 0, 13, 8, 15.5 ], "texture": "#book" }
    }
},
{
    "__comment": "libro*",
    "from": [ 2.3125, 7.9375, 14 ],
    "to": [ 6, 13, 15 ],
    "faces": {
        "down":  { "uv": [ 0, 13, 8.5, 16 ], "rotation": 270, "texture": "#book" },
        "up":    { "uv": [ 0, 12.5, 9.5, 16 ], "rotation": 90, "texture": "#book" },
        "north": { "uv": [ 7.5, 0, 16, 10 ], "texture": "#book" },
        "south": { "uv": [ 0, 0, 8, 10 ], "texture": "#book" },
        "west":  { "uv": [ 0, 10, 8, 12.5 ], "texture": "#book" },
        "east":  { "uv": [ 0, 13, 8, 15.5 ], "texture": "#book" }
    }
},
{
    "__comment": "libro*",
    "from": [ 8.8125, 0.9375, 4.5 ],
    "to": [ 12.5, 6, 5.5 ],
    "faces": {
        "down":  { "uv": [ 0, 13, 8.5, 16 ], "rotation": 270, "texture": "#book" },
        "up":    { "uv": [ 0, 12.5, 9.5, 16 ], "rotation": 90, "texture": "#book" },
        "north": { "uv": [ 7.5, 0, 16, 10 ], "texture": "#book" },
        "south": { "uv": [ 0, 0, 8, 10 ], "texture": "#book" },
        "west":  { "uv": [ 0, 13.5, 8, 16 ], "texture": "#book" },
        "east":  { "uv": [ 0, 10, 8, 12.5 ], "texture": "#book" }
    }
},
{
    "__comment": "libro*",
    "from": [ 1.8125, 0.9375, 4 ],
    "to": [ 5.5, 6, 5 ],
    "faces": {
        "down":  { "uv": [ 0, 13, 8.5, 16 ], "rotation": 270, "texture": "#book" },
        "up":    { "uv": [ 0, 12.5, 9.5, 16 ], "rotation": 90, "texture": "#book" },
        "north": { "uv": [ 7.5, 0, 16, 10 ], "texture": "#book" },
        "south": { "uv": [ 0, 0, 8, 10 ], "texture": "#book" },
        "west":  { "uv": [ 0, 10, 8, 12.5 ], "texture": "#book" },
        "east":  { "uv": [ 0, 13, 8, 15.5 ], "texture": "#book" }
    }
},
{
    "__comment": "libro*",
    "from": [ 1.8125, 0.1875, 5.8125 ],
    "to": [ 5.5, 5.25, 6.8125 ],
    "rotation": { "origin": [ 1.8125, 5.25, 5.8125 ], "axis": "x", "angle": -22.5 },
    "faces": {
        "down":  { "uv": [ 0, 13, 8.5, 16 ], "rotation": 270, "texture": "#book_written" },
        "up":    { "uv": [ 0, 12.5, 9.5, 16 ], "rotation": 90, "texture": "#book_written" },
        "north": { "uv": [ 7.5, 0, 16, 10 ], "texture": "#book_written" },
        "south": { "uv": [ 0, 0, 8, 10 ], "texture": "#book_written" },
        "west":  { "uv": [ 0, 10, 8, 12.5 ], "texture": "#book_written" },
        "east":  { "uv": [ 0, 13, 8, 15.5 ], "texture": "#book_written" }
    }
},
{
    "__comment": "libro*",
    "from": [ 8.5, 8, 2.5 ],
    "to": [ 14.0625, 9, 6.375 ],
    "rotation": { "origin": [ 8.5, 8, 2.5 ], "axis": "y", "angle": -22.5 },
    "faces": {
        "down":  { "uv": [ 7.5, 0, 16, 10 ], "rotation": 270, "texture": "#book_written" },
        "up":    { "uv": [ 0, 0, 8, 10 ], "rotation": 90, "texture": "#book_written" },
        "north": { "uv": [ 0, 10.5, 8.5, 12.5 ], "texture": "#book_written" },
        "south": { "uv": [ 0, 10, 7.5, 12 ], "texture": "#book_written" },
        "west":  { "uv": [ 0, 12.5, 8, 15 ], "texture": "#book_written" },
        "east":  { "uv": [ 0, 13, 9, 15 ], "texture": "#book_written" }
    }
},
{
    "__comment": "libro*",
    "from": [ 7.5, 8, 7.5 ],
    "to": [ 13.0625, 9, 11.375 ],
    "rotation": { "origin": [ 7.5, 8, 7.5 ], "axis": "y", "angle": -45 },
    "faces": {
        "down":  { "uv": [ 7.5, 0, 16, 10 ], "rotation": 270, "texture": "#book" },
        "up":    { "uv": [ 0, 0, 8, 10 ], "rotation": 90, "texture": "#book" },
        "north": { "uv": [ 7.5, 0, 16, 10 ], "texture": "#book" },
        "south": { "uv": [ 0, 0, 8, 10 ], "texture": "#book" },
        "west":  { "uv": [ 0, 10, 8, 12.5 ], "texture": "#book" },
        "east":  { "uv": [ 0, 13, 9, 15 ], "texture": "#book" }
    }
},
{
    "__comment": "libro*",
    "from": [ 2, 8, 4.5 ],
    "to": [ 5.6875, 13.0625, 5.5 ],
    "faces": {
        "down":  { "uv": [ 0, 13, 8.5, 16 ], "rotation": 270, "texture": "#book" },
        "up":    { "uv": [ 0, 12.5, 9.5, 16 ], "rotation": 90, "texture": "#book" },
        "north": { "uv": [ 7.5, 0, 16, 10 ], "texture": "#book" },
        "south": { "uv": [ 0, 0, 8, 10 ], "texture": "#book" },
        "west":  { "uv": [ 0, 10, 8, 12.5 ], "texture": "#book" },
        "east":  { "uv": [ 0, 13, 8, 15.5 ], "texture": "#book" }
    }
},
{
    "__comment": "libro*",
    "from": [ 2.5, 8, 2.4375 ],
    "to": [ 6.1875, 13.0625, 3.4375 ],
    "faces": {
        "down":  { "uv": [ 0, 13, 8.5, 16 ], "rotation": 270, "texture": "#book" },
        "up":    { "uv": [ 0, 12.5, 9.5, 16 ], "rotation": 90, "texture": "#book" },
        "north": { "uv": [ 7.5, 0, 16, 10 ], "texture": "#book" },
        "south": { "uv": [ 0, 0, 8, 10 ], "texture": "#book" },
        "west":  { "uv": [ 0, 10, 8, 12.5 ], "texture": "#book" },
        "east":  { "uv": [ 0, 13, 8, 15.5 ], "texture": "#book" }
    }
},
{
    "__comment": "libro*",
    "from": [ 2.6875, 8, 6.4375 ],
    "to": [ 6.375, 13.0625, 7.4375 ],
    "faces": {
        "down":  { "uv": [ 0, 13, 8.5, 16 ], "rotation": 270, "texture": "#book" },
        "up":    { "uv": [ 0, 12.5, 9.5, 16 ], "rotation": 90, "texture": "#book" },
        "north": { "uv": [ 7.5, 0, 16, 10 ], "texture": "#book" },
        "south": { "uv": [ 0, 0, 8, 10 ], "texture": "#book" },
        "west":  { "uv": [ 0, 10, 8, 12.5 ], "texture": "#book" },
        "east":  { "uv": [ 0, 13, 8, 15.5 ], "texture": "#book" }
    }
},
{
    "__comment": "libro*",
    "from": [ 1.8125, 7.4375, 7.5 ],
    "to": [ 5.5, 12.5, 8.5 ],
    "rotation": { "origin": [ 1.8125, 12.5, 7.5 ], "axis": "x", "angle": -22.5 },
    "faces": {
        "down":  { "uv": [ 0, 13, 8.5, 16 ], "rotation": 270, "texture": "#book_written" },
        "up":    { "uv": [ 0, 12.5, 9.5, 16 ], "rotation": 90, "texture": "#book_written" },
        "north": { "uv": [ 7.5, 0, 16, 10 ], "texture": "#book_written" },
        "south": { "uv": [ 0, 0, 8, 10 ], "texture": "#book_written" },
        "west":  { "uv": [ 0, 10, 8, 12.5 ], "texture": "#book_written" },
        "east":  { "uv": [ 0, 13, 8, 15.5 ], "texture": "#book_written" }
    }
}
]
}