{
"__comment": "Designed by Killercreeper55 with BDcraft Cubik PRO 0.93 Beta - http://bdcraft.net",
"textures": {
    "particle": "blocks/stone_slab_top",
    "texture": "blocks/furnace_top",
    "shadow": "blocks/sandstone_bottom",
    "furnace_topcajon": "blocks/furnace_topcajon"
},
"elements": [ 
{
    "from": [ 0, 15, 0 ],
    "to": [ 16, 16, 16 ],
    "faces": {
        "down":  { "uv": [ 16, 16, 0, 0 ], "rotation": 270, "texture": "#texture" },
        "up":    { "uv": [ 0, 0, 16, 16 ], "rotation": 90, "texture": "#particle" },
        "north": { "uv": [ 0, 0, 16, 1 ], "texture": "#texture" },
        "south": { "uv": [ 0, 0, 16, 1 ], "texture": "#texture" },
        "west":  { "uv": [ 0, 0, 16, 1 ], "texture": "#texture" },
        "east":  { "uv": [ 0, 0, 16, 1 ], "texture": "#texture" }
    }
},
{
    "from": [ 15, 0, 0 ],
    "to": [ 16, 15, 16 ],
    "faces": {
        "down":  { "uv": [ 16, 1, 0, 0 ], "rotation": 270, "texture": "#texture" },
        "up":    { "uv": [ 0, 0, 16, 1 ], "rotation": 90, "texture": "#texture" },
        "north": { "uv": [ 0, 1, 1, 16 ], "texture": "#texture" },
        "south": { "uv": [ 15, 1, 16, 16 ], "texture": "#texture" },
        "west":  { "uv": [ 0, 1, 16, 16 ], "texture": "#texture" },
        "east":  { "uv": [ 0, 1, 16, 16 ], "texture": "#texture" }
    }
},
{
    "from": [ 0, 0, 0 ],
    "to": [ 1, 15, 16 ],
    "faces": {
        "down":  { "uv": [ 16, 16, 0, 15 ], "rotation": 270, "texture": "#texture" },
        "up":    { "uv": [ 0, 15, 16, 16 ], "rotation": 90, "texture": "#texture" },
        "north": { "uv": [ 15, 1, 16, 16 ], "texture": "#texture" },
        "south": { "uv": [ 0, 1, 1, 16 ], "texture": "#texture" },
        "west":  { "uv": [ 0, 1, 16, 16 ], "texture": "#texture" },
        "east":  { "uv": [ 0, 1, 16, 16 ], "texture": "#texture" }
    }
},
{
    "from": [ 0, 0, 0 ],
    "to": [ 16, 1, 16 ],
    "faces": {
        "down":  { "uv": [ 16, 16, 0, 0 ], "rotation": 270, "texture": "#texture" },
        "up":    { "uv": [ 0, 0, 16, 16 ], "rotation": 90, "texture": "#texture" },
        "north": { "uv": [ 0, 15, 16, 16 ], "texture": "#texture" },
        "south": { "uv": [ 0, 15, 16, 16 ], "texture": "#texture" },
        "west":  { "uv": [ 0, 15, 16, 16 ], "texture": "#texture" },
        "east":  { "uv": [ 0, 15, 16, 16 ], "texture": "#texture" }
    }
},
{
    "from": [ 1, 1, 0 ],
    "to": [ 15, 3, 16 ],
    "faces": {
        "down":  { "uv": [ 16, 15, 0, 1 ], "rotation": 270, "texture": "#texture" },
        "up":    { "uv": [ 0, 1, 16, 15 ], "rotation": 90, "texture": "#texture" },
        "north": { "uv": [ 0, 1.5, 15.5, 2.5 ], "texture": "#texture" },
        "south": { "uv": [ 0, 2.5, 16, 3.5 ], "texture": "#texture" },
        "west":  { "uv": [ 0, 5, 16, 6 ], "texture": "#texture" },
        "east":  { "uv": [ 0, 5, 15.5, 6 ], "texture": "#texture" }
    }
},
{
    "from": [ 1, 3, 1 ],
    "to": [ 15, 8.5, 2 ],
    "faces": {
        "down":  { "uv": [ 15, 15, 14, 1 ], "rotation": 270, "texture": "#texture" },
        "up":    { "uv": [ 1, 1, 2, 15 ], "rotation": 90, "texture": "#texture" },
        "north": { "uv": [ 0, 0, 16, 6.5 ], "texture": "#furnace_topcajon" },
        "south": { "uv": [ 1, 1, 15, 5 ], "texture": "#texture" },
        "west":  { "uv": [ 1, 1, 2, 5 ], "texture": "#texture" },
        "east":  { "uv": [ 14, 1, 15, 5 ], "texture": "#texture" }
    }
},
{
    "from": [ 1, 9.5, 1 ],
    "to": [ 15, 15, 2 ],
    "faces": {
        "down":  { "uv": [ 15, 15, 14, 1 ], "rotation": 270, "texture": "#texture" },
        "up":    { "uv": [ 1, 1, 2, 15 ], "rotation": 90, "texture": "#texture" },
        "north": { "uv": [ 0, 0, 16, 6.5 ], "texture": "#furnace_topcajon" },
        "south": { "uv": [ 1, 1, 15, 5 ], "texture": "#texture" },
        "west":  { "uv": [ 1, 1, 2, 5 ], "texture": "#texture" },
        "east":  { "uv": [ 14, 1, 15, 5 ], "texture": "#texture" }
    }
},
{
    "from": [ 1, 8.5, 0 ],
    "to": [ 15, 9.5, 16 ],
    "faces": {
        "down":  { "uv": [ 15, 15, 0.5, 1 ], "rotation": 270, "texture": "#texture" },
        "up":    { "uv": [ 1, 1, 15, 14.5 ], "rotation": 90, "texture": "#texture" },
        "north": { "uv": [ 1, 1.5, 14, 2.5 ], "texture": "#texture" },
        "south": { "uv": [ 1.5, 2.5, 15, 3.5 ], "texture": "#texture" },
        "west":  { "uv": [ 1, 5, 15, 6 ], "texture": "#texture" },
        "east":  { "uv": [ 1, 5, 14.5, 6 ], "texture": "#texture" }
    }
},
{
    "from": [ 1, 9.5, 14 ],
    "to": [ 15, 15, 15 ],
    "faces": {
        "down":  { "uv": [ 15, 15, 14, 1 ], "rotation": 270, "texture": "#texture" },
        "up":    { "uv": [ 1, 1, 2, 15 ], "rotation": 90, "texture": "#texture" },
        "north": { "uv": [ 0, 0, 16, 6.5 ], "texture": "#furnace_topcajon" },
        "south": { "uv": [ 0, 0, 16, 6.5 ], "texture": "#furnace_topcajon" },
        "west":  { "uv": [ 1, 1, 2, 5 ], "texture": "#texture" },
        "east":  { "uv": [ 14, 1, 15, 5 ], "texture": "#texture" }
    }
},
{
    "from": [ 1, 3, 14 ],
    "to": [ 15, 8.5, 15 ],
    "faces": {
        "down":  { "uv": [ 15, 15, 14, 1 ], "rotation": 270, "texture": "#texture" },
        "up":    { "uv": [ 1, 1, 2, 15 ], "rotation": 90, "texture": "#texture" },
        "north": { "uv": [ 0, 0, 16, 6.5 ], "texture": "#furnace_topcajon" },
        "south": { "uv": [ 0, 0, 16, 6.5 ], "texture": "#furnace_topcajon" },
        "west":  { "uv": [ 1, 1, 2, 5 ], "texture": "#texture" },
        "east":  { "uv": [ 14, 1, 15, 5 ], "texture": "#texture" }
    }
}
]
}