{
"__comment": "Designed by Killercreeper55 with BDcraft Cubik PRO 0.87 Beta - http://bdcraft.net",
"textures": {
    "particle": "blocks/texturabotella",
    "texture": "blocks/texturabotella",
    "wool_colored_gray": "blocks/wool_colored_gray",
    "better_leaves_Oak": "blocks/texturabotella2"
},
"elements": [ 
{
    "from": [ 4, -0.0625, 4.6875 ],
    "to": [ 17, 4.4375, 9.1875 ],
    "rotation": { "origin": [ 4, -0.0625, 4.6875 ], "axis": "y", "angle": -22.5 },
    "faces": {
        "down":  { "uv": [ 13.25, 11.1875, 0.25, 6.6875 ], "texture": "#texture" },
        "up":    { "uv": [ 2.75, 6.6875, 15.75, 11.1875 ], "texture": "#texture" },
        "north": { "uv": [ 0.25, 12, 13.25, 16 ], "texture": "#texture" },
        "south": { "uv": [ 0, 9.5, 15.5, 15.5 ], "texture": "#better_leaves_Oak" },
        "west":  { "uv": [ 6.6875, 12, 11.1875, 16 ], "texture": "#texture" },
        "east":  { "uv": [ 4.8125, 12, 9.3125, 16 ], "texture": "#texture" }
    }
},
{
    "from": [ -0.9375, 1.3125, 4.125 ],
    "to": [ 2.9375, 2.8125, 5.625 ],
    "rotation": { "origin": [ -0.9375, 1.3125, 4.125 ], "axis": "y", "angle": -22.5 },
    "faces": {
        "down":  { "uv": [ 16, 5.5, 14.5, 4 ], "texture": "#texture" },
        "up":    { "uv": [ 0, 4, 1.5, 5.5 ], "texture": "#texture" },
        "north": { "uv": [ 14.5, 0, 16, 1 ], "texture": "#texture" },
        "south": { "uv": [ 0, 0, 1.5, 1 ], "texture": "#texture" },
        "west":  { "uv": [ 4, 0, 5.5, 1 ], "texture": "#texture" },
        "east":  { "uv": [ 10.5, 0, 12, 1 ], "texture": "#texture" }
    }
},
{
    "from": [ 3, 0.5, 4.5 ],
    "to": [ 4, 3.5, 8.5 ],
    "rotation": { "origin": [ 3, 0.5, 4.5 ], "axis": "y", "angle": -22.5 },
    "faces": {
        "down":  { "uv": [ 5.5, 3, 10.5, 11 ], "texture": "#texture" },
        "up":    { "uv": [ 4.5, 3.5, 7, 9.5 ], "texture": "#texture" },
        "north": { "uv": [ 6, 6.5, 9.5, 11 ], "texture": "#texture" },
        "south": { "uv": [ 6, 6.5, 9.5, 11 ], "texture": "#texture" },
        "west":  { "uv": [ 5.5, 3.5, 7, 8.5 ], "texture": "#texture" },
        "east":  { "uv": [ 5, 5, 7.5, 9 ], "texture": "#texture" }
    }
},
{
    "from": [ -0.875, 1.125, 3.75 ],
    "to": [ -0.1875, 3.1875, 5.75 ],
    "rotation": { "origin": [ -0.875, 1.125, 3.75 ], "axis": "y", "angle": -22.5 },
    "faces": {
        "down":  { "uv": [ 5.5, 5.5, 9, 9 ], "texture": "#wool_colored_gray" },
        "up":    { "uv": [ 7.5, 8, 11, 12 ], "texture": "#wool_colored_gray" },
        "north": { "uv": [ 5, 6, 10, 10 ], "texture": "#wool_colored_gray" },
        "south": { "uv": [ 6.5, 6.5, 9, 9 ], "texture": "#wool_colored_gray" },
        "west":  { "uv": [ 6.5, 8.5, 9, 11 ], "texture": "#wool_colored_gray" },
        "east":  { "uv": [ 6.5, 7.5, 10, 10.5 ], "texture": "#wool_colored_gray" }
    }
}
],
"display": {
    "thirdperson": {
        "rotation": [ 0, 0, 0 ],
        "translation": [ 0, 0, 0 ],
        "scale": [ 1, 1, 1 ]
    },
    "head": {
        "rotation": [ 0, 60, 0 ],
        "translation": [ 0, -18, 0 ],
        "scale": [ 1, 1, 1 ]
    },
    "firstperson": {
        "rotation": [ 0, 0, 0 ],
        "translation": [ 0, 0, 0 ],
        "scale": [ 1, 1, 1 ]
    },
    "gui": {
        "rotation": [ 0, 0, 0 ],
        "translation": [ 0, 0, 0 ],
        "scale": [ 1, 1, 1 ]
    }
}
}