{
"__comment": "Designed by killercreeper_55 with BDcraft Cubik PRO 0.90 Beta - http://bdcraft.net",
"textures": {
"particle": "blocks/door_wood_upper",    
"texture": "blocks/door_wood_upper"
},
"elements": [ 
{
    "from": [ 0, 8.5, 2 ],
    "to": [ 1, 20, 14 ],
    "faces": {
        "down":  { "uv": [ 16, 14, 15, 2 ], "texture": "#texture" },
        "up":    { "uv": [ 0, 2, 1, 14 ], "texture": "#texture" },
        "north": { "uv": [ 15, 0, 16, 7.5 ], "texture": "#texture" },
        "south": { "uv": [ 0, 0, 1, 7.5 ], "texture": "#texture" },
        "west":  { "uv": [ 2, 0, 14, 7.5 ], "texture": "#texture" },
        "east":  { "uv": [ 2, 0, 14, 7.5 ], "texture": "#texture" }
    }
},
{
    "from": [ 1, 8.5, 2 ],
    "to": [ 12, 9.5, 14 ],
    "faces": {
        "down":  { "uv": [ 15, 14, 4, 2 ], "texture": "#texture" },
        "up":    { "uv": [ 1, 2, 12, 14 ], "texture": "#texture" },
        "north": { "uv": [ 4, 6.5, 15, 7.5 ], "texture": "#texture" },
        "south": { "uv": [ 1, 6.5, 12, 7.5 ], "texture": "#texture" },
        "west":  { "uv": [ 2, 6.5, 14, 7.5 ], "texture": "#texture" },
        "east":  { "uv": [ 2, 6.5, 14, 7.5 ], "texture": "#texture" }
    }
},
{
    "from": [ 0, 0, 2 ],
    "to": [ 1, 8.5, 3 ],
    "faces": {
        "down":  { "uv": [ 16, 3, 15, 2 ], "texture": "#texture" },
        "up":    { "uv": [ 0, 2, 1, 3 ], "texture": "#texture" },
        "north": { "uv": [ 15, 7.5, 16, 16 ], "texture": "#texture" },
        "south": { "uv": [ 0, 7.5, 1, 16 ], "texture": "#texture" },
        "west":  { "uv": [ 2, 7.5, 3, 16 ], "texture": "#texture" },
        "east":  { "uv": [ 13, 7.5, 14, 16 ], "texture": "#texture" }
    }
},
{
    "from": [ 0, 0, 13 ],
    "to": [ 1, 8.5, 14 ],
    "faces": {
        "down":  { "uv": [ 16, 14, 15, 13 ], "texture": "#texture" },
        "up":    { "uv": [ 0, 13, 1, 14 ], "texture": "#texture" },
        "north": { "uv": [ 15, 7.5, 16, 16 ], "texture": "#texture" },
        "south": { "uv": [ 0, 7.5, 1, 16 ], "texture": "#texture" },
        "west":  { "uv": [ 13, 7.5, 14, 16 ], "texture": "#texture" },
        "east":  { "uv": [ 2, 7.5, 3, 16 ], "texture": "#texture" }
    }
},
{
    "from": [ 11, 0, 13 ],
    "to": [ 12, 8.5, 14 ],
    "faces": {
        "down":  { "uv": [ 5, 14, 4, 13 ], "texture": "#texture" },
        "up":    { "uv": [ 11, 13, 12, 14 ], "texture": "#texture" },
        "north": { "uv": [ 4, 7.5, 5, 16 ], "texture": "#texture" },
        "south": { "uv": [ 11, 7.5, 12, 16 ], "texture": "#texture" },
        "west":  { "uv": [ 13, 7.5, 14, 16 ], "texture": "#texture" },
        "east":  { "uv": [ 2, 7.5, 3, 16 ], "texture": "#texture" }
    }
},
{
    "from": [ 11, 0, 13 ],
    "to": [ 12, 8.5, 14 ],
    "faces": {
        "down":  { "uv": [ 5, 14, 4, 13 ], "texture": "#texture" },
        "up":    { "uv": [ 11, 13, 12, 14 ], "texture": "#texture" },
        "north": { "uv": [ 4, 7.5, 5, 16 ], "texture": "#texture" },
        "south": { "uv": [ 11, 7.5, 12, 16 ], "texture": "#texture" },
        "west":  { "uv": [ 13, 7.5, 14, 16 ], "texture": "#texture" },
        "east":  { "uv": [ 2, 7.5, 3, 16 ], "texture": "#texture" }
    }
},
{
    "from": [ 11, 0, 2 ],
    "to": [ 12, 8.5, 3 ],
    "faces": {
        "down":  { "uv": [ 5, 3, 4, 2 ], "texture": "#texture" },
        "up":    { "uv": [ 11, 2, 12, 3 ], "texture": "#texture" },
        "north": { "uv": [ 4, 7.5, 5, 16 ], "texture": "#texture" },
        "south": { "uv": [ 11, 7.5, 12, 16 ], "texture": "#texture" },
        "west":  { "uv": [ 2, 7.5, 3, 16 ], "texture": "#texture" },
        "east":  { "uv": [ 13, 7.5, 14, 16 ], "texture": "#texture" }
    }
}
]
}