{
"__comment": "Designed by Killercreeper55 with BDcraft Cubik PRO 0.96 Beta - http://bdcraft.net",
"textures": {
    "particle": "blocks/door_wood_upper",
    "texture": "blocks/glass_lime",
    "grada": "blocks/grada"
},
"elements": [ 
{
    "from": [ -1, -0.0625, -0.5 ],
    "to": [ 17, 4, 16.5 ],
    "faces": {
        "down":  { "uv": [ 16, 16, 0, 0 ], "texture": "#texture" },
        "up":    { "uv": [ 0, 0, 16, 16 ], "texture": "#texture" },
        "north": { "uv": [ 0, 12, 16, 16 ], "texture": "#texture" },
        "south": { "uv": [ 0, 12, 16, 16 ], "texture": "#texture" },
        "west":  { "uv": [ 0, 12, 16, 16 ], "texture": "#texture" },
        "east":  { "uv": [ 0, 12, 16, 16 ], "texture": "#texture" }
    }
},
{
    "from": [ -0.375, 0, 0 ],
    "to": [ 16.5, 16, 16 ],
    "faces": {
        "down":  { "uv": [ 16, 16, 0, 0 ], "texture": "#texture" },
        "up":    { "uv": [ 0, 0, 16, 16 ], "texture": "#texture" },
        "north": { "uv": [ 0, 0, 16, 16 ], "texture": "#texture" },
        "south": { "uv": [ 0, 0, 16, 16 ], "texture": "#texture" },
        "west":  { "uv": [ 0, 0, 16, 16 ], "texture": "#texture" },
        "east":  { "uv": [ 0, 0, 16, 16 ], "texture": "#texture" }
    }
}
]
}