{
"__comment": "Designed by Killercreeper55 with BDcraft Cubik PRO 0.93 Beta - http://bdcraft.net",
"textures": {
    "particle": "blocks/stonebrick",
    "texture": "blocks/wheat_stage_1",
    "planks_oak": "blocks/dirt",
    "book": "blocks/dirt2",
    "book_written": "items/misc/book_written",
    "water_flow": "blocks/water_flow",
    "door_wood_lowervolteada": "blocks/door_wood_lowervolteada",
    "shadow": "blocks/shadow"
},
"elements": [ 
{
    "from": [ 0, 0, 0 ],
    "to": [ 16, 16, 16 ],
    "faces": {
        "down":  { "uv": [ 16, 16, 0, 0 ], "texture": "#particle" },
        "up":    { "uv": [ 0, 0, 16, 16 ], "texture": "#particle" },
        "north": { "uv": [ 0, 0, 16, 16 ], "texture": "#particle" },
        "south": { "uv": [ 0, 0, 16, 16 ], "texture": "#particle" },
        "west":  { "uv": [ 0, 0, 16, 16 ], "texture": "#particle" },
        "east":  { "uv": [ 0, 0, 16, 16 ], "texture": "#particle" }
    }
},
{
    "from": [ 0.0625, 11.8125, -0.1875 ],
    "to": [ 15.875, 16.3125, 7.4375 ],
    "faces": {
        "down":  { "uv": [ 15.9375, 7.4375, 0.125, 0 ], "texture": "#particle" },
        "up":    { "uv": [ 0.0625, 0, 15.875, 7.4375 ], "texture": "#particle" },
        "north": { "uv": [ 0.125, 0, 15.9375, 4.1875 ], "texture": "#particle" },
        "south": { "uv": [ 0.0625, 0, 15.875, 4.1875 ], "texture": "#particle" },
        "west":  { "uv": [ 0, 0, 7.4375, 4.1875 ], "texture": "#particle" },
        "east":  { "uv": [ 8.5625, 0, 16, 4.1875 ], "texture": "#particle" }
    }
}
],
"display": {
    "thirdperson_righthand": {
        "rotation": [ 65, 0, 0 ],
        "translation": [ -6.99, -8.13, -3.78 ],
        "scale": [ 1.17, 1, 1 ]
    },
    "thirdperson_lefthand": {
        "rotation": [ 65, 0, 0 ],
        "translation": [ -4.91, -10.2, -4.91 ],
        "scale": [ 1.17, 0.82, 1.2 ]
    },
    "head": {
        "rotation": [ 0, 0, 0 ],
        "translation": [ 0, -24, 0 ],
        "scale": [ 2.2, 2.14, 2.33 ]
    },
    "firstperson_righthand": {
        "rotation": [ 0, 0, 0 ],
        "translation": [ 0, 0, 0 ],
        "scale": [ 0.28, 0.35, 0.25 ]
    },
    "firstperson_lefthand": {
        "rotation": [ 0, 0, 0 ],
        "translation": [ 0, 0, 0 ],
        "scale": [ 0.28, 0.35, 0.25 ]
    },
    "gui": {
        "rotation": [ 35, 50, 0 ],
        "translation": [ 0.19, 0, 0 ],
        "scale": [ 0.57, 0.54, 0.54 ]
    }
}
}