{
"__comment": "Designed by Killercreeper55 with BDcraft Cubik PRO 0.93 Beta - http://bdcraft.net",
"textures": {
    "particle": "blocks/cinta1",
    "texture": "blocks/cinta2",
    "furnace_top": "blocks/furnace_top",
    "beacon_bottom": "blocks/beacon_bottom"
},
"elements": [ 
{
    "from": [ 4.375, 5.8125, 14 ],
    "to": [ 11.5, 11.5, 16.125 ],
    "faces": {
        "down":  { "uv": [ 11.3125, 10.3125, 4.1875, 8.1875 ], "rotation": 180, "texture": "#furnace_top" },
        "up":    { "uv": [ 4.6875, 8.1875, 11.8125, 10.3125 ], "rotation": 180, "texture": "#furnace_top" },
        "north": { "uv": [ 4.6875, 4.625, 11.8125, 10.3125 ], "texture": "#furnace_top" },
        "south": { "uv": [ 4.1875, 4.625, 11.3125, 10.3125 ], "texture": "#furnace_top" },
        "west":  { "uv": [ 5.6875, 4.625, 7.8125, 10.3125 ], "texture": "#furnace_top" },
        "east":  { "uv": [ 8.1875, 4.625, 10.3125, 10.3125 ], "texture": "#furnace_top" }
    }
},
{
    "from": [ 5.3125, 6.9375, 13 ],
    "to": [ 10.5, 10.5, 15 ],
    "faces": {
        "down":  { "uv": [ 4, 4, 11.5, 8 ], "rotation": 180, "texture": "#beacon_bottom" },
        "up":    { "uv": [ 4, 4, 12, 8.5 ], "rotation": 180, "texture": "#beacon_bottom" },
        "north": { "uv": [ 4, 4, 12, 12 ], "texture": "#beacon_bottom" },
        "south": { "uv": [ 4, 4, 12.5, 12 ], "texture": "#beacon_bottom" },
        "west":  { "uv": [ 8, 4.5, 11.5, 12 ], "texture": "#beacon_bottom" },
        "east":  { "uv": [ 4, 4, 8, 12 ], "texture": "#beacon_bottom" }
    }
},
{
    "from": [ 4.875, 6.6875, 13.5 ],
    "to": [ 11, 11, 14.5 ],
    "faces": {
        "down":  { "uv": [ 11, 3.5, 4.875, 2.5 ], "rotation": 180, "texture": "#beacon_bottom" },
        "up":    { "uv": [ 4.5, 3, 10.625, 4 ], "rotation": 180, "texture": "#beacon_bottom" },
        "north": { "uv": [ 5, 2.5, 11.5, 4 ], "texture": "#beacon_bottom" },
        "south": { "uv": [ 4.5, 2.5, 10.5, 4 ], "texture": "#beacon_bottom" },
        "west":  { "uv": [ 2.5, 6, 3.5, 10.3125 ], "texture": "#beacon_bottom" },
        "east":  { "uv": [ 12.5, 5, 13.5, 9.3125 ], "texture": "#beacon_bottom" }
    }
}
],
"display": {
    "head": {
        "rotation": [ 0, 0, 0 ],
        "translation": [ 0, -15, 0 ],
        "scale": [ 3.4, 1.98, 3.12 ]
    }
}
}