{
    "custom.grabadora": {
        "category": "ambient",
        "sounds": [
            {
                "name": "custom/grabadora",
                "stream": false
            }]
    },"custom.amb1.pasos1": {
        "category": "ambient",
        "sounds": [
            {
                "name": "custom/amb1/pasos1",
                "stream": true
            }]
    },"custom.coche": {
        "category": "ambient",
        "sounds": [
            {
                "name": "custom/coche",
                "stream": true
            }]
    },"custom.perrolargo": {
        "category": "ambient",
        "sounds": [
            {
                "name": "custom/perrolargo",
                "stream": true
            }]
    },"custom.perro2": {
        "category": "ambient",
        "sounds": [
            {
                "name": "custom/perro2",
                "stream": true
            }]
    },"custom.perro1": {
        "category": "ambient",
        "sounds": [
            {
                "name": "custom/perro1",
                "stream": true
            }]
    },"custom.paranoia": {
        "category": "ambient",
        "sounds": [
            {
                "name": "custom/paranoia",
                "stream": true
            }]
    },"custom.entrar": {
        "category": "ambient",
        "sounds": [
            {
                "name": "custom/entrar",
                "stream": true
            }]
    },"custom.shuu": {
        "category": "ambient",
        "sounds": [
            {
                "name": "custom/shuu",
                "stream": true
            }]
    },"custom.caja": {
        "category": "ambient",
        "sounds": [
            {
                "name": "custom/caja",
                "stream": true
            }]
    },"custom.vigilant": {
        "category": "ambient",
        "sounds": [
            {
                "name": "custom/vigilant",
                "stream": true
            }]
    },"custom.bums": {
        "category": "ambient",
        "sounds": [
            {
                "name": "custom/bums",
                "stream": false            }]
    },"custom.amb1.paso4": {
        "category": "ambient",
        "sounds": [
            {
                "name": "custom/amb1/paso4",
                "stream": true
            }]
    },"custom.papel2": {
        "category": "ambient",
        "sounds": [
            {
                "name": "custom/papel2",
                "stream": true
            }]
    },"custom.nino2": {
        "category": "ambient",
        "sounds": [
            {
                "name": "custom/nino2",
                "stream": false
            }]
    },"custom.nino3": {
        "category": "ambient",
        "sounds": [
            {
                "name": "custom/nino3",
                "stream": true
            }]
    },"custom.nino1": {
        "category": "ambient",
        "sounds": [
            {
                "name": "custom/nino1",
                "stream": true
            }]
    },"custom.papel1": {
        "category": "ambient",
        "sounds": [
            {
                "name": "custom/papel1",
                "stream": true
            }]
    },"custom.introspa": {
        "category": "ambient",
        "sounds": [
            {
                "name": "custom/introspa",
                "stream": true
            }]
    },"custom.amb1.paso3": {
        "category": "ambient",
        "sounds": [
            {
                "name": "custom/amb1/paso3",
                "stream": true
            }]
    },"custom.amb1.amb7": {
        "category": "ambient",
        "sounds": [
            {
                "name": "custom/amb1/amb7",
                "stream": false
            }]
    },"custom.amb1.paso2": {
        "category": "ambient",
        "sounds": [
            {
                "name": "custom/amb1/paso2",
                "stream": true            }]
    },"custom.amb1.bomb": {
        "category": "ambient",
        "sounds": [
            {
                "name": "custom/amb1/bomb",
                "stream": true
            }]
    },"custom.amb1.amb3": {
        "category": "ambient",
        "sounds": [
            {
                "name": "custom/amb1/amb3",
                "stream": false
            }]
    },"custom.amb1.amb6": {
        "category": "ambient",
        "sounds": [
            {
                "name": "custom/amb1/amb6",
                "stream": false
            }]
    },"custom.amb1.amb5": {
        "category": "ambient",
        "sounds": [
            {
                "name": "custom/amb1/amb5",
                "stream": false
            }]
    },"custom.amb1.amb2": {
        "category": "ambient",
        "sounds": [
            {
                "name": "custom/amb1/amb2",
                "stream": false
            }]
    },"custom.amb1.amb4": {
        "category": "ambient",
        "sounds": [
            {
                "name": "custom/amb1/amb4",
                "stream": false            }]
    },"custom.amb1.final": {
        "category": "ambient",
        "sounds": [
            {
                "name": "custom/amb1/final",
                "stream": false            }]
    },"custom.amb1.amb1": {
        "category": "ambient",
        "sounds": [
            {
                "name": "custom/amb1/amb1",
                "stream": false            }]
    },"custom.amb1": {
        "category": "ambient",
        "sounds": [
            {
                "name": "custom/amb1",
                "stream": true
            }]
    },"custom.perro": {
        "category": "ambient",
        "sounds": [
            {
                "name": "custom/perro",
                "stream": true
            }]
    },"custom.cristalinside": {
        "category": "ambient",
        "sounds": [
            {
                "name": "custom/cristalinside",
                "stream": true
            }]
    },"custom.puertacerrada": {
        "category": "ambient",
        "sounds": [
            {
                "name": "custom/puertacerrada",
                "stream": true
    }]
    
},"custom.luzmal": {
        "category": "ambient",
        "sounds": [
            {
                "name": "custom/luzmal",
                "stream": true
            }]
    },"custom.pelota": {
        "category": "ambient",
        "sounds": [
            {
                "name": "custom/pelota",
                "stream": true
            }]
    },"custom.boton": {
        "category": "ambient",
        "sounds": [
            {
                "name": "custom/boton",
                "stream": true
            }]
    },"custom.escaleras": {
        "category": "ambient",
        "sounds": [
            {
                "name": "custom/escaleras",
                "stream": true
            }]
    },"custom.libreria": {
        "category": "ambient",
        "sounds": [
            {
                "name": "custom/libreria",
                "stream": true
            }]
    },"custom.arrastrarc3": {
        "category": "ambient",
        "sounds": [
            {
                "name": "custom/arrastrarc3",
                "stream": true
            }]
    },"custom.arrastrarc2": {
        "category": "ambient",
        "sounds": [
            {
                "name": "custom/arrastrarc2",
                "stream": true
            }]
    },"custom.arrastrarc": {
        "category": "ambient",
        "sounds": [
            {
                "name": "custom/arrastrarc",
                "stream": true
            }]
    },"custom.puertabom": {
        "category": "ambient",
        "sounds": [
            {
                "name": "custom/puertabom",
                "stream": true
            }]
    },"custom.contador1": {
        "category": "ambient",
        "sounds": [
            {
                "name": "custom/contador1",
                "stream": true
            }]
    },"custom.inves": {
        "category": "ambient",
        "sounds": [
            {
                "name": "custom/inves",
                "stream": false
            }]
    },"custom.puerta2": {
        "category": "ambient",
        "sounds": [
            {
                "name": "custom/puerta2",
                "stream": false
            }]
    },"custom.click2": {
        "category": "ambient",
        "sounds": [
            {
                "name": "custom/click2",
                "stream": false            }]
    },"custom.click1": {
        "category": "ambient",
        "sounds": [
            {
                "name": "custom/click1",
                "stream": false
            }]
    },"custom.arrastrar1": {
        "category": "ambient",
        "sounds": [
            {
                "name": "custom/arrastrar1",
                "stream": true
            }]
    },"custom.arrastrar2": {
        "category": "ambient",
        "sounds": [
            {
                "name": "custom/arrastrar2",
                "stream": true
            }]
    },"custom.telefono1": {
        "category": "ambient",
        "sounds": [
            {
                "name": "custom/telefono1",
                "stream": true
            }]
    },"custom.puerta3": {
        "category": "ambient",
        "sounds": [
            {
                "name": "custom/puerta3",
                "stream": false            }]
    },"custom.llaves": {
        "category": "ambient",
        "sounds": [
            {
                "name": "custom/llaves",
                "stream": true
            }]
    },"custom.chest": {
        "category": "player",
        "sounds": [
            {
                "name": "custom/chest",
                "stream": false            }]
    },"custom.pelota2": {
        "category": "ambient",
        "sounds": [
            {
                "name": "custom/pelota2",
                "stream": true
            }]
    },"custom.puerta1": {
        "category": "ambient",
        "sounds": [
            {
                "name": "custom/puerta1",
                "stream": false
            }]
    },"custom.cristal1": {
        "category": "ambient",
        "sounds": [
            {
                "name": "custom/cristal1",
                "stream": true
            }]
    },"custom.alarma3": {
        "category": "ambient",
        "sounds": [
            {
                "name": "custom/alarma3",
                "stream": true
            }]
    },"custom.alarma2": {
        "category": "ambient",
        "sounds": [
            {
                "name": "custom/alarma2",
                "stream": true
            }]
    },"custom.alarma1": {
        "category": "ambient",
        "sounds": [
            {
                "name": "custom/alarma1",
                "stream": true
            }]
    },"custom.ladrillo1": {
        "category": "ambient",
        "sounds": [
            {
                "name": "custom/ladrillo1",
                "stream": true
            }]
    },"custom.grillo": {
        "category": "ambient",
        "sounds": [
            {
                "name": "custom/grillo",
                "stream": true            }]
    },"custom.victoria2": {
        "category": "ambient",
        "sounds": [
            {
                "name": "custom/victoria2",
                "stream": true
            }]
    }    }