{
"__comment": "Designed by Killercreeper55 with BDcraft Cubik PRO 0.93 Beta - http://bdcraft.net",
"textures": {
    "peri�dico": "blocks/sobres",
    "paper": "items/paper"
},
"elements": [ 
{
    "from": [ 3.75, 6.875, 9.5625 ],
    "to": [ 10.75, 6.9375, 13.625 ],
    "rotation": { "origin": [ 3.75, 6.875, 9.5625 ], "axis": "y", "angle": 22.5 },
    "faces": {
        "down":  { "uv": [ 16, 16, 14.5, 14.5 ], "rotation": 180, "texture": "#paper" },
        "up":    { "uv": [ 8.5, 11, 15.5, 15.5 ], "rotation": 180, "texture": "#peri�dico" },
        "north": { "uv": [ 0, 0, 5.5, 1 ], "texture": "#paper" },
        "south": { "uv": [ 10.5, 0, 16, 1 ], "texture": "#paper" },
        "west":  { "uv": [ 0, 0, 12, 1 ], "texture": "#paper" },
        "east":  { "uv": [ 4, 0, 16, 1 ], "texture": "#paper" }
    }
}
],
"display": {
    "thirdperson": {
        "rotation": [ 26, 0, 0 ],
        "translation": [ 3.5, 6.6, 5.9 ],
        "scale": [ 1, 1, 1 ]
    }
}
}