{
"__comment": "Designed by Killercreeper55 with BDcraft Cubik PRO 0.93 Beta - http://bdcraft.net",
"textures": {
    "particle": "blocks/piston_bottom",
    "texture": "blocks/brick",
    "stone_andesite_smooth": "blocks/stone_andesite_smooth",
    "brick": "blocks/brick"
},
"elements": [ 
{
    "from": [ 3.1875, -0.0625, 5.6875 ],
    "to": [ 12.875, 2.75, 11.25 ],
    "faces": {
        "down":  { "uv": [ 0.5, 11, 12, 5 ], "texture": "#texture" },
        "up":    { "uv": [ 0, 1, 12, 7 ], "texture": "#texture" },
        "north": { "uv": [ 0, 0, 12.5, 8 ], "texture": "#texture" },
        "south": { "uv": [ 0, 0, 12.5, 8 ], "texture": "#texture" },
        "west":  { "uv": [ 0, 0, 12, 8 ], "texture": "#texture" },
        "east":  { "uv": [ 0, 0, 12.5, 8 ], "texture": "#texture" }
    }
}
],
"display": {
    "thirdperson_righthand": {
        "rotation": [ 0, 74, 23 ],
        "translation": [ 0.4, 5.1, 0.76 ],
        "scale": [ 0.69, 0.66, 0.63 ]
    },
    "thirdperson_lefthand": {
        "rotation": [ 0, 0, 0 ],
        "translation": [ 0.94, 2.83, 0 ],
        "scale": [ 0.41, 0.35, 0.41 ]
    },
    "ground": {
        "rotation": [ 0, 0, 0 ],
        "translation": [ 0, 3.02, 0 ],
        "scale": [ 0.66, 0.66, 0.5 ]
    },
    "firstperson_righthand": {
        "rotation": [ 0, -108, -13 ],
        "translation": [ -13.8, 9.67, 1.51 ],
        "scale": [ 0.79, 0.85, 0.79 ]
    },
    "firstperson_lefthand": {
        "rotation": [ 4, -108, -13 ],
        "translation": [ -12.28, 9.24, 1.89 ],
        "scale": [ 0.79, 0.85, 0.79 ]
    },
    "gui": {
        "rotation": [ 0, -1, -17 ],
        "translation": [ 5.1, 16.25, 3.21 ],
        "scale": [ 1.23, 2.74, 2.99 ]
    }
}
}