{
"__comment": "Designed by Killercreeper55 with BDcraft Cubik PRO 0.93 Beta - http://bdcraft.net",
"textures": {
    "particle": "blocks/cinta1",
    "texture": "blocks/cinta2",
    "furnace_top": "blocks/furnace_top"
},
"elements": [ 
{
    "from": [ 8.4375, 3.3125, 4 ],
    "to": [ 13.9375, 4.8125, 4.0625 ],
    "rotation": { "origin": [ 8.4375, 4.8125, 4 ], "axis": "z", "angle": -22.5 },
    "faces": {
        "down":  { "uv": [ 3, 7.5, 8.5, 11 ], "texture": "#particle" },
        "up":    { "uv": [ 2, 7.5, 9, 10.5 ], "texture": "#particle" },
        "north": { "uv": [ 0, 6, 16, 11 ], "texture": "#texture" },
        "south": { "uv": [ 0, 6, 16, 11.5 ], "texture": "#texture" },
        "west":  { "uv": [ 0.5, 7, 13, 8.5 ], "texture": "#particle" },
        "east":  { "uv": [ 0, 7.5, 15.5, 10 ], "texture": "#particle" }
    }
},
{
    "from": [ 17.25, 2, 3.625 ],
    "to": [ 18.75, 2.0625, 4.75 ],
    "rotation": { "origin": [ 17.25, 2, 3.625 ], "axis": "y", "angle": -22.5 },
    "faces": {
        "down":  { "uv": [ 3, 7.5, 8.5, 11 ], "texture": "#particle" },
        "up":    { "uv": [ 2, 7.5, 9, 10.5 ], "texture": "#particle" },
        "north": { "uv": [ 0, 6, 16, 11 ], "texture": "#particle" },
        "south": { "uv": [ 0, 6, 16, 11.5 ], "texture": "#particle" },
        "west":  { "uv": [ 0.5, 7, 13, 8.5 ], "texture": "#particle" },
        "east":  { "uv": [ 0, 7.5, 15.5, 10 ], "texture": "#particle" }
    }
},
{
    "from": [ -2.6875, 11.8125, 4 ],
    "to": [ 1.3125, 13.3125, 4.0625 ],
    "rotation": { "origin": [ -2.6875, 13.3125, 4 ], "axis": "z", "angle": -45 },
    "faces": {
        "down":  { "uv": [ 3, 7.5, 8.5, 11 ], "texture": "#particle" },
        "up":    { "uv": [ 2, 7.5, 9, 10.5 ], "texture": "#particle" },
        "north": { "uv": [ 0, 6, 16, 11 ], "texture": "#particle" },
        "south": { "uv": [ 0, 6, 16, 11.5 ], "texture": "#particle" },
        "west":  { "uv": [ 0.5, 7, 13, 8.5 ], "texture": "#particle" },
        "east":  { "uv": [ 0, 7.5, 15.5, 10 ], "texture": "#particle" }
    }
},
{
    "from": [ 0.125, 9, 4 ],
    "to": [ 5.625, 10.5, 4.0625 ],
    "rotation": { "origin": [ 0.125, 10.5, 4 ], "axis": "z", "angle": -45 },
    "faces": {
        "down":  { "uv": [ 3, 7.5, 8.5, 11 ], "texture": "#particle" },
        "up":    { "uv": [ 2, 7.5, 9, 10.5 ], "texture": "#particle" },
        "north": { "uv": [ 0, 6, 16, 11 ], "texture": "#texture" },
        "south": { "uv": [ 0, 6, 16, 11.5 ], "texture": "#texture" },
        "west":  { "uv": [ 0.5, 7, 13, 8.5 ], "texture": "#particle" },
        "east":  { "uv": [ 0, 7.5, 15.5, 10 ], "texture": "#particle" }
    }
},
{
    "from": [ 17.5625, 1.125, 3.5625 ],
    "to": [ 18.5625, 2, 16.4375 ],
    "rotation": { "origin": [ 17.5625, 1.125, 3.5625 ], "axis": "y", "angle": -22.5 },
    "faces": {
        "down":  { "uv": [ 16, 4.5, 16, 3.5 ], "texture": "#furnace_top" },
        "up":    { "uv": [ 0, 3.5, 0, 4.5 ], "texture": "#furnace_top" },
        "north": { "uv": [ 16, 1.5, 16, 14.5 ], "texture": "#furnace_top" },
        "south": { "uv": [ 0, 1.5, 0, 14.5 ], "texture": "#furnace_top" },
        "west":  { "uv": [ 3.5, 1.5, 4.5, 14.5 ], "texture": "#furnace_top" },
        "east":  { "uv": [ 11.5, 1.5, 12.5, 14.5 ], "texture": "#furnace_top" }
    }
},
{
    "from": [ 12.1875, 0.125, 14.8125 ],
    "to": [ 14.4375, 2.3125, 15.8125 ],
    "rotation": { "origin": [ 12.1875, 0.125, 14.8125 ], "axis": "y", "angle": -22.5 },
    "faces": {
        "down":  { "uv": [ 3.75, 16, 1.5, 15.125 ], "texture": "#furnace_top" },
        "up":    { "uv": [ 12.25, 15.125, 14.5, 16 ], "texture": "#furnace_top" },
        "north": { "uv": [ 1.5, 15.1875, 3.75, 16 ], "texture": "#furnace_top" },
        "south": { "uv": [ 12.25, 15.1875, 14.5, 16 ], "texture": "#furnace_top" },
        "west":  { "uv": [ 15.125, 15.1875, 16, 16 ], "texture": "#furnace_top" },
        "east":  { "uv": [ 0, 15.1875, 0.875, 16 ], "texture": "#furnace_top" }
    }
},
{
    "from": [ -3.6875, 0.375, 3.5 ],
    "to": [ -2.6875, 14.5, 4.5 ],
    "faces": {
        "down":  { "uv": [ 16, 4.5, 16, 3.5 ], "texture": "#furnace_top" },
        "up":    { "uv": [ 0, 3.5, 0, 4.5 ], "texture": "#furnace_top" },
        "north": { "uv": [ 16, 1.5, 16, 14.5 ], "texture": "#furnace_top" },
        "south": { "uv": [ 0, 1.5, 0, 14.5 ], "texture": "#furnace_top" },
        "west":  { "uv": [ 3.5, 1.5, 4.5, 14.5 ], "texture": "#furnace_top" },
        "east":  { "uv": [ 11.5, 1.5, 12.5, 14.5 ], "texture": "#furnace_top" }
    }
},
{
    "from": [ -4.25, -0.0625, 2.875 ],
    "to": [ -2, 0.75, 5 ],
    "faces": {
        "down":  { "uv": [ 16, 5, 16, 2.875 ], "texture": "#furnace_top" },
        "up":    { "uv": [ 0, 2.875, 0, 5 ], "texture": "#furnace_top" },
        "north": { "uv": [ 16, 15.25, 16, 16 ], "texture": "#furnace_top" },
        "south": { "uv": [ 0, 15.25, 0, 16 ], "texture": "#furnace_top" },
        "west":  { "uv": [ 2.875, 15.25, 5, 16 ], "texture": "#furnace_top" },
        "east":  { "uv": [ 11, 15.25, 13.125, 16 ], "texture": "#furnace_top" }
    }
},
{
    "from": [ 3.5, 5.4375, 4 ],
    "to": [ 9, 6.9375, 4.0625 ],
    "rotation": { "origin": [ 3.5, 6.9375, 4 ], "axis": "z", "angle": -22.5 },
    "faces": {
        "down":  { "uv": [ 3, 7.5, 8.5, 11 ], "texture": "#particle" },
        "up":    { "uv": [ 2, 7.5, 9, 10.5 ], "texture": "#particle" },
        "north": { "uv": [ 0, 6, 16, 11 ], "texture": "#particle" },
        "south": { "uv": [ 0, 6, 16, 11.5 ], "texture": "#particle" },
        "west":  { "uv": [ 0.5, 7, 13, 8.5 ], "texture": "#particle" },
        "east":  { "uv": [ 0, 7.5, 15.5, 10 ], "texture": "#particle" }
    }
},
{
    "from": [ 12.875, 1.25, 4 ],
    "to": [ 17.5, 2.8125, 4.0625 ],
    "faces": {
        "down":  { "uv": [ 3, 7.5, 8.5, 11 ], "texture": "#particle" },
        "up":    { "uv": [ 2, 7.5, 9, 10.5 ], "texture": "#particle" },
        "north": { "uv": [ 0, 6, 16, 11 ], "texture": "#particle" },
        "south": { "uv": [ 0, 6, 16, 11.5 ], "texture": "#particle" },
        "west":  { "uv": [ 0.5, 7, 13, 8.5 ], "texture": "#particle" },
        "east":  { "uv": [ 0, 7.5, 15.5, 10 ], "texture": "#particle" }
    }
},
{
    "from": [ 17.875, 2.0625, 4.4375 ],
    "to": [ 19.375, 2.125, 5.5625 ],
    "rotation": { "origin": [ 17.875, 2.125, 4.4375 ], "axis": "z", "angle": -45 },
    "faces": {
        "down":  { "uv": [ 3, 7.5, 8.5, 11 ], "texture": "#particle" },
        "up":    { "uv": [ 2, 7.5, 9, 10.5 ], "texture": "#particle" },
        "north": { "uv": [ 0, 6, 16, 11 ], "texture": "#particle" },
        "south": { "uv": [ 0, 6, 16, 11.5 ], "texture": "#particle" },
        "west":  { "uv": [ 0.5, 7, 13, 8.5 ], "texture": "#particle" },
        "east":  { "uv": [ 0, 7.5, 15.5, 10 ], "texture": "#particle" }
    }
}
],
"display": {
    "head": {
        "rotation": [ 0, 0, 0 ],
        "translation": [ 0, -15, 0 ],
        "scale": [ 3.4, 1.98, 3.12 ]
    }
}
}