{
"__comment": "Designed by Killercreeper55 with BDcraft Cubik PRO 0.93 Beta - http://bdcraft.net",
"textures": {
    "particle": "blocks/grabadora1",
    "texture": "blocks/door_wood_upper"
},
"elements": [ 
{
    "from": [ 4.25, 2.6875, 7.125 ],
    "to": [ 10.5, 10.625, 10.4375 ],
    "faces": {
        "down":  { "uv": [ 10.5, 5, 5, 3 ], "texture": "#particle" },
        "up":    { "uv": [ 5, 3, 10, 5.5 ], "texture": "#particle" },
        "north": { "uv": [ 2.5, 2, 7, 6.5 ], "texture": "#particle" },
        "south": { "uv": [ 1.5, 12, 5.5, 15 ], "texture": "#particle" },
        "west":  { "uv": [ 7, 2, 9, 6 ], "texture": "#particle" },
        "east":  { "uv": [ 6, 2, 8, 6 ], "texture": "#particle" }
    }
},
{
    "from": [ 3.5625, 9.1875, 7 ],
    "to": [ 11.125, 16.3125, 10.625 ],
    "faces": {
        "down":  { "uv": [ 10.5, 5, 5, 3 ], "texture": "#particle" },
        "up":    { "uv": [ 5, 3, 10, 5.5 ], "texture": "#particle" },
        "north": { "uv": [ 2.5, 2, 7, 6.5 ], "texture": "#particle" },
        "south": { "uv": [ 1.5, 6.5, 7.5, 12 ], "texture": "#particle" },
        "west":  { "uv": [ 7, 2, 9, 6 ], "texture": "#particle" },
        "east":  { "uv": [ 6, 2, 8, 6 ], "texture": "#particle" }
    }
},
{
    "from": [ 10.9375, 10.625, 7.9375 ],
    "to": [ 11.4375, 15.5625, 10 ],
    "faces": {
        "down":  { "uv": [ 14, 9, 13.5, 6.9375 ], "texture": "#particle" },
        "up":    { "uv": [ 13.5, 7.5, 14, 9.5625 ], "texture": "#particle" },
        "north": { "uv": [ 13.5, 3, 14.5, 6 ], "texture": "#particle" },
        "south": { "uv": [ 13.5, 1.5, 14.5, 5 ], "texture": "#particle" },
        "west":  { "uv": [ 9, 7, 10.5, 11.5 ], "texture": "#particle" },
        "east":  { "uv": [ 9, 7, 10.5, 11 ], "texture": "#particle" }
    }
},
{
    "from": [ 3.625, 6.5, 7.9375 ],
    "to": [ 4.25, 8.0625, 9.5625 ],
    "faces": {
        "down":  { "uv": [ 14, 14, 13.5, 11.9375 ], "texture": "#particle" },
        "up":    { "uv": [ 13.5, 7.5, 14, 9.5625 ], "texture": "#particle" },
        "north": { "uv": [ 13.5, 3, 14, 6 ], "texture": "#particle" },
        "south": { "uv": [ 14, 2, 14.5, 5.5 ], "texture": "#particle" },
        "west":  { "uv": [ 12, 7, 13, 9 ], "texture": "#particle" },
        "east":  { "uv": [ 12, 7, 13, 8.5 ], "texture": "#particle" }
    }
},
{
    "from": [ 3.25, 11.375, 7.75 ],
    "to": [ 3.75, 15.5625, 9.875 ],
    "faces": {
        "down":  { "uv": [ 14, 9, 13.5, 6.9375 ], "texture": "#particle" },
        "up":    { "uv": [ 13.5, 7.5, 14, 9.5625 ], "texture": "#particle" },
        "north": { "uv": [ 13.5, 3, 14.5, 6 ], "texture": "#particle" },
        "south": { "uv": [ 13.5, 1.5, 14.5, 5 ], "texture": "#particle" },
        "west":  { "uv": [ 9, 7, 10.5, 11.5 ], "texture": "#particle" },
        "east":  { "uv": [ 9, 7, 10.5, 11 ], "texture": "#particle" }
    }
},
{
    "from": [ 4, 3.5625, 7.6875 ],
    "to": [ 4.5, 8.5, 9.6875 ],
    "faces": {
        "down":  { "uv": [ 14, 9, 13.5, 6.9375 ], "texture": "#particle" },
        "up":    { "uv": [ 13.5, 7.5, 14, 9.5625 ], "texture": "#particle" },
        "north": { "uv": [ 13.5, 3, 14.5, 6 ], "texture": "#particle" },
        "south": { "uv": [ 13.5, 1.5, 14.5, 5 ], "texture": "#particle" },
        "west":  { "uv": [ 9, 7, 10.5, 11.5 ], "texture": "#particle" },
        "east":  { "uv": [ 9, 7, 10.5, 11 ], "texture": "#particle" }
    }
},
{
    "from": [ 8.9375, 4.0625, 10.375 ],
    "to": [ 9.75, 6.5625, 10.625 ],
    "faces": {
        "down":  { "uv": [ 10.5, 5, 5, 3 ], "texture": "#particle" },
        "up":    { "uv": [ 5, 3, 10, 5.5 ], "texture": "#particle" },
        "north": { "uv": [ 2.5, 2, 7, 6.5 ], "texture": "#particle" },
        "south": { "uv": [ 12, 7, 13, 11 ], "texture": "#particle" },
        "west":  { "uv": [ 7, 2, 9, 6 ], "texture": "#particle" },
        "east":  { "uv": [ 6, 2, 8, 6 ], "texture": "#particle" }
    }
},
{
    "from": [ 3.3125, 10.125, 8.5625 ],
    "to": [ 3.6875, 11.6875, 8.9375 ],
    "rotation": { "origin": [ 3.3125, 11.6875, 8.5625 ], "axis": "x", "angle": -22.5 },
    "faces": {
        "down":  { "uv": [ 16, 4.6875, 16, 4 ], "texture": "#texture" },
        "up":    { "uv": [ 0, 4, 0, 4.6875 ], "texture": "#texture" },
        "north": { "uv": [ 16, 1.375, 16, 2.375 ], "texture": "#texture" },
        "south": { "uv": [ 0, 1.375, 0, 2.375 ], "texture": "#texture" },
        "west":  { "uv": [ 4, 1.375, 4.6875, 2.375 ], "texture": "#texture" },
        "east":  { "uv": [ 11.3125, 1.375, 12, 2.375 ], "texture": "#texture" }
    }
},
{
    "from": [ 4.375, 15.25, 10.0625 ],
    "to": [ 10.25, 15.5625, 10.75 ],
    "faces": {
        "down":  { "uv": [ 11.875, 10.75, 11.625, 10.0625 ], "texture": "#texture" },
        "up":    { "uv": [ 4.125, 10.0625, 4.375, 10.75 ], "texture": "#texture" },
        "north": { "uv": [ 1.5, 1.5, 2, 6 ], "texture": "#texture" },
        "south": { "uv": [ 1.5, 1.5, 2, 6 ], "texture": "#texture" },
        "west":  { "uv": [ 1.5, 2, 2, 6.5 ], "texture": "#texture" },
        "east":  { "uv": [ 1.5, 1, 2, 6.5 ], "texture": "#texture" }
    }
},
{
    "from": [ 4.125, 9.9375, 10.0625 ],
    "to": [ 4.375, 15.625, 10.75 ],
    "faces": {
        "down":  { "uv": [ 11.875, 10.75, 11.625, 10.0625 ], "texture": "#texture" },
        "up":    { "uv": [ 4.125, 10.0625, 4.375, 10.75 ], "texture": "#texture" },
        "north": { "uv": [ 1.5, 1.5, 2, 6 ], "texture": "#texture" },
        "south": { "uv": [ 1.5, 1.5, 2, 6 ], "texture": "#texture" },
        "west":  { "uv": [ 1.5, 2, 2, 6.5 ], "texture": "#texture" },
        "east":  { "uv": [ 1.5, 1, 2, 6.5 ], "texture": "#texture" }
    }
},
{
    "from": [ 10.25, 9.875, 10.0625 ],
    "to": [ 10.5, 15.5625, 10.75 ],
    "faces": {
        "down":  { "uv": [ 11.875, 10.75, 11.625, 10.0625 ], "texture": "#texture" },
        "up":    { "uv": [ 4.125, 10.0625, 4.375, 10.75 ], "texture": "#texture" },
        "north": { "uv": [ 1.5, 1.5, 2, 6 ], "texture": "#texture" },
        "south": { "uv": [ 1.5, 1.5, 2, 6 ], "texture": "#texture" },
        "west":  { "uv": [ 1.5, 2, 2, 6.5 ], "texture": "#texture" },
        "east":  { "uv": [ 1.5, 1, 2, 6.5 ], "texture": "#texture" }
    }
},
{
    "from": [ 4.375, 9.9375, 10.0625 ],
    "to": [ 10.25, 10.25, 10.75 ],
    "faces": {
        "down":  { "uv": [ 11.875, 10.75, 11.625, 10.0625 ], "texture": "#texture" },
        "up":    { "uv": [ 4.125, 10.0625, 4.375, 10.75 ], "texture": "#texture" },
        "north": { "uv": [ 1.5, 1.5, 2, 6 ], "texture": "#texture" },
        "south": { "uv": [ 1.5, 1.5, 2, 6 ], "texture": "#texture" },
        "west":  { "uv": [ 1.5, 2, 2, 6.5 ], "texture": "#texture" },
        "east":  { "uv": [ 1.5, 1, 2, 6.5 ], "texture": "#texture" }
    }
}
],
"display": {
    "thirdperson_righthand": {
        "rotation": [ 136, 180, 180 ],
        "translation": [ -0.19, 1.32, -1.32 ],
        "scale": [ 0.47, 0.56, 0.5 ]
    },
    "thirdperson_lefthand": {
        "rotation": [ 0, 0, 0 ],
        "translation": [ 0, 0, 0 ],
        "scale": [ 0, 0, 0 ]
    },
    "ground": {
        "rotation": [ 0, 0, 0 ],
        "translation": [ 0, 1.32, 0 ],
        "scale": [ 0.41, 0.5, 0.5 ]
    },
    "firstperson_righthand": {
        "rotation": [ -1, -14, 0 ],
        "translation": [ 0.94, 2.65, -3.1 ],
        "scale": [ 0.72, 0.76, 0.69 ]
    },
    "firstperson_lefthand": {
        "rotation": [ -9, -27, 3 ],
        "translation": [ -1.13, 2.08, -3.1 ],
        "scale": [ 0.85, 0.98, 0.91 ]
    },
    "gui": {
        "rotation": [ -28, -21, 14 ],
        "translation": [ 0.94, -1.32, 0 ],
        "scale": [ 0.85, 1.07, 0.66 ]
    }
}
}