{
"__comment": "Designed by Killercreeper55 with BDcraft Cubik PRO 0.93 Beta - http://bdcraft.net",
"textures": {
    "particle": "blocks/door_wood_upper",
    "texture": "blocks/mesa abierta",
    "furnace_top": "blocks/mesatop",
    "furnace_top": "blocks/furnace_top",
    "furnace_topcajon": "blocks/furnace_topcajon"
},
"elements": [ 
{
    "from": [ 3.5, 7, 12 ],
    "to": [ 12, 11, 13 ],
    "faces": {
        "down":  { "uv": [ 15, 15, 1, 10 ], "texture": "#furnace_topcajon" },
        "up":    { "uv": [ 1.5, 9.5, 13.5, 12.5 ], "texture": "#furnace_topcajon" },
        "north": { "uv": [ 1, 7.5, 15, 11.5 ], "texture": "#furnace_topcajon" },
        "south": { "uv": [ 0.5, 7.5, 14.5, 11.5 ], "texture": "#furnace_topcajon" },
        "west":  { "uv": [ 1, 8, 15, 12 ], "texture": "#furnace_topcajon" },
        "east":  { "uv": [ 1, 7.5, 15, 11.5 ], "texture": "#furnace_topcajon" }
    }
},
{
    "from": [ 3.5, 7, 4 ],
    "to": [ 12, 11, 4.5 ],
    "faces": {
        "down":  { "uv": [ 15, 15, 1, 10 ], "texture": "#furnace_topcajon" },
        "up":    { "uv": [ 1.5, 9.5, 13.5, 12.5 ], "texture": "#furnace_topcajon" },
        "north": { "uv": [ 0, 0, 16, 6.5 ], "texture": "#furnace_topcajon" },
        "south": { "uv": [ 0.5, 7.5, 14.5, 11.5 ], "texture": "#furnace_topcajon" },
        "west":  { "uv": [ 1, 8, 15, 12 ], "texture": "#furnace_topcajon" },
        "east":  { "uv": [ 1, 7.5, 15, 11.5 ], "texture": "#furnace_topcajon" }
    }
},
{
    "from": [ 3.5, 7, 4.5 ],
    "to": [ 12, 7.5, 12 ],
    "faces": {
        "down":  { "uv": [ 15, 15, 1, 10 ], "texture": "#furnace_topcajon" },
        "up":    { "uv": [ 1.5, 9.5, 13.5, 12.5 ], "texture": "#furnace_topcajon" },
        "north": { "uv": [ 1, 7.5, 15, 11.5 ], "texture": "#furnace_topcajon" },
        "south": { "uv": [ 0.5, 7.5, 14.5, 11.5 ], "texture": "#furnace_topcajon" },
        "west":  { "uv": [ 1, 8, 15, 12 ], "texture": "#furnace_topcajon" },
        "east":  { "uv": [ 1, 7.5, 15, 11.5 ], "texture": "#furnace_topcajon" }
    }
},
{
    "from": [ 12, 7, 4 ],
    "to": [ 12.5, 11, 13 ],
    "faces": {
        "down":  { "uv": [ 15, 15, 1, 10 ], "texture": "#furnace_topcajon" },
        "up":    { "uv": [ 1.5, 9.5, 13.5, 12.5 ], "texture": "#furnace_topcajon" },
        "north": { "uv": [ 1, 7.5, 15, 11.5 ], "texture": "#furnace_topcajon" },
        "south": { "uv": [ 0.5, 7.5, 14.5, 11.5 ], "texture": "#furnace_topcajon" },
        "west":  { "uv": [ 1, 8, 15, 12 ], "texture": "#furnace_topcajon" },
        "east":  { "uv": [ 1, 7.5, 15, 11.5 ], "texture": "#furnace_topcajon" }
    }
},
{
    "from": [ 3, 7, 4 ],
    "to": [ 3.5, 11, 13 ],
    "faces": {
        "down":  { "uv": [ 15, 15, 1, 10 ], "texture": "#furnace_topcajon" },
        "up":    { "uv": [ 1.5, 9.5, 13.5, 12.5 ], "texture": "#furnace_topcajon" },
        "north": { "uv": [ 1, 7.5, 15, 11.5 ], "texture": "#furnace_topcajon" },
        "south": { "uv": [ 0.5, 7.5, 14.5, 11.5 ], "texture": "#furnace_topcajon" },
        "west":  { "uv": [ 1.5, 7, 14.5, 13.5 ], "texture": "#furnace_topcajon" },
        "east":  { "uv": [ 1, 7.5, 15, 11.5 ], "texture": "#furnace_topcajon" }
    }
}
],
"display": {
    "thirdperson_lefthand": {
        "rotation": [ 0, 0, 0 ],
        "translation": [ 0, 0, 0 ],
        "scale": [ 0, 0, 0 ]
    },
    "head": {
        "rotation": [ 0, 0, 0 ],
        "translation": [ 0, -24, 0 ],
        "scale": [ 2.11, 1.67, 2.02 ]
    },
    "firstperson_lefthand": {
        "rotation": [ 0, 0, 0 ],
        "translation": [ 0, 0, 0 ],
        "scale": [ 0, 0, 0 ]
    }
}
}