{
"__comment": "Designed by Killercreeper55 with BDcraft Cubik PRO 0.93 Beta - http://bdcraft.net",
"textures": {
    "particle": "blocks/nino3",
    "texture": "blocks/nino2",
    "furnace_top": "blocks/voltaje",
    "shadow3": "blocks/shadow3",
    "glass": "blocks/glass"
},
"elements": [ 
{
    "from": [ 5.5, 11.5, 5 ],
    "to": [ 9.5, 15.5, 9 ],
    "faces": {
        "down":  { "uv": [ 12, 3.5, 8, 0 ], "texture": "#particle" },
        "up":    { "uv": [ 4, 0, 8, 3.5 ], "texture": "#particle" },
        "north": { "uv": [ 0, 3.5, 4, 7.5 ], "texture": "#particle" },
        "south": { "uv": [ 8, 3.5, 12, 7.5 ], "texture": "#particle" },
        "west":  { "uv": [ 4, 3.5, 8, 7.5 ], "texture": "#particle" },
        "east":  { "uv": [ 4, 0, 8, 3.5 ], "texture": "#particle" }
    }
},
{
    "from": [ 6, 6, 5 ],
    "to": [ 9, 11.5, 9 ],
    "faces": {
        "down":  { "uv": [ 5, 11.5, 2, 10 ], "texture": "#particle" },
        "up":    { "uv": [ 9.5, 9.5, 14.5, 11 ], "rotation": 270, "texture": "#particle" },
        "north": { "uv": [ 8, 9.5, 10, 15.5 ], "texture": "#particle" },
        "south": { "uv": [ 8, 9.5, 10, 15.5 ], "texture": "#particle" },
        "west":  { "uv": [ 9.5, 9.5, 14.5, 15.5 ], "texture": "#particle" },
        "east":  { "uv": [ 10, 10.5, 14, 15.5 ], "texture": "#particle" }
    }
},
{
    "from": [ 6.5, 0.5, 7 ],
    "to": [ 8.5, 6, 9 ],
    "faces": {
        "down":  { "uv": [ 9.5, 7.5, 7.5, 4.5 ], "texture": "#particle" },
        "up":    { "uv": [ 6.5, 4.5, 8.5, 7.5 ], "texture": "#particle" },
        "north": { "uv": [ 1.5, 9.5, 3, 15 ], "texture": "#particle" },
        "south": { "uv": [ 3, 9.5, 4.5, 15 ], "texture": "#particle" },
        "west":  { "uv": [ 2, 9.5, 4, 15.5 ], "texture": "#particle" },
        "east":  { "uv": [ 6.5, 9.5, 8, 14.5 ], "texture": "#particle" }
    }
},
{
    "from": [ 6.5, 0.5, 5 ],
    "to": [ 8.5, 6, 7 ],
    "faces": {
        "down":  { "uv": [ 9.5, 7.5, 7.5, 4.5 ], "texture": "#particle" },
        "up":    { "uv": [ 6.5, 4.5, 8.5, 7.5 ], "texture": "#particle" },
        "north": { "uv": [ 1.5, 9.5, 3, 15 ], "texture": "#particle" },
        "south": { "uv": [ 3, 9.5, 4.5, 15 ], "texture": "#particle" },
        "west":  { "uv": [ 2, 9.5, 4, 15.5 ], "texture": "#particle" },
        "east":  { "uv": [ 6.5, 9.5, 8, 14.5 ], "texture": "#particle" }
    }
},
{
    "from": [ 6.5, 5.5, 9 ],
    "to": [ 8.5, 11.5, 11 ],
    "faces": {
        "down":  { "uv": [ 12.5, 15, 10.5, 13 ], "texture": "#texture" },
        "up":    { "uv": [ 8, 10, 10, 12 ], "texture": "#texture" },
        "north": { "uv": [ 8, 10, 10, 16 ], "texture": "#texture" },
        "south": { "uv": [ 8, 10, 10, 16 ], "texture": "#texture" },
        "west":  { "uv": [ 10, 10, 12, 16 ], "texture": "#texture" },
        "east":  { "uv": [ 10, 10, 12, 16 ], "texture": "#texture" }
    }
},
{
    "from": [ 6.5, 5.5, 3 ],
    "to": [ 8.5, 11.5, 5 ],
    "faces": {
        "down":  { "uv": [ 12.5, 15, 10.5, 13 ], "texture": "#texture" },
        "up":    { "uv": [ 8.5, 10, 10.5, 12 ], "texture": "#texture" },
        "north": { "uv": [ 8, 10, 10, 16 ], "texture": "#texture" },
        "south": { "uv": [ 8, 10, 10, 16 ], "texture": "#texture" },
        "west":  { "uv": [ 10, 10, 12, 16 ], "texture": "#texture" },
        "east":  { "uv": [ 10, 10, 12, 16 ], "texture": "#texture" }
    }
},
{
    "from": [ 2.5, 0, 2 ],
    "to": [ 12.5, 0.5, 12.5 ],
    "faces": {
        "down":  { "uv": [ 16, 0.5, 15, 0 ], "texture": "#shadow3" },
        "up":    { "uv": [ 0, 0, 16, 16 ], "texture": "#shadow3" },
        "north": { "uv": [ 0, 15, 1, 15.5 ], "texture": "#shadow3" },
        "south": { "uv": [ 2.5, 15.5, 3.5, 16 ], "texture": "#shadow3" },
        "west":  { "uv": [ 0, 15, 2, 16 ], "texture": "#shadow3" },
        "east":  { "uv": [ 0, 15.5, 2, 16 ], "texture": "#shadow3" }
    }
}
],
"display": {
    "head": {
        "rotation": [ 0, -89, 0 ],
        "translation": [ -0.7, -12.6, 0.6 ],
        "scale": [ 2.17, 2.17, 2.14 ]
    }
}
}