{
"__comment": "Designed by Killercreeper55 with BDcraft Cubik PRO 0.93 Beta - http://bdcraft.net",
"textures": {
    "particle": "blocks/cuadro electrico",
    "texture": "blocks/cuadroelectrico2",
    "furnace_top": "blocks/mesatop",
    "shadow3": "blocks/shadow3"
},
"elements": [ 
{
    "from": [ 12, 2.5, 3 ],
    "to": [ 16, 15.5, 14.5 ],
    "faces": {
        "down":  { "uv": [ 16, 16, 0, 0 ], "texture": "#texture" },
        "up":    { "uv": [ 0, 0, 16, 16 ], "texture": "#texture" },
        "north": { "uv": [ 0, 0, 16, 16 ], "texture": "#texture" },
        "south": { "uv": [ 0, 0, 16, 16 ], "texture": "#texture" },
        "west":  { "uv": [ 0, 0, 16, 16 ], "texture": "#particle" },
        "east":  { "uv": [ 0, 0, 16, 16 ], "texture": "#texture" }
    }
},
{
    "from": [ 11.1875, 15.625, 4 ],
    "to": [ 16.1875, 16.625, 13.5 ],
    "faces": {
        "down":  { "uv": [ 4.8125, 13.5, 0, 4 ], "texture": "#texture" },
        "up":    { "uv": [ 11.1875, 4, 16, 13.5 ], "texture": "#texture" },
        "north": { "uv": [ 0, 0, 4.8125, 0.375 ], "texture": "#texture" },
        "south": { "uv": [ 11.1875, 0, 16, 0.375 ], "texture": "#texture" },
        "west":  { "uv": [ 4, 0, 13.5, 0.375 ], "texture": "#texture" },
        "east":  { "uv": [ 2.5, 0, 12, 0.375 ], "texture": "#texture" }
    }
},
{
    "from": [ 9.5, 3.8125, 2 ],
    "to": [ 10.5, 4.5, 2.6875 ],
    "faces": {
        "down":  { "uv": [ 6.5, 2.6875, 5.5, 2 ], "texture": "#texture" },
        "up":    { "uv": [ 9.5, 2, 10.5, 2.6875 ], "texture": "#texture" },
        "north": { "uv": [ 5.5, 11.5, 6.5, 12.1875 ], "texture": "#texture" },
        "south": { "uv": [ 9.5, 11.5, 10.5, 12.1875 ], "texture": "#texture" },
        "west":  { "uv": [ 2, 11.5, 2.6875, 12.1875 ], "texture": "#texture" },
        "east":  { "uv": [ 13.3125, 11.5, 14, 12.1875 ], "texture": "#texture" }
    }
},
{
    "from": [ 9.5, 12.8125, 2 ],
    "to": [ 10.5, 13.5, 2.6875 ],
    "faces": {
        "down":  { "uv": [ 6.5, 2.6875, 5.5, 2 ], "texture": "#texture" },
        "up":    { "uv": [ 9.5, 2, 10.5, 2.6875 ], "texture": "#texture" },
        "north": { "uv": [ 5.5, 2.5, 6.5, 3.1875 ], "texture": "#texture" },
        "south": { "uv": [ 9.5, 2.5, 10.5, 3.1875 ], "texture": "#texture" },
        "west":  { "uv": [ 2, 2.5, 2.6875, 3.1875 ], "texture": "#texture" },
        "east":  { "uv": [ 13.3125, 2.5, 14, 3.1875 ], "texture": "#texture" }
    }
},
{
    "from": [ 10.5, 2, 2.5 ],
    "to": [ 16, 16, 3 ],
    "faces": {
        "down":  { "uv": [ 16, 16, 0, 0 ], "texture": "#texture" },
        "up":    { "uv": [ 0, 0, 16, 16 ], "texture": "#texture" },
        "north": { "uv": [ 0, 0, 16, 16 ], "texture": "#texture" },
        "south": { "uv": [ 0, 0, 16, 16 ], "texture": "#texture" },
        "west":  { "uv": [ 0, 0, 16, 16 ], "texture": "#texture" },
        "east":  { "uv": [ 0, 0, 16, 16 ], "texture": "#texture" }
    }
},
{
    "from": [ 10.5, 2, 14.5 ],
    "to": [ 16, 16, 15 ],
    "faces": {
        "down":  { "uv": [ 16, 16, 0, 0 ], "texture": "#texture" },
        "up":    { "uv": [ 0, 0, 16, 16 ], "texture": "#texture" },
        "north": { "uv": [ 0, 0, 16, 16 ], "texture": "#texture" },
        "south": { "uv": [ 0, 0, 16, 16 ], "texture": "#texture" },
        "west":  { "uv": [ 0, 0, 16, 16 ], "texture": "#texture" },
        "east":  { "uv": [ 0, 0, 16, 16 ], "texture": "#texture" }
    }
},
{
    "from": [ 10.5, 2, 3 ],
    "to": [ 16, 2.5, 14.5 ],
    "faces": {
        "down":  { "uv": [ 16, 16, 0, 0 ], "texture": "#texture" },
        "up":    { "uv": [ 0, 0, 16, 16 ], "texture": "#texture" },
        "north": { "uv": [ 0, 0, 16, 16 ], "texture": "#texture" },
        "south": { "uv": [ 0, 0, 16, 16 ], "texture": "#texture" },
        "west":  { "uv": [ 0, 0, 16, 16 ], "texture": "#texture" },
        "east":  { "uv": [ 0, 0, 16, 16 ], "texture": "#texture" }
    }
},
{
    "from": [ 10.5, 15.5, 3 ],
    "to": [ 16, 16, 14.5 ],
    "faces": {
        "down":  { "uv": [ 16, 16, 0, 0 ], "texture": "#texture" },
        "up":    { "uv": [ 0, 0, 16, 16 ], "texture": "#texture" },
        "north": { "uv": [ 0, 0, 16, 16 ], "texture": "#texture" },
        "south": { "uv": [ 0, 0, 16, 16 ], "texture": "#texture" },
        "west":  { "uv": [ 0, 0, 16, 16 ], "texture": "#texture" },
        "east":  { "uv": [ 0, 0, 16, 16 ], "texture": "#texture" }
    }
}
]
}