{
"__comment": "Designed by Killercreeper55 with BDcraft Cubik PRO 0.96 Beta - http://bdcraft.net",
"textures": {
    "particle": "blocks/planks_oak",
    "texture": "blocks/dirt_podzol_top",
    "brick1": "blocks/brick1",
    "clay": "blocks/escoba",
    "dispenser_front_vertical": "blocks/dispenser_front_vertical",
    "shadow3": "blocks/shadow3"
},
"elements": [ 
{
    "from": [ 7.125, 1.875, 14.9375 ],
    "to": [ 7.8125, 18, 15.4375 ],
    "rotation": { "origin": [ 7.125, 18, 14.9375 ], "axis": "x", "angle": 22.5 },
    "faces": {
        "down":  { "uv": [ 0, 0, 1.5, 1.5 ], "texture": "#particle" },
        "up":    { "uv": [ 0, 0, 3, 0.5 ], "texture": "#particle" },
        "north": { "uv": [ 4.5, 0, 5.5, 16 ], "texture": "#particle" },
        "south": { "uv": [ 5, 0, 6, 16 ], "texture": "#particle" },
        "west":  { "uv": [ 6, 0, 7, 16 ], "texture": "#particle" },
        "east":  { "uv": [ 5, 0, 6.5, 16 ], "texture": "#particle" }
    }
},
{
    "from": [ 6.875, 2.375, 8.5 ],
    "to": [ 8.0625, 3.5, 9.6875 ],
    "rotation": { "origin": [ 6.875, 3.5, 8.5 ], "axis": "x", "angle": 22.5 },
    "faces": {
        "down":  { "uv": [ 11, 2, 8, 0 ], "texture": "#clay" },
        "up":    { "uv": [ 6, 0, 8.5, 2 ], "texture": "#clay" },
        "north": { "uv": [ 7.5, 0, 10, 2 ], "texture": "#clay" },
        "south": { "uv": [ 7.5, 0, 10.5, 2 ], "texture": "#clay" },
        "west":  { "uv": [ 6.5, 0, 9, 2 ], "texture": "#clay" },
        "east":  { "uv": [ 7.5, 0, 10.5, 2 ], "texture": "#clay" }
    }
},
{
    "from": [ 6.375, -0.8125, 7.625 ],
    "to": [ 8.5625, 3, 10.3125 ],
    "rotation": { "origin": [ 6.375, 3, 7.625 ], "axis": "x", "angle": 22.5 },
    "faces": {
        "down":  { "uv": [ 0, 0, 1, 1 ], "texture": "#clay" },
        "up":    { "uv": [ 6, 0, 11.5, 2 ], "texture": "#clay" },
        "north": { "uv": [ 2.5, 0, 14, 16 ], "texture": "#clay" },
        "south": { "uv": [ 2.5, 0, 14, 16 ], "texture": "#clay" },
        "west":  { "uv": [ 2.5, 0, 13.5, 16 ], "texture": "#clay" },
        "east":  { "uv": [ 2.5, 0, 13.5, 16 ], "texture": "#clay" }
    }
},
{
    "from": [ 2, -1.5625, 1.6875 ],
    "to": [ 2.3125, 3.375, 5.875 ],
    "faces": {
        "down":  { "uv": [ 14, 5.875, 13.6875, 1.6875 ], "texture": "#dispenser_front_vertical" },
        "up":    { "uv": [ 2, 1.6875, 2.3125, 5.875 ], "texture": "#dispenser_front_vertical" },
        "north": { "uv": [ 13.6875, 12.625, 14, 16 ], "texture": "#dispenser_front_vertical" },
        "south": { "uv": [ 2, 12.625, 2.3125, 16 ], "texture": "#dispenser_front_vertical" },
        "west":  { "uv": [ 1.6875, 12.625, 5.875, 16 ], "texture": "#dispenser_front_vertical" },
        "east":  { "uv": [ 10.125, 12.625, 14.3125, 16 ], "texture": "#dispenser_front_vertical" }
    }
},
{
    "from": [ 5.375, -1.5625, 1.75 ],
    "to": [ 5.6875, 3.375, 5.9375 ],
    "faces": {
        "down":  { "uv": [ 10.625, 5.9375, 10.3125, 1.75 ], "texture": "#dispenser_front_vertical" },
        "up":    { "uv": [ 5.375, 1.75, 5.6875, 5.9375 ], "texture": "#dispenser_front_vertical" },
        "north": { "uv": [ 10.3125, 12.625, 10.625, 16 ], "texture": "#dispenser_front_vertical" },
        "south": { "uv": [ 5.375, 12.625, 5.6875, 16 ], "texture": "#dispenser_front_vertical" },
        "west":  { "uv": [ 1.75, 12.625, 5.9375, 16 ], "texture": "#dispenser_front_vertical" },
        "east":  { "uv": [ 10.0625, 12.625, 14.25, 16 ], "texture": "#dispenser_front_vertical" }
    }
},
{
    "from": [ 2, -1.5625, 1.4375 ],
    "to": [ 5.6875, 3.375, 1.8125 ],
    "faces": {
        "down":  { "uv": [ 14, 1.8125, 10.3125, 1.4375 ], "texture": "#dispenser_front_vertical" },
        "up":    { "uv": [ 2, 1.4375, 5.6875, 1.8125 ], "texture": "#dispenser_front_vertical" },
        "north": { "uv": [ 10.3125, 12.625, 14, 16 ], "texture": "#dispenser_front_vertical" },
        "south": { "uv": [ 2, 12.625, 5.6875, 16 ], "texture": "#dispenser_front_vertical" },
        "west":  { "uv": [ 1.4375, 12.625, 1.8125, 16 ], "texture": "#dispenser_front_vertical" },
        "east":  { "uv": [ 14.1875, 12.625, 14.5625, 16 ], "texture": "#dispenser_front_vertical" }
    }
},
{
    "from": [ 2, -1.5625, 5.75 ],
    "to": [ 5.6875, 3.375, 6.125 ],
    "faces": {
        "down":  { "uv": [ 14, 6.125, 10.3125, 5.75 ], "texture": "#dispenser_front_vertical" },
        "up":    { "uv": [ 2, 5.75, 5.6875, 6.125 ], "texture": "#dispenser_front_vertical" },
        "north": { "uv": [ 10.3125, 12.625, 14, 16 ], "texture": "#dispenser_front_vertical" },
        "south": { "uv": [ 2, 12.625, 5.6875, 16 ], "texture": "#dispenser_front_vertical" },
        "west":  { "uv": [ 5.75, 12.625, 6.125, 16 ], "texture": "#dispenser_front_vertical" },
        "east":  { "uv": [ 9.875, 12.625, 10.25, 16 ], "texture": "#dispenser_front_vertical" }
    }
},
{
    "from": [ 2.125, -1.5625, 1.75 ],
    "to": [ 5.4375, -1.0625, 5.75 ],
    "faces": {
        "down":  { "uv": [ 13.875, 5.75, 10.5625, 1.75 ], "texture": "#dispenser_front_vertical" },
        "up":    { "uv": [ 2.125, 1.75, 5.4375, 5.75 ], "texture": "#dispenser_front_vertical" },
        "north": { "uv": [ 10.5625, 16, 13.875, 16 ], "texture": "#dispenser_front_vertical" },
        "south": { "uv": [ 2.125, 16, 5.4375, 16 ], "texture": "#dispenser_front_vertical" },
        "west":  { "uv": [ 1.75, 16, 5.75, 16 ], "texture": "#dispenser_front_vertical" },
        "east":  { "uv": [ 10.25, 16, 14.25, 16 ], "texture": "#dispenser_front_vertical" }
    }
},
{
    "from": [ 3.125, 1.125, 1.125 ],
    "to": [ 4, 2.25, 1.5625 ],
    "faces": {
        "down":  { "uv": [ 12.875, 1.5625, 12, 1.125 ], "texture": "#dispenser_front_vertical" },
        "up":    { "uv": [ 3.125, 1.125, 4, 1.5625 ], "texture": "#dispenser_front_vertical" },
        "north": { "uv": [ 12, 13.75, 12.875, 14.875 ], "texture": "#dispenser_front_vertical" },
        "south": { "uv": [ 3.125, 13.75, 4, 14.875 ], "texture": "#dispenser_front_vertical" },
        "west":  { "uv": [ 1.125, 13.75, 1.5625, 14.875 ], "texture": "#dispenser_front_vertical" },
        "east":  { "uv": [ 14.4375, 13.75, 14.875, 14.875 ], "texture": "#dispenser_front_vertical" }
    }
},
{
    "from": [ -2.6875, -2.75, 4 ],
    "to": [ 5.8125, -1.5625, 19.125 ],
    "rotation": { "origin": [ -2.6875, -2.75, 4 ], "axis": "y", "angle": 45 },
    "faces": {
        "down":  { "uv": [ 1.5, 1, 0, 0 ], "texture": "#shadow3" },
        "up":    { "uv": [ 0, 0, 16, 16 ], "texture": "#shadow3" },
        "north": { "uv": [ 14.5, 0, 16, 1 ], "texture": "#shadow3" },
        "south": { "uv": [ 0, 0, 1.5, 1 ], "texture": "#shadow3" },
        "west":  { "uv": [ 0, 0, 1, 1 ], "texture": "#shadow3" },
        "east":  { "uv": [ 0, 0, 1, 1 ], "texture": "#shadow3" }
    }
},
{
    "from": [ 6.6875, 2.4375, 8.25 ],
    "to": [ 8.1875, 3.125, 9.625 ],
    "rotation": { "origin": [ 6.6875, 3.125, 8.25 ], "axis": "x", "angle": 22.5 },
    "faces": {
        "down":  { "uv": [ 11, 2, 8, 0 ], "texture": "#clay" },
        "up":    { "uv": [ 6, 0, 8.5, 2 ], "texture": "#clay" },
        "north": { "uv": [ 7.5, 0, 10, 2 ], "texture": "#clay" },
        "south": { "uv": [ 7.5, 0, 10.5, 2 ], "texture": "#clay" },
        "west":  { "uv": [ 6.5, 0, 9, 2 ], "texture": "#clay" },
        "east":  { "uv": [ 7.5, 0, 10.5, 2 ], "texture": "#clay" }
    }
}
],
"display": {
    "thirdperson_righthand": {
        "rotation": [ 67, 0, 0 ],
        "translation": [ -2.27, -1.51, 3.02 ],
        "scale": [ 2.65, 1.83, 1.61 ]
    }
}
}