{
"__comment": "Designed by Killercreeper55 with BDcraft Cubik PRO 0.96 Beta - http://bdcraft.net",
"textures": {
    "particle": "blocks/posters",
    "texture": "blocks/posters"
},
"elements": [ 
{
    "from": [ 4.5, 5.5, 0.5 ],
    "to": [ 11.5, 14, 16 ],
    "faces": {
        "down":  { "uv": [ 7, 16, 6, 15.5 ], "texture": "#texture" },
        "up":    { "uv": [ 0, 15, 0.5, 16 ], "texture": "#texture" },
        "north": { "uv": [ 0, 14.5, 0.5, 16 ], "texture": "#texture" },
        "south": { "uv": [ 0, 14.5, 0.5, 16 ], "texture": "#texture" },
        "west":  { "uv": [ 0, 0, 16, 7 ], "texture": "#texture" },
        "east":  { "uv": [ 0, 7, 11.5, 13 ], "texture": "#texture" }
    }
}
],
"display": {
    "thirdperson_righthand": {
        "rotation": [ 62, 0, 0 ],
        "translation": [ 24, -2.83, 24 ],
        "scale": [ 1.98, 2.04, 2.43 ]
    }
}
}