{
"__comment": "Designed by Killercreeper55 with BDcraft Cubik PRO 0.93 Beta - http://bdcraft.net",
"textures": {
    "particle": "blocks/bedrock",
    "texture": "blocks/furnace_top",
    "planks_oak": "blocks/CREDITOS",
    "book": "blocks/dirt2",
    "book_written": "items/misc/book_written",
    "water_flow": "blocks/water_flow",
    "door_wood_lowervolteada": "blocks/door_wood_lowervolteada",
    "shadow": "blocks/CREDITOS",
    "anvil_top_damaged_1": "blocks/anvil_top_damaged_1"
},
"elements": [ 
{
    "from": [ 2.8125, -1.5, 1.5625 ],
    "to": [ 12.6875, 0.5, 14.125 ],
    "faces": {
        "down":  { "uv": [ 0, 3.5, 1, 4.5 ], "texture": "#shadow" },
        "up":    { "uv": [ 12, 8, 16, 14.5 ], "texture": "#shadow" },
        "north": { "uv": [ 0, 4, 0.5, 5.5 ], "texture": "#shadow" },
        "south": { "uv": [ 0, 4, 0.5, 5 ], "texture": "#shadow" },
        "west":  { "uv": [ 0, 3, 0.5, 4 ], "texture": "#shadow" },
        "east":  { "uv": [ 1.5, 2.5, 2, 4 ], "texture": "#shadow" }
    }
}
],
"display": {
    "thirdperson_righthand": {
        "rotation": [ 65, 0, 0 ],
        "translation": [ -6.05, -10.77, -8.69 ],
        "scale": [ 0.63, 0.35, 1.01 ]
    },
    "thirdperson_lefthand": {
        "rotation": [ 65, 0, 0 ],
        "translation": [ -6.43, -6.8, -3.21 ],
        "scale": [ 0.57, 1.2, 0.91 ]
    }
}
}