{
"__comment": "Designed by Killercreeper55 with BDcraft Cubik PRO 0.96 Beta - http://bdcraft.net",
"textures": {
    "particle": "blocks/bookshelf",
    "texture": "blocks/box",
    "planks_oak": "blocks/planks_birch",
    "book": "items/misc/book",
    "book_written": "items/misc/book_written"
},
"elements": [ 
{
    "from": [ -0.5, -1, 4.5 ],
    "to": [ 18.5, 0.5, 14.5 ],
    "faces": {
        "down":  { "uv": [ 0.5, 16, 0, 14.5 ], "texture": "#texture" },
        "up":    { "uv": [ 10.5, 11.5, 16, 16 ], "texture": "#texture" },
        "north": { "uv": [ 0, 14.5, 1, 16 ], "texture": "#texture" },
        "south": { "uv": [ 0, 14.5, 1, 16 ], "texture": "#texture" },
        "west":  { "uv": [ 0, 15, 0.5, 16 ], "texture": "#texture" },
        "east":  { "uv": [ 0, 14.5, 0.5, 16 ], "texture": "#texture" }
    }
}
],
"display": {
    "thirdperson_righthand": {
        "rotation": [ 65, 0, 0 ],
        "translation": [ -6.05, -7.94, 5.09 ],
        "scale": [ 3.28, 2.04, 4 ]
    },
    "thirdperson_lefthand": {
        "rotation": [ 65, 0, 0 ],
        "translation": [ -6.05, -7.94, 5.09 ],
        "scale": [ 4, 2.04, 4 ]
    }
}
}