{
"__comment": "Designed by Killercreeper55 with BDcraft Cubik PRO 0.93 Beta - http://bdcraft.net",
"textures": {
    "particle": "blocks/bedrock",
    "texture": "blocks/furnace_top",
    "planks_oak": "blocks/pisadas2",
    "book": "blocks/dirt2",
    "book_written": "items/misc/book_written",
    "water_flow": "blocks/water_flow",
    "door_wood_lowervolteada": "blocks/door_wood_lowervolteada",
    "shadow": "blocks/pisadas2",
    "anvil_top_damaged_1": "blocks/anvil_top_damaged_1"
},
"elements": [ 
{
    "from": [ -2.5, -1.8125, 0 ],
    "to": [ 19.5, 0.1875, 16.5 ],
    "faces": {
        "down":  { "uv": [ 0, 0, 1, 1 ], "texture": "#shadow" },
        "up":    { "uv": [ 0, 0, 16, 16 ], "texture": "#shadow" },
        "north": { "uv": [ 0, 0, 0.5, 1.5 ], "texture": "#shadow" },
        "south": { "uv": [ 0, 0, 0.5, 1 ], "texture": "#shadow" },
        "west":  { "uv": [ 0, 0, 0.5, 1 ], "texture": "#shadow" },
        "east":  { "uv": [ 0, 0, 0.5, 1.5 ], "texture": "#shadow" }
    }
}
],
"display": {
    "thirdperson_righthand": {
        "rotation": [ 65, 0, 0 ],
        "translation": [ -6.43, -6.8, -3.21 ],
        "scale": [ 1.29, 1.23, 1.1 ]
    },
    "thirdperson_lefthand": {
        "rotation": [ 65, 0, 0 ],
        "translation": [ -6.43, -6.8, -3.21 ],
        "scale": [ 1.29, 1.23, 1.1 ]
    }
}
}