{
"__comment": "Designed by Killercreeper55 with BDcraft Cubik PRO 0.93 Beta - http://bdcraft.net",
"textures": {
    "particle": "blocks/nino4",
    "texture": "blocks/nino2",
    "furnace_top": "blocks/voltaje",
    "shadow3": "blocks/shadow3",
    "glass": "blocks/glass",
    "cartel": "blocks/cartel",
    "lever": "blocks/lever"
},
"elements": [ 
{
    "from": [ 4.0625, 11.4375, 5.75 ],
    "to": [ 8.0625, 15.4375, 9.75 ],
    "rotation": { "origin": [ 4.0625, 11.4375, 5.75 ], "axis": "y", "angle": 22.5 },
    "faces": {
        "down":  { "uv": [ 12, 3.5, 8, 0 ], "texture": "#particle" },
        "up":    { "uv": [ 4, 0, 8, 3.5 ], "texture": "#particle" },
        "north": { "uv": [ 0, 3.5, 4, 7.5 ], "texture": "#particle" },
        "south": { "uv": [ 8, 3.5, 12, 7.5 ], "texture": "#particle" },
        "west":  { "uv": [ 4, 3.5, 8, 7.5 ], "texture": "#particle" },
        "east":  { "uv": [ 4, 0, 8, 3.5 ], "texture": "#particle" }
    }
},
{
    "from": [ 6, 6, 5 ],
    "to": [ 9, 11.5, 9 ],
    "faces": {
        "down":  { "uv": [ 5, 11.5, 2, 10 ], "texture": "#particle" },
        "up":    { "uv": [ 9.5, 9.5, 14.5, 11 ], "rotation": 270, "texture": "#particle" },
        "north": { "uv": [ 8, 9.5, 10, 15.5 ], "texture": "#particle" },
        "south": { "uv": [ 8, 9.5, 10, 15.5 ], "texture": "#particle" },
        "west":  { "uv": [ 9.5, 9.5, 14.5, 15.5 ], "texture": "#particle" },
        "east":  { "uv": [ 10, 10.5, 14, 15.5 ], "texture": "#particle" }
    }
},
{
    "from": [ 6.5, -0.875, 7 ],
    "to": [ 8.5, 5.75, 8.875 ],
    "rotation": { "origin": [ 6.5, 5.75, 7 ], "axis": "x", "angle": -45 },
    "faces": {
        "down":  { "uv": [ 9.5, 7.5, 7.5, 4.5 ], "texture": "#particle" },
        "up":    { "uv": [ 6.5, 4.5, 8.5, 7.5 ], "texture": "#particle" },
        "north": { "uv": [ 1.5, 9.5, 3, 15 ], "texture": "#particle" },
        "south": { "uv": [ 3, 9.5, 4.5, 15 ], "texture": "#particle" },
        "west":  { "uv": [ 2, 9.5, 4, 15.5 ], "texture": "#particle" },
        "east":  { "uv": [ 6.5, 9.5, 8, 14.5 ], "texture": "#particle" }
    }
},
{
    "from": [ 6.5, 1.3125, 5.125 ],
    "to": [ 8.5, 6.8125, 7.125 ],
    "rotation": { "origin": [ 6.5, 6.8125, 5.125 ], "axis": "x", "angle": 22.5 },
    "faces": {
        "down":  { "uv": [ 9.5, 7.5, 7.5, 4.5 ], "texture": "#particle" },
        "up":    { "uv": [ 6.5, 4.5, 8.5, 7.5 ], "texture": "#particle" },
        "north": { "uv": [ 1.5, 9.5, 3, 15 ], "texture": "#particle" },
        "south": { "uv": [ 3, 9.5, 4.5, 15 ], "texture": "#particle" },
        "west":  { "uv": [ 2, 9.5, 4, 15.5 ], "texture": "#particle" },
        "east":  { "uv": [ 6.5, 9.5, 8, 14.5 ], "texture": "#particle" }
    }
},
{
    "from": [ 6.5, 5, 8.375 ],
    "to": [ 8.5, 11, 10.375 ],
    "rotation": { "origin": [ 6.5, 11, 8.375 ], "axis": "x", "angle": -22.5 },
    "faces": {
        "down":  { "uv": [ 12.5, 15, 10.5, 13 ], "texture": "#texture" },
        "up":    { "uv": [ 8, 10, 10, 12 ], "texture": "#texture" },
        "north": { "uv": [ 8, 10, 10, 16 ], "texture": "#texture" },
        "south": { "uv": [ 8, 10, 10, 16 ], "texture": "#texture" },
        "west":  { "uv": [ 10, 10, 12, 16 ], "texture": "#texture" },
        "east":  { "uv": [ 10, 10, 12, 16 ], "texture": "#texture" }
    }
},
{
    "from": [ 6.5, 6.0625, 4.3125 ],
    "to": [ 8.5, 12.0625, 6.3125 ],
    "rotation": { "origin": [ 6.5, 12.0625, 4.3125 ], "axis": "x", "angle": 45 },
    "faces": {
        "down":  { "uv": [ 12.5, 15, 10.5, 13 ], "texture": "#texture" },
        "up":    { "uv": [ 8.5, 10, 10.5, 12 ], "texture": "#texture" },
        "north": { "uv": [ 8, 10, 10, 16 ], "texture": "#texture" },
        "south": { "uv": [ 8, 10, 10, 16 ], "texture": "#texture" },
        "west":  { "uv": [ 10, 10, 12, 16 ], "texture": "#texture" },
        "east":  { "uv": [ 10, 10, 12, 16 ], "texture": "#texture" }
    }
},
{
    "from": [ 8.625, -2.9375, 2.4375 ],
    "to": [ 11.3125, 21, 11.4375 ],
    "faces": {
        "down":  { "uv": [ 16, 0.5, 15, 0 ], "texture": "#shadow3" },
        "up":    { "uv": [ 0, 0, 2, 1 ], "texture": "#shadow3" },
        "north": { "uv": [ 0, 15, 1, 15.5 ], "texture": "#shadow3" },
        "south": { "uv": [ 2.5, 15.5, 3.5, 16 ], "texture": "#shadow3" },
        "west":  { "uv": [ 0, 16, 16, 0 ], "texture": "#shadow3" },
        "east":  { "uv": [ 0, 15.5, 2, 16 ], "texture": "#shadow3" }
    }
},
{
    "from": [ 5.9375, 7.625, 4.8125 ],
    "to": [ 8.625, 11.625, 9.4375 ],
    "faces": {
        "down":  { "uv": [ 1.375, 16, 0, 16 ], "texture": "#cartel" },
        "up":    { "uv": [ 0, 11.375, 0, 13.375 ], "texture": "#cartel" },
        "north": { "uv": [ 10.8125, 0, 12.1875, 4.25 ], "texture": "#cartel" },
        "south": { "uv": [ 0, 11.75, 1.375, 16 ], "texture": "#cartel" },
        "west":  { "uv": [ 7, 6.5, 16, 16 ], "texture": "#cartel" },
        "east":  { "uv": [ 6.5, 0, 16, 6.5 ], "texture": "#cartel" }
    }
},
{
    "from": [ 6.375, 6.375, 4 ],
    "to": [ 8.1875, 11.875, 6.25 ],
    "rotation": { "origin": [ 6.375, 11.875, 4 ], "axis": "x", "angle": 45 },
    "faces": {
        "down":  { "uv": [ 1.375, 16, 0, 16 ], "texture": "#cartel" },
        "up":    { "uv": [ 0, 11.375, 0, 13.375 ], "texture": "#cartel" },
        "north": { "uv": [ 10.8125, 0, 12.1875, 4.25 ], "texture": "#cartel" },
        "south": { "uv": [ 0, 11.75, 1.375, 16 ], "texture": "#cartel" },
        "west":  { "uv": [ 0, 10.5, 6.5, 16 ], "texture": "#cartel" },
        "east":  { "uv": [ 6.5, 0, 16, 6.5 ], "texture": "#cartel" }
    }
},
{
    "from": [ 4.125, 11.3125, 6.1875 ],
    "to": [ 7.875, 15.1875, 9.5 ],
    "rotation": { "origin": [ 4.125, 11.3125, 6.1875 ], "axis": "y", "angle": 22.5 },
    "faces": {
        "down":  { "uv": [ 1.375, 16, 0, 16 ], "texture": "#cartel" },
        "up":    { "uv": [ 0, 11.375, 0, 13.375 ], "texture": "#cartel" },
        "north": { "uv": [ 0, 11.5, 1.375, 15.75 ], "texture": "#cartel" },
        "south": { "uv": [ 0, 11.75, 1.375, 16 ], "texture": "#cartel" },
        "west":  { "uv": [ 0, 10.5, 6.5, 16 ], "texture": "#cartel" },
        "east":  { "uv": [ 0.5, 11.5, 3, 13.5 ], "texture": "#cartel" }
    }
},
{
    "from": [ 4.75, 8.4375, 7.1875 ],
    "to": [ 5.0625, 10.375, 7.4375 ],
    "rotation": { "origin": [ 4.75, 10.375, 7.1875 ], "axis": "z", "angle": 45 },
    "faces": {
        "down":  { "uv": [ 9, 6, 7, 16 ], "texture": "#lever" },
        "up":    { "uv": [ 7, 6, 9, 16 ], "texture": "#lever" },
        "north": { "uv": [ 7, 6, 9, 16 ], "texture": "#lever" },
        "south": { "uv": [ 7, 6, 9, 16 ], "texture": "#lever" },
        "west":  { "uv": [ 7, 6, 9, 16 ], "texture": "#lever" },
        "east":  { "uv": [ 7, 6, 9, 16 ], "texture": "#lever" }
    }
}
],
"display": {
    "thirdperson_righthand": {
        "rotation": [ -21, 92, 0 ],
        "translation": [ -0.38, -0.76, -2.65 ],
        "scale": [ 1.51, 1.61, 1.51 ]
    },
    "thirdperson_lefthand": {
        "rotation": [ -21, -84, 0 ],
        "translation": [ -0.19, -0.76, -2.65 ],
        "scale": [ 1.51, 1.61, 1.51 ]
    },
    "head": {
        "rotation": [ 0, -89, 0 ],
        "translation": [ -0.7, -12.6, 0.6 ],
        "scale": [ 2.17, 2.17, 2.14 ]
    },
    "ground": {
        "rotation": [ 0, 0, 0 ],
        "translation": [ 0, 0, 0 ],
        "scale": [ 1, 1, 1 ]
    },
    "fixed": {
        "rotation": [ 0, 0, 0 ],
        "translation": [ 0, 0, 0 ],
        "scale": [ 1, 1, 1 ]
    },
    "firstperson_righthand": {
        "rotation": [ 0, 0, 0 ],
        "translation": [ 0, 0, 0 ],
        "scale": [ 1, 1, 1 ]
    },
    "firstperson_lefthand": {
        "rotation": [ 0, 0, 0 ],
        "translation": [ 0, 0, 0 ],
        "scale": [ 0, 0, 0 ]
    },
    "gui": {
        "rotation": [ 0, 0, 0 ],
        "translation": [ 0, 0, 0 ],
        "scale": [ 1, 1, 1 ]
    }
}
}