{
"__comment": "Designed by Killercreeper55 with BDcraft Cubik PRO 0.96 Beta - http://bdcraft.net",
"textures": {
    "particle": "blocks/llave2",
    "texture": "blocks/llave2"
},
"elements": [ 
{
    "from": [ 5.5, 15, 3 ],
    "to": [ 7.5, 16, 10.5 ],
    "faces": {
        "down":  { "uv": [ 10, 9, 7, 2 ], "texture": "#particle" },
        "up":    { "uv": [ 7, 2, 10, 9 ], "texture": "#particle" },
        "north": { "uv": [ 7, 4, 9, 5 ], "texture": "#particle" },
        "south": { "uv": [ 5.5, 0, 7.5, 1 ], "texture": "#particle" },
        "west":  { "uv": [ 6.5, 4.5, 9, 5 ], "texture": "#particle" },
        "east":  { "uv": [ 7.5, 0, 11.5, 1 ], "texture": "#particle" }
    }
},
{
    "from": [ 3.5, 15, 3 ],
    "to": [ 5.5, 16, 4 ],
    "faces": {
        "down":  { "uv": [ 12, 4, 10.5, 3 ], "texture": "#texture" },
        "up":    { "uv": [ 6, 1, 8, 4 ], "texture": "#texture" },
        "north": { "uv": [ 10.5, 0, 12, 1 ], "texture": "#texture" },
        "south": { "uv": [ 4, 0, 5.5, 1 ], "texture": "#texture" },
        "west":  { "uv": [ 3, 0, 4, 1 ], "texture": "#texture" },
        "east":  { "uv": [ 12, 0, 13, 1 ], "texture": "#texture" }
    }
},
{
    "from": [ 3.5, 15, 5.5 ],
    "to": [ 5.5, 16, 6.5 ],
    "faces": {
        "down":  { "uv": [ 12.5, 6.5, 10.5, 5.5 ], "texture": "#texture" },
        "up":    { "uv": [ 3.5, 5.5, 5.5, 6.5 ], "texture": "#texture" },
        "north": { "uv": [ 10.5, 0, 12.5, 1 ], "texture": "#texture" },
        "south": { "uv": [ 3.5, 0, 5.5, 1 ], "texture": "#texture" },
        "west":  { "uv": [ 5.5, 0, 6.5, 1 ], "texture": "#texture" },
        "east":  { "uv": [ 9.5, 0, 10.5, 1 ], "texture": "#texture" }
    }
},
{
    "from": [ 4, 15, 10.5 ],
    "to": [ 8.5, 16, 11.5 ],
    "faces": {
        "down":  { "uv": [ 12, 11.5, 7.5, 10.5 ], "texture": "#texture" },
        "up":    { "uv": [ 4, 10.5, 8.5, 11.5 ], "texture": "#texture" },
        "north": { "uv": [ 7.5, 0, 12, 1 ], "texture": "#texture" },
        "south": { "uv": [ 4, 0, 8.5, 1 ], "texture": "#texture" },
        "west":  { "uv": [ 10.5, 0, 11.5, 1 ], "texture": "#texture" },
        "east":  { "uv": [ 4.5, 0, 5.5, 1 ], "texture": "#texture" }
    }
},
{
    "from": [ 4, 15, 14 ],
    "to": [ 8.5, 16, 15 ],
    "faces": {
        "down":  { "uv": [ 12, 15, 7.5, 14 ], "texture": "#texture" },
        "up":    { "uv": [ 4, 14, 8.5, 15 ], "texture": "#texture" },
        "north": { "uv": [ 7.5, 0, 12, 1 ], "texture": "#texture" },
        "south": { "uv": [ 4, 0, 8.5, 1 ], "texture": "#texture" },
        "west":  { "uv": [ 14, 0, 15, 1 ], "texture": "#texture" },
        "east":  { "uv": [ 1, 0, 2, 1 ], "texture": "#texture" }
    }
},
{
    "from": [ 8.5, 15, 11.5 ],
    "to": [ 9.5, 16, 14 ],
    "faces": {
        "down":  { "uv": [ 7.5, 14, 6.5, 11.5 ], "texture": "#texture" },
        "up":    { "uv": [ 8.5, 11.5, 9.5, 14 ], "texture": "#texture" },
        "north": { "uv": [ 6.5, 0, 7.5, 1 ], "texture": "#texture" },
        "south": { "uv": [ 8.5, 0, 9.5, 1 ], "texture": "#texture" },
        "west":  { "uv": [ 11.5, 0, 14, 1 ], "texture": "#texture" },
        "east":  { "uv": [ 2, 0, 4.5, 1 ], "texture": "#texture" }
    }
},
{
    "from": [ 3, 15, 11 ],
    "to": [ 4, 16, 14.5 ],
    "faces": {
        "down":  { "uv": [ 13, 14.5, 12, 11 ], "texture": "#texture" },
        "up":    { "uv": [ 3, 11, 4, 14.5 ], "texture": "#texture" },
        "north": { "uv": [ 12, 0, 13, 1 ], "texture": "#texture" },
        "south": { "uv": [ 3, 0, 4, 1 ], "texture": "#texture" },
        "west":  { "uv": [ 11, 0, 14.5, 1 ], "texture": "#texture" },
        "east":  { "uv": [ 1.5, 0, 5, 1 ], "texture": "#texture" }
    }
}
],
"display": {
    "thirdperson_righthand": {
        "rotation": [ 75, 0, 0 ],
        "translation": [ 0, 0, 0 ],
        "scale": [ 0.22, 0.25, 0.25 ]
    },
    "head": {
        "rotation": [ -1, 37, 0 ],
        "translation": [ 0, -2.46, 0 ],
        "scale": [ 0.57, 0.54, 0.72 ]
    },
    "firstperson_righthand": {
        "rotation": [ 24, 16, 6 ],
        "translation": [ -1.51, 1.32, 0 ],
        "scale": [ 0.54, 0.63, 0.47 ]
    },
    "firstperson_lefthand": {
        "rotation": [ 27, 1, 180 ],
        "translation": [ 0.56, 9.44, -1.7 ],
        "scale": [ 0.76, 0.91, 0.82 ]
    },
    "gui": {
        "rotation": [ 74, 43, 0 ],
        "translation": [ 0, 0, 0 ],
        "scale": [ 1, 1, 1 ]
    }
}
}