{
"__comment": "Designed by Killercreeper55 with BDcraft Cubik PRO 0.96 Beta - http://bdcraft.net",
"textures": {
    "particle": "blocks/verde",
    "texture": "blocks/verde",
    "anvil_base": "blocks/anvil_base",
    "cauldron_inner": "blocks/cauldron_inner",
    "lapis_block": "blocks/lapis_block",
    "basuras": "blocks/basuras"
},
"elements": [ 
{
    "from": [ -2, 0.5, 3 ],
    "to": [ 18.5, 14.5, 13 ],
    "faces": {
        "down":  { "uv": [ 16, 15.5, 0, 5.5 ], "texture": "#texture" },
        "up":    { "uv": [ 0, 4.5, 16, 14.5 ], "texture": "#texture" },
        "north": { "uv": [ 0, 1.5, 16, 16 ], "texture": "#texture" },
        "south": { "uv": [ 0, 1, 16, 16 ], "texture": "#texture" },
        "west":  { "uv": [ 7, 2, 16, 16 ], "texture": "#texture" },
        "east":  { "uv": [ 7.5, 2, 16, 16 ], "texture": "#texture" }
    }
},
{
    "from": [ -2, 15.375, 3.0625 ],
    "to": [ 18.5, 16.3125, 13.0625 ],
    "faces": {
        "down":  { "uv": [ 16, 13.0625, 0, 3.0625 ], "texture": "#texture" },
        "up":    { "uv": [ 0, 3.0625, 16, 13.0625 ], "texture": "#texture" },
        "north": { "uv": [ 0, 0, 16, 0.625 ], "texture": "#texture" },
        "south": { "uv": [ 0, 0, 16, 0.625 ], "texture": "#texture" },
        "west":  { "uv": [ 3.0625, 0, 13.0625, 0.625 ], "texture": "#texture" },
        "east":  { "uv": [ 2.9375, 0, 12.9375, 0.625 ], "texture": "#texture" }
    }
},
{
    "from": [ -1.4375, -0.5, 3.3125 ],
    "to": [ 18.0625, 13.5, 12.8125 ],
    "faces": {
        "down":  { "uv": [ 16, 12.8125, 0, 3.3125 ], "texture": "#texture" },
        "up":    { "uv": [ 0, 3.3125, 16, 12.8125 ], "texture": "#texture" },
        "north": { "uv": [ 0, 2.5, 16, 16 ], "texture": "#texture" },
        "south": { "uv": [ 0, 2.5, 16, 16 ], "texture": "#texture" },
        "west":  { "uv": [ 3.3125, 2.5, 12.8125, 16 ], "texture": "#texture" },
        "east":  { "uv": [ 3.1875, 2.5, 12.6875, 16 ], "texture": "#texture" }
    }
},
{
    "from": [ -2.375, 1.0625, 3.1875 ],
    "to": [ 18.8125, 14.0625, 12.8125 ],
    "faces": {
        "down":  { "uv": [ 16, 12.8125, 0, 3.1875 ], "texture": "#texture" },
        "up":    { "uv": [ 0, 3.1875, 16, 12.8125 ], "texture": "#texture" },
        "north": { "uv": [ 0, 1.9375, 16, 14.9375 ], "texture": "#texture" },
        "south": { "uv": [ 0, 1.9375, 16, 14.9375 ], "texture": "#texture" },
        "west":  { "uv": [ 6.375, 2.5, 15.875, 16 ], "texture": "#texture" },
        "east":  { "uv": [ 6.375, 0, 16, 16 ], "texture": "#texture" }
    }
},
{
    "from": [ -1.5, 14.125, 3.3125 ],
    "to": [ 17.875, 15.625, 12.75 ],
    "faces": {
        "down":  { "uv": [ 16, 12.75, 0, 3.3125 ], "texture": "#cauldron_inner" },
        "up":    { "uv": [ 0, 3.3125, 16, 12.75 ], "texture": "#cauldron_inner" },
        "north": { "uv": [ 0, 0.375, 16, 1.875 ], "texture": "#cauldron_inner" },
        "south": { "uv": [ 0, 0.375, 16, 1.875 ], "texture": "#cauldron_inner" },
        "west":  { "uv": [ 3.3125, 0.375, 12.75, 1.875 ], "texture": "#cauldron_inner" },
        "east":  { "uv": [ 3.25, 0.375, 12.6875, 1.875 ], "texture": "#cauldron_inner" }
    }
},
{
    "from": [ -1.625, 15.875, 3.375 ],
    "to": [ 18, 16.9375, 12.625 ],
    "faces": {
        "down":  { "uv": [ 16, 14, 0, 4.75 ], "texture": "#texture" },
        "up":    { "uv": [ 0, 0, 16, 9.25 ], "texture": "#texture" },
        "north": { "uv": [ 0, 0, 16, 0.125 ], "texture": "#texture" },
        "south": { "uv": [ 0, 0, 16, 0.125 ], "texture": "#texture" },
        "west":  { "uv": [ 3.375, 0, 12.625, 0.125 ], "texture": "#texture" },
        "east":  { "uv": [ 3.375, 0, 12.625, 0.125 ], "texture": "#texture" }
    }
},
{
    "from": [ -3.375, 9.75, 6.9375 ],
    "to": [ 19.5625, 12.125, 8.9375 ],
    "faces": {
        "down":  { "uv": [ 16, 8.9375, 0, 6.9375 ], "texture": "#anvil_base" },
        "up":    { "uv": [ 0, 6.9375, 16, 8.9375 ], "texture": "#anvil_base" },
        "north": { "uv": [ 0, 3.875, 16, 6.25 ], "texture": "#anvil_base" },
        "south": { "uv": [ 0, 3.875, 16, 6.25 ], "texture": "#anvil_base" },
        "west":  { "uv": [ 6.9375, 3.875, 8.9375, 6.25 ], "texture": "#anvil_base" },
        "east":  { "uv": [ 7.0625, 3.875, 9.0625, 6.25 ], "texture": "#anvil_base" }
    }
},
{
    "from": [ -3.875, 9.3125, 6.0625 ],
    "to": [ -3.375, 12.5, 9.5 ],
    "faces": {
        "down":  { "uv": [ 16, 9.5, 16, 6.0625 ], "texture": "#cauldron_inner" },
        "up":    { "uv": [ 0, 6.0625, 0, 9.5 ], "texture": "#cauldron_inner" },
        "north": { "uv": [ 16, 3.5, 16, 6.6875 ], "texture": "#cauldron_inner" },
        "south": { "uv": [ 0, 3.5, 0, 6.6875 ], "texture": "#cauldron_inner" },
        "west":  { "uv": [ 6.0625, 3.5, 9.5, 6.6875 ], "texture": "#cauldron_inner" },
        "east":  { "uv": [ 6.5, 3.5, 9.9375, 6.6875 ], "texture": "#cauldron_inner" }
    }
},
{
    "from": [ 19.5625, 9.3125, 6.0625 ],
    "to": [ 20.0625, 12.5, 9.5 ],
    "faces": {
        "down":  { "uv": [ 0, 9.5, 0, 6.0625 ], "texture": "#cauldron_inner" },
        "up":    { "uv": [ 16, 6.0625, 16, 9.5 ], "texture": "#cauldron_inner" },
        "north": { "uv": [ 0, 3.5, 0, 6.6875 ], "texture": "#cauldron_inner" },
        "south": { "uv": [ 16, 3.5, 16, 6.6875 ], "texture": "#cauldron_inner" },
        "west":  { "uv": [ 6.0625, 3.5, 9.5, 6.6875 ], "texture": "#cauldron_inner" },
        "east":  { "uv": [ 6.5, 3.5, 9.9375, 6.6875 ], "texture": "#cauldron_inner" }
    }
},
{
    "from": [ 0.9375, 15.4375, 4.6875 ],
    "to": [ 14.9375, 17.125, 5.25 ],
    "faces": {
        "down":  { "uv": [ 15.0625, 5.25, 1.0625, 4.6875 ], "texture": "#anvil_base" },
        "up":    { "uv": [ 0.9375, 4.6875, 14.9375, 5.25 ], "texture": "#anvil_base" },
        "north": { "uv": [ 1.0625, 0, 15.0625, 0.5625 ], "texture": "#anvil_base" },
        "south": { "uv": [ 0.9375, 0, 14.9375, 0.5625 ], "texture": "#anvil_base" },
        "west":  { "uv": [ 4.6875, 0, 5.25, 0.5625 ], "texture": "#anvil_base" },
        "east":  { "uv": [ 10.75, 0, 11.3125, 0.5625 ], "texture": "#anvil_base" }
    }
},
{
    "from": [ 0.9375, 15.4375, 11.125 ],
    "to": [ 14.9375, 17.125, 11.6875 ],
    "faces": {
        "down":  { "uv": [ 15.0625, 11.6875, 1.0625, 11.125 ], "texture": "#anvil_base" },
        "up":    { "uv": [ 0.9375, 11.125, 14.9375, 11.6875 ], "texture": "#anvil_base" },
        "north": { "uv": [ 1.0625, 0, 15.0625, 0.5625 ], "texture": "#anvil_base" },
        "south": { "uv": [ 0.9375, 0, 14.9375, 0.5625 ], "texture": "#anvil_base" },
        "west":  { "uv": [ 11.125, 0, 11.6875, 0.5625 ], "texture": "#anvil_base" },
        "east":  { "uv": [ 4.3125, 0, 4.875, 0.5625 ], "texture": "#anvil_base" }
    }
},
{
    "from": [ 2.125, 13.6875, 12.8125 ],
    "to": [ 3.3125, 16.1875, 13.375 ],
    "faces": {
        "down":  { "uv": [ 13.875, 13.375, 12.6875, 12.8125 ], "texture": "#anvil_base" },
        "up":    { "uv": [ 2.125, 12.8125, 3.3125, 13.375 ], "texture": "#anvil_base" },
        "north": { "uv": [ 12.6875, 0, 13.875, 2.3125 ], "texture": "#anvil_base" },
        "south": { "uv": [ 2.125, 0, 3.3125, 2.3125 ], "texture": "#anvil_base" },
        "west":  { "uv": [ 12.8125, 0, 13.375, 2.3125 ], "texture": "#anvil_base" },
        "east":  { "uv": [ 2.625, 0, 3.1875, 2.3125 ], "texture": "#anvil_base" }
    }
},
{
    "from": [ 12.5, 13.6875, 12.875 ],
    "to": [ 13.6875, 16.1875, 13.4375 ],
    "faces": {
        "down":  { "uv": [ 3.5, 13.4375, 2.3125, 12.875 ], "texture": "#anvil_base" },
        "up":    { "uv": [ 12.5, 12.875, 13.6875, 13.4375 ], "texture": "#anvil_base" },
        "north": { "uv": [ 2.3125, 0, 3.5, 2.3125 ], "texture": "#anvil_base" },
        "south": { "uv": [ 12.5, 0, 13.6875, 2.3125 ], "texture": "#anvil_base" },
        "west":  { "uv": [ 12.875, 0, 13.4375, 2.3125 ], "texture": "#anvil_base" },
        "east":  { "uv": [ 2.5625, 0, 3.125, 2.3125 ], "texture": "#anvil_base" }
    }
},
{
    "from": [ 5.6875, 5.5, 2.8125 ],
    "to": [ 10.6875, 11.5, 5.8125 ],
    "faces": {
        "down":  { "uv": [ 0, 0, 1, 2 ], "texture": "#basuras" },
        "up":    { "uv": [ 0, 0, 1, 3.5 ], "texture": "#basuras" },
        "north": { "uv": [ 0, 0, 16, 16 ], "texture": "#basuras" },
        "south": { "uv": [ 0, 0, 0, 2 ], "texture": "#basuras" },
        "west":  { "uv": [ 0, 0, 1, 2.5 ], "texture": "#basuras" },
        "east":  { "uv": [ 0, 0, 0, 0 ], "texture": "#basuras" }
    }
}
],
"display": {
    "thirdperson_righthand": {
        "rotation": [ 65, 0, 0 ],
        "translation": [ -6.05, -3.02, 1.7 ],
        "scale": [ 1.8, 1.8, 2.02 ]
    },
    "thirdperson_lefthand": {
        "rotation": [ 0, 0, 0 ],
        "translation": [ 0, 0, 0 ],
        "scale": [ 1, 1, 1 ]
    }
}
}