{
"__comment": "Designed by Killercreeper55 with BDcraft Cubik PRO 0.96 Beta - http://bdcraft.net",
"textures": {
    "particle": "blocks/CREDITOS",
    "texture": "blocks/CREDITOS"
},
"elements": [ 
{
    "from": [ 4.5, 8, 0 ],
    "to": [ 11.5, 11, 16 ],
    "faces": {
        "down":  { "uv": [ 1, 5.5, 0, 5 ], "texture": "#texture" },
        "up":    { "uv": [ 0, 3, 0.5, 4 ], "texture": "#texture" },
        "north": { "uv": [ 0, 11, 0.5, 12.5 ], "texture": "#texture" },
        "south": { "uv": [ 0, 4, 0.5, 5.5 ], "texture": "#texture" },
        "west":  { "uv": [ 0, 4, 16, 6 ], "texture": "#texture" },
        "east":  { "uv": [ 0, 4, 0.5, 5 ], "texture": "#texture" }
    }
}
],
"display": {
    "thirdperson_righthand": {
        "rotation": [ 62, 0, 0 ],
        "translation": [ 24, -2.83, 60 ],
        "scale": [ 2.98, 3.04, 3.43 ]
    }
}
}