{
"__comment": "Designed by Killercreeper55 with BDcraft Cubik PRO 0.93 Beta - http://bdcraft.net",
"textures": {
    "particle": "blocks/bedrock",
    "texture": "blocks/furnace_top",
    "planks_oak": "blocks/dirt",
    "book": "blocks/dirt2",
    "book_written": "items/misc/book_written",
    "water_flow": "blocks/water_flow",
    "door_wood_lowervolteada": "blocks/door_wood_lowervolteada",
    "shadow": "blocks/shadow"
},
"elements": [ 
{
    "from": [ 0, 14.5, 6.5 ],
    "to": [ 16, 16, 8.5 ],
    "faces": {
        "down":  { "uv": [ 14, 8.5, 2, 6.5 ], "texture": "#texture" },
        "up":    { "uv": [ 2, 6, 14, 8 ], "texture": "#texture" },
        "north": { "uv": [ 1.5, 6, 14, 8 ], "texture": "#texture" },
        "south": { "uv": [ 1.5, 6.5, 14.5, 8.5 ], "texture": "#texture" },
        "west":  { "uv": [ 6.5, 3.5, 8.5, 5 ], "texture": "#texture" },
        "east":  { "uv": [ 7, 2.5, 9, 4 ], "texture": "#texture" }
    }
},
{
    "from": [ 12, 0, 7 ],
    "to": [ 13, 14.5, 8 ],
    "faces": {
        "down":  { "uv": [ 4, 8, 3, 7 ], "texture": "#particle" },
        "up":    { "uv": [ 12, 7, 13, 8 ], "texture": "#particle" },
        "north": { "uv": [ 3, 1.5, 4, 16 ], "texture": "#particle" },
        "south": { "uv": [ 12, 1.5, 13, 16 ], "texture": "#particle" },
        "west":  { "uv": [ 7, 1.5, 8, 16 ], "texture": "#particle" },
        "east":  { "uv": [ 8, 1.5, 9, 16 ], "texture": "#particle" }
    }
},
{
    "from": [ 3, 0, 7 ],
    "to": [ 4, 14.5, 8 ],
    "faces": {
        "down":  { "uv": [ 13, 8, 12, 7 ], "texture": "#particle" },
        "up":    { "uv": [ 3, 7, 4, 8 ], "texture": "#particle" },
        "north": { "uv": [ 12, 1.5, 13, 16 ], "texture": "#particle" },
        "south": { "uv": [ 3, 1.5, 4, 16 ], "texture": "#particle" },
        "west":  { "uv": [ 7, 1.5, 8, 16 ], "texture": "#particle" },
        "east":  { "uv": [ 8, 1.5, 9, 16 ], "texture": "#particle" }
    }
}
],
"display": {
    "thirdperson_righthand": {
        "rotation": [ 65, 0, 0 ],
        "translation": [ -6.43, -6.8, -3.21 ],
        "scale": [ 1.48, 1.23, 0.88 ]
    },
    "thirdperson_lefthand": {
        "rotation": [ 65, 0, 0 ],
        "translation": [ -6.43, -6.8, -3.21 ],
        "scale": [ 1.48, 1.23, 0.88 ]
    }
}
}