{
"__comment": "Designed by Killercreeper55 with BDcraft Cubik PRO 0.93 Beta - http://bdcraft.net",
"textures": {
    "particle": "blocks/guardia",
    "texture": "blocks/guardia",
    "furnace_top": "blocks/voltaje",
    "shadow3": "blocks/shadow3",
    "glass": "blocks/glass",
    "SEGURIDAD": "blocks/SEGURIDAD",
    "cartel": "blocks/cartel"
},
"elements": [ 
{
    "from": [ 5.375, 11.5, 5.25 ],
    "to": [ 9.375, 15.5, 9.25 ],
    "faces": {
        "down":  { "uv": [ 5.5, 3.5, 3.5, 0 ], "texture": "#particle" },
        "up":    { "uv": [ 3, 0, 5.5, 3 ], "texture": "#particle" },
        "north": { "uv": [ 0, 3.5, 3, 6 ], "texture": "#particle" },
        "south": { "uv": [ 6, 3.5, 9, 6 ], "texture": "#particle" },
        "west":  { "uv": [ 3, 3, 6, 6 ], "texture": "#particle" },
        "east":  { "uv": [ 7, 3, 10.5, 6 ], "texture": "#particle" }
    }
},
{
    "from": [ 6, 6, 5 ],
    "to": [ 9, 11.5, 9 ],
    "faces": {
        "down":  { "uv": [ 5, 11.5, 2, 10 ], "texture": "#particle" },
        "up":    { "uv": [ 9.5, 9.5, 14.5, 11 ], "rotation": 270, "texture": "#particle" },
        "north": { "uv": [ 12, 3.5, 14, 9.5 ], "texture": "#particle" },
        "south": { "uv": [ 12, 3.5, 16, 9.5 ], "texture": "#particle" },
        "west":  { "uv": [ 7, 7.5, 11, 13 ], "texture": "#particle" },
        "east":  { "uv": [ 12, 3.5, 16, 8.5 ], "texture": "#particle" }
    }
},
{
    "from": [ 6.3125, 0, 7.5625 ],
    "to": [ 8.3125, 6.5625, 9.4375 ],
    "rotation": { "origin": [ 6.3125, 6.5625, 7.5625 ], "axis": "z", "angle": -22.5 },
    "faces": {
        "down":  { "uv": [ 15, 7, 13, 4 ], "texture": "#particle" },
        "up":    { "uv": [ 12.5, 5.5, 14.5, 8.5 ], "texture": "#particle" },
        "north": { "uv": [ 1.5, 9.5, 3, 15 ], "texture": "#particle" },
        "south": { "uv": [ 3, 9.5, 4.5, 15 ], "texture": "#particle" },
        "west":  { "uv": [ 2, 9.5, 4, 15.5 ], "texture": "#particle" },
        "east":  { "uv": [ 6, 6, 7.5, 10 ], "texture": "#particle" }
    }
},
{
    "from": [ 6.75, -1.3125, 5 ],
    "to": [ 8.75, 5, 6.9375 ],
    "rotation": { "origin": [ 6.75, 5, 5 ], "axis": "z", "angle": 45 },
    "faces": {
        "down":  { "uv": [ 15.5, 8.5, 13.5, 5.5 ], "texture": "#particle" },
        "up":    { "uv": [ 12, 5, 14, 8 ], "texture": "#particle" },
        "north": { "uv": [ 1.5, 9.5, 3, 15 ], "texture": "#particle" },
        "south": { "uv": [ 3, 9.5, 4.5, 15 ], "texture": "#particle" },
        "west":  { "uv": [ 2, 9.5, 4, 15.5 ], "texture": "#particle" },
        "east":  { "uv": [ 6, 6, 7.5, 11 ], "texture": "#particle" }
    }
},
{
    "from": [ 7.1875, 5.75, 9.4375 ],
    "to": [ 8.6875, 11.375, 11.4375 ],
    "rotation": { "origin": [ 7.1875, 11.375, 9.4375 ], "axis": "z", "angle": -45 },
    "faces": {
        "down":  { "uv": [ 7.5, 14, 6.5, 9 ], "texture": "#texture" },
        "up":    { "uv": [ 6, 6.5, 7.5, 7.5 ], "texture": "#texture" },
        "north": { "uv": [ 6, 8, 7.5, 14 ], "texture": "#texture" },
        "south": { "uv": [ 6, 8.5, 7.5, 14 ], "texture": "#texture" },
        "west":  { "uv": [ 6, 8, 7.5, 14 ], "texture": "#texture" },
        "east":  { "uv": [ 6, 9, 7.5, 14 ], "texture": "#texture" }
    }
},
{
    "from": [ 6.6875, 5.75, 3.75 ],
    "to": [ 8.0625, 11.625, 5.75 ],
    "rotation": { "origin": [ 6.6875, 11.625, 3.75 ], "axis": "z", "angle": 45 },
    "faces": {
        "down":  { "uv": [ 8, 2.5, 6.5, 1.5 ], "texture": "#texture" },
        "up":    { "uv": [ 6, 9, 7.5, 14 ], "texture": "#texture" },
        "north": { "uv": [ 6, 9, 7.5, 14 ], "texture": "#texture" },
        "south": { "uv": [ 6, 9, 7.5, 14 ], "texture": "#texture" },
        "west":  { "uv": [ 6, 8.5, 7.5, 14 ], "texture": "#texture" },
        "east":  { "uv": [ 6, 8.5, 7.5, 14 ], "texture": "#texture" }
    }
},
{
    "from": [ 6.4375, 9.5625, 4.0625 ],
    "to": [ 8.4375, 11.3125, 9.875 ],
    "faces": {
        "down":  { "uv": [ 7, 8, 5, 6.5 ], "texture": "#texture" },
        "up":    { "uv": [ 4.5, 7, 6.5, 8.5 ], "texture": "#texture" },
        "north": { "uv": [ 0.5, 12, 2.5, 13 ], "texture": "#texture" },
        "south": { "uv": [ 0, 0, 2, 1.75 ], "texture": "#texture" },
        "west":  { "uv": [ 1, 12, 4.5, 13.5 ], "texture": "#texture" },
        "east":  { "uv": [ 1, 12, 4, 13 ], "texture": "#texture" }
    }
},
{
    "from": [ 6.25, 4.9375, 4.875 ],
    "to": [ 8.75, 6.5625, 9.1875 ],
    "faces": {
        "down":  { "uv": [ 7, 8, 5, 6.5 ], "texture": "#texture" },
        "up":    { "uv": [ 4.5, 7, 6.5, 8.5 ], "texture": "#texture" },
        "north": { "uv": [ 0.5, 12, 2.5, 13 ], "texture": "#texture" },
        "south": { "uv": [ 0, 0, 2, 1.75 ], "texture": "#texture" },
        "west":  { "uv": [ 1, 12, 4.5, 13.5 ], "texture": "#texture" },
        "east":  { "uv": [ 1, 12, 4, 13 ], "texture": "#texture" }
    }
},
{
    "from": [ 5.9375, 9.9375, 5.0625 ],
    "to": [ 6.4375, 10.5625, 6.875 ],
    "faces": {
        "down":  { "uv": [ 0, 8.5, 0.5, 11.5 ], "texture": "#SEGURIDAD" },
        "up":    { "uv": [ 0, 8.5, 0.5, 11 ], "texture": "#SEGURIDAD" },
        "north": { "uv": [ 1, 9.5, 1.5, 11.5 ], "texture": "#SEGURIDAD" },
        "south": { "uv": [ 1, 10, 1.5, 11.5 ], "texture": "#SEGURIDAD" },
        "west":  { "uv": [ 0, 7.5, 16, 12 ], "texture": "#SEGURIDAD" },
        "east":  { "uv": [ 0, 7, 16, 12 ], "texture": "#SEGURIDAD" }
    }
}
],
"display": {
    "thirdperson_righthand": {
        "rotation": [ 154, -88, 58 ],
        "translation": [ -2.08, -4.72, 5.29 ],
        "scale": [ 1.83, 2.17, 2.08 ]
    },
    "thirdperson_lefthand": {
        "rotation": [ 154, -88, 58 ],
        "translation": [ -2.08, -4.72, 5.29 ],
        "scale": [ 1.83, 2.17, 2.08 ]
    },
    "head": {
        "rotation": [ 0, -89, 0 ],
        "translation": [ -0.7, -12.6, 0.6 ],
        "scale": [ 2.17, 2.17, 2.14 ]
    },
    "firstperson_lefthand": {
        "rotation": [ 0, 0, 0 ],
        "translation": [ 0, 0, 0 ],
        "scale": [ 0, 0, 0 ]
    }
}
}