{
"__comment": "Designed by Killercreeper55 with BDcraft Cubik PRO 0.93 Beta - http://bdcraft.net",
"textures": {
    "particle": "blocks/bed_feet_top",
    "texture": "blocks/bedrock",
    "furnace_top": "blocks/voltaje",
    "shadow3": "blocks/shadow3",
    "glass": "blocks/shadow3",
    "SEGURIDAD": "blocks/SEGURIDAD",
    "cartel": "blocks/cartel",
    "cuadroelectrico2": "blocks/cuadroelectrico2"
},
"elements": [ 
{
    "from": [ 5.375, 11.5, 5.25 ],
    "to": [ 9.375, 15.5, 9.25 ],
    "faces": {
        "down":  { "uv": [ 5.5, 3.5, 3.5, 0 ], "texture": "#particle" },
        "up":    { "uv": [ 3, 0, 5.5, 3 ], "texture": "#particle" },
        "north": { "uv": [ 0, 3.5, 3, 6 ], "texture": "#particle" },
        "south": { "uv": [ 6, 3.5, 9, 6 ], "texture": "#particle" },
        "west":  { "uv": [ 3, 3, 6, 6 ], "texture": "#particle" },
        "east":  { "uv": [ 7, 3, 10.5, 6 ], "texture": "#particle" }
    }
},
{
    "from": [ 6, 6, 5 ],
    "to": [ 9, 11.5, 9 ],
    "faces": {
        "down":  { "uv": [ 5, 11.5, 2, 10 ], "texture": "#particle" },
        "up":    { "uv": [ 9.5, 9.5, 14.5, 11 ], "rotation": 270, "texture": "#particle" },
        "north": { "uv": [ 12, 3.5, 14, 9.5 ], "texture": "#particle" },
        "south": { "uv": [ 12, 3.5, 16, 9.5 ], "texture": "#particle" },
        "west":  { "uv": [ 7, 7.5, 11, 13 ], "texture": "#particle" },
        "east":  { "uv": [ 12, 3.5, 16, 8.5 ], "texture": "#particle" }
    }
},
{
    "from": [ 6.5, -1, 7.1875 ],
    "to": [ 8.5, 5.5625, 9.0625 ],
    "faces": {
        "down":  { "uv": [ 15, 7, 13, 4 ], "texture": "#particle" },
        "up":    { "uv": [ 12.5, 5.5, 14.5, 8.5 ], "texture": "#particle" },
        "north": { "uv": [ 1.5, 9.5, 3, 15 ], "texture": "#particle" },
        "south": { "uv": [ 3, 9.5, 4.5, 15 ], "texture": "#particle" },
        "west":  { "uv": [ 2, 9.5, 4, 15.5 ], "texture": "#particle" },
        "east":  { "uv": [ 6, 6, 7.5, 10 ], "texture": "#particle" }
    }
},
{
    "from": [ 6.75, -0.8125, 5 ],
    "to": [ 8.75, 5.5, 6.9375 ],
    "faces": {
        "down":  { "uv": [ 15.5, 8.5, 13.5, 5.5 ], "texture": "#particle" },
        "up":    { "uv": [ 12, 5, 14, 8 ], "texture": "#particle" },
        "north": { "uv": [ 1.5, 9.5, 3, 15 ], "texture": "#particle" },
        "south": { "uv": [ 3, 9.5, 4.5, 15 ], "texture": "#particle" },
        "west":  { "uv": [ 2, 9.5, 4, 15.5 ], "texture": "#particle" },
        "east":  { "uv": [ 6, 6, 7.5, 11 ], "texture": "#particle" }
    }
},
{
    "from": [ 1.1875, 9.625, 6.125 ],
    "to": [ 7.6875, 11.0625, 7.625 ],
    "rotation": { "origin": [ 1.1875, 9.625, 6.125 ], "axis": "y", "angle": -22.5 },
    "faces": {
        "down":  { "uv": [ 7.5, 14, 6.5, 9 ], "texture": "#texture" },
        "up":    { "uv": [ 6, 6.5, 7.5, 7.5 ], "texture": "#texture" },
        "north": { "uv": [ 6, 8, 7.5, 14 ], "texture": "#texture" },
        "south": { "uv": [ 6, 8.5, 7.5, 14 ], "texture": "#texture" },
        "west":  { "uv": [ 6, 8, 7.5, 14 ], "texture": "#texture" },
        "east":  { "uv": [ 6, 9, 7.5, 14 ], "texture": "#texture" }
    }
},
{
    "from": [ 1.0625, 10.3125, 5.8125 ],
    "to": [ 7.75, 11.625, 7.4375 ],
    "rotation": { "origin": [ 1.0625, 10.3125, 5.8125 ], "axis": "y", "angle": 22.5 },
    "faces": {
        "down":  { "uv": [ 8, 2.5, 6.5, 1.5 ], "texture": "#texture" },
        "up":    { "uv": [ 6, 9, 7.5, 14 ], "texture": "#texture" },
        "north": { "uv": [ 6, 9, 7.5, 14 ], "texture": "#texture" },
        "south": { "uv": [ 6, 9, 7.5, 14 ], "texture": "#texture" },
        "west":  { "uv": [ 6, 8.5, 7.5, 14 ], "texture": "#texture" },
        "east":  { "uv": [ 6, 8.5, 7.5, 14 ], "texture": "#texture" }
    }
},
{
    "from": [ 6.4375, 8.75, 4.6875 ],
    "to": [ 8.4375, 11.0625, 9.5625 ],
    "faces": {
        "down":  { "uv": [ 7, 8, 5, 6.5 ], "texture": "#texture" },
        "up":    { "uv": [ 4.5, 7, 6.5, 8.5 ], "texture": "#texture" },
        "north": { "uv": [ 0.5, 12, 2.5, 13 ], "texture": "#texture" },
        "south": { "uv": [ 0, 0, 2, 1.75 ], "texture": "#texture" },
        "west":  { "uv": [ 1, 12, 4.5, 13.5 ], "texture": "#texture" },
        "east":  { "uv": [ 1, 12, 4, 13 ], "texture": "#texture" }
    }
},
{
    "from": [ 6.25, 4.9375, 4.875 ],
    "to": [ 8.75, 6.5625, 9.1875 ],
    "faces": {
        "down":  { "uv": [ 7, 8, 5, 6.5 ], "texture": "#texture" },
        "up":    { "uv": [ 4.5, 7, 6.5, 8.5 ], "texture": "#texture" },
        "north": { "uv": [ 0.5, 12, 2.5, 13 ], "texture": "#texture" },
        "south": { "uv": [ 0, 0, 2, 1.75 ], "texture": "#texture" },
        "west":  { "uv": [ 1, 12, 4.5, 13.5 ], "texture": "#texture" },
        "east":  { "uv": [ 1, 12, 4, 13 ], "texture": "#texture" }
    }
},
{
    "from": [ 7.25, 8.3125, 5.6875 ],
    "to": [ 7.75, 8.9375, 7.5 ],
    "faces": {
        "down":  { "uv": [ 0, 8.5, 0.5, 11.5 ], "texture": "#SEGURIDAD" },
        "up":    { "uv": [ 0, 8.5, 0.5, 11 ], "texture": "#SEGURIDAD" },
        "north": { "uv": [ 1, 9.5, 1.5, 11.5 ], "texture": "#SEGURIDAD" },
        "south": { "uv": [ 1, 10, 1.5, 11.5 ], "texture": "#SEGURIDAD" },
        "west":  { "uv": [ 0, 7.5, 16, 12 ], "texture": "#SEGURIDAD" },
        "east":  { "uv": [ 0, 7, 16, 12 ], "texture": "#SEGURIDAD" }
    }
},
{
    "from": [ 0.8125, 9.625, 6.3125 ],
    "to": [ 1.8125, 12.125, 7.125 ],
    "faces": {
        "down":  { "uv": [ 15.1875, 7.125, 14.1875, 6.3125 ], "texture": "#cuadroelectrico2" },
        "up":    { "uv": [ 0.8125, 6.3125, 1.8125, 7.125 ], "texture": "#cuadroelectrico2" },
        "north": { "uv": [ 14.1875, 3.875, 15.1875, 6.375 ], "texture": "#cuadroelectrico2" },
        "south": { "uv": [ 0.8125, 3.875, 1.8125, 6.375 ], "texture": "#cuadroelectrico2" },
        "west":  { "uv": [ 6.3125, 3.875, 7.125, 6.375 ], "texture": "#cuadroelectrico2" },
        "east":  { "uv": [ 8.875, 3.875, 9.6875, 6.375 ], "texture": "#cuadroelectrico2" }
    }
},
{
    "from": [ -1.375, 11.5, 6.375 ],
    "to": [ 1.8125, 12.375, 7 ],
    "faces": {
        "down":  { "uv": [ 16, 7, 14.1875, 6.375 ], "texture": "#cuadroelectrico2" },
        "up":    { "uv": [ 0, 6.375, 1.8125, 7 ], "texture": "#cuadroelectrico2" },
        "north": { "uv": [ 14.1875, 3.625, 16, 4.5 ], "texture": "#cuadroelectrico2" },
        "south": { "uv": [ 0, 3.625, 1.8125, 4.5 ], "texture": "#cuadroelectrico2" },
        "west":  { "uv": [ 6.375, 3.625, 7, 4.5 ], "texture": "#cuadroelectrico2" },
        "east":  { "uv": [ 9, 3.625, 9.625, 4.5 ], "texture": "#cuadroelectrico2" }
    }
},
{
    "from": [ 10.25, -1.8125, -3 ],
    "to": [ 15.25, 20, 18.0625 ],
    "faces": {
        "down":  { "uv": [ 5.75, 16, 0, 16 ], "texture": "#shadow3" },
        "up":    { "uv": [ 14.5, 0, 16, 1 ], "texture": "#shadow3" },
        "north": { "uv": [ 0.75, 0, 0.25, 0 ], "texture": "#shadow3" },
        "south": { "uv": [ 0, 0, 0.5, 1.5 ], "texture": "#shadow3" },
        "west":  { "uv": [ 0, 0, 16, 16 ], "texture": "#shadow3" },
        "east":  { "uv": [ 0, 0, 1, 1 ], "texture": "#shadow3" }
    }
}
],
"display": {
    "thirdperson_righthand": {
        "rotation": [ 154, -88, 58 ],
        "translation": [ -2.08, -4.72, 5.29 ],
        "scale": [ 1.83, 2.17, 2.08 ]
    },
    "thirdperson_lefthand": {
        "rotation": [ 154, -88, 58 ],
        "translation": [ -2.08, -4.72, 5.29 ],
        "scale": [ 1.83, 2.17, 2.08 ]
    },
    "head": {
        "rotation": [ 0, -89, 0 ],
        "translation": [ -0.7, -12.6, 0.6 ],
        "scale": [ 2.17, 2.17, 2.14 ]
    },
    "firstperson_lefthand": {
        "rotation": [ 0, 0, 0 ],
        "translation": [ 0, 0, 0 ],
        "scale": [ 0, 0, 0 ]
    }
}
}