{
"__comment": "Designed by Killercreeper55 with BDcraft Cubik PRO 0.96 Beta - http://bdcraft.net",
"textures": {
    "particle": "blocks/bookshelf",
    "texture": "blocks/box",
    "planks_oak": "blocks/planks_birch",
    "book": "items/misc/book",
    "book_written": "items/misc/book_written"
},
"elements": [ 
{
    "from": [ 1, 0, 4 ],
    "to": [ 14.5, 9.5, 12.5 ],
    "faces": {
        "down":  { "uv": [ 8, 5.5, 0, 0 ], "texture": "#texture" },
        "up":    { "uv": [ 9, 0, 16, 5.5 ], "texture": "#texture" },
        "north": { "uv": [ 0, 6, 8, 11.5 ], "texture": "#texture" },
        "south": { "uv": [ 0, 6, 8, 11.5 ], "texture": "#texture" },
        "west":  { "uv": [ 0, 0, 8, 5.5 ], "texture": "#texture" },
        "east":  { "uv": [ 0, 0, 8, 5.5 ], "texture": "#texture" }
    }
}
],
"display": {
    "thirdperson_righthand": {
        "rotation": [ 65, 0, 0 ],
        "translation": [ -6.05, -7.94, 5.1 ],
        "scale": [ 2.04, 2.04, 2.04 ]
    },
    "thirdperson_lefthand": {
        "rotation": [ 65, 0, 0 ],
        "translation": [ -6.05, -5.86, -1.13 ],
        "scale": [ 1.29, 1.48, 1.42 ]
    }
}
}