{
"__comment": "Designed by Killercreeper55 with BDcraft Cubik PRO 0.93 Beta - http://bdcraft.net",
"textures": {
    "particle": "blocks/bedrock",
    "texture": "blocks/furnace_top",
    "planks_oak": "blocks/CREDITOS",
    "book": "blocks/dirt2",
    "book_written": "items/misc/book_written",
    "water_flow": "blocks/water_flow",
    "door_wood_lowervolteada": "blocks/door_wood_lowervolteada",
    "shadow": "blocks/carta",
    "anvil_top_damaged_1": "blocks/anvil_top_damaged_1",
    "stone": "blocks/stone"
},
"elements": [ 
{
    "from": [ -11, 3, 4 ],
    "to": [ 27, 10, 15.5 ],
    "faces": {
        "down":  { "uv": [ 0, 3.5, 1, 4.5 ], "texture": "#shadow" },
        "up":    { "uv": [ 0.5, 0, 2.5, 0.5 ], "texture": "#shadow" },
        "north": { "uv": [ 0, 13.5, 16, 16 ], "texture": "#shadow" },
        "south": { "uv": [ 0, 4, 0.5, 5 ], "texture": "#shadow" },
        "west":  { "uv": [ 0, 3, 0.5, 4 ], "texture": "#shadow" },
        "east":  { "uv": [ 0, 2, 0.5, 3.5 ], "texture": "#shadow" }
    }
},
{
    "from": [ -12, 2, 4.8125 ],
    "to": [ 26, 11, 13.5 ],
    "faces": {
        "down":  { "uv": [ 0, 0, 16, 16 ], "texture": "#stone" },
        "up":    { "uv": [ 0, 0, 16, 16 ], "texture": "#stone" },
        "north": { "uv": [ 0, 0, 16, 16 ], "texture": "#stone" },
        "south": { "uv": [ 0, 0, 16, 16 ], "texture": "#stone" },
        "west":  { "uv": [ 0, 0, 16, 16 ], "texture": "#stone" },
        "east":  { "uv": [ 0, 0, 16, 16 ], "texture": "#stone" }
    }
},
{
    "from": [ -4.5, 4.5, 6.0625 ],
    "to": [ 18.625, 9.1875, 11.75 ],
    "faces": {
        "down":  { "uv": [ 0, 0, 16, 16 ], "texture": "#stone" },
        "up":    { "uv": [ 0, 0, 16, 16 ], "texture": "#stone" },
        "north": { "uv": [ 0, 0, 16, 16 ], "texture": "#stone" },
        "south": { "uv": [ 0, 0, 16, 16 ], "texture": "#stone" },
        "west":  { "uv": [ 0, 0, 16, 16 ], "texture": "#stone" },
        "east":  { "uv": [ 0, 0, 16, 16 ], "texture": "#stone" }
    }
}
],
"display": {
    "thirdperson_righthand": {
        "rotation": [ 65, 0, 0 ],
        "translation": [ -0.76, -2.46, 0.56 ],
        "scale": [ 4, 4, 4 ]
    },
    "thirdperson_lefthand": {
        "rotation": [ 65, 0, 0 ],
        "translation": [ -0.76, -2.46, 0.56 ],
        "scale": [ 4, 4, 4 ]
    },
    "firstperson_righthand": {
        "rotation": [ 91, -1, -4 ],
        "translation": [ -8.69, 7.56, 0.38 ],
        "scale": [ 0.76, 0.54, 0.88 ]
    },
    "firstperson_lefthand": {
        "rotation": [ 91, -1, -4 ],
        "translation": [ -8.69, 7.56, 0.38 ],
        "scale": [ 0.76, 0.54, 0.88 ]
    },
    "gui": {
        "rotation": [ 96, 23, -4 ],
        "translation": [ 0.19, 0, 0 ],
        "scale": [ 1.13, 1.89, 1.45 ]
    }
}
}