{
"__comment": "Designed by Killercreeper55 with BDcraft Cubik PRO 0.96 Beta - http://bdcraft.net",
"textures": {
    "particle": "blocks/log_jungle",
    "texture": "blocks/furnace_top",
    "beacon": "blocks/beacon"
},
"elements": [ 
{
    "from": [ 7, -2.875, 7.625 ],
    "to": [ 8, 18.25, 8.3125 ],
    "faces": {
        "down":  { "uv": [ 9, 8.3125, 8, 7.625 ], "texture": "#texture" },
        "up":    { "uv": [ 7, 7.625, 8, 8.3125 ], "texture": "#texture" },
        "north": { "uv": [ 8, 0, 9, 16 ], "texture": "#texture" },
        "south": { "uv": [ 7, 0, 8, 16 ], "texture": "#texture" },
        "west":  { "uv": [ 7.625, 0, 8.3125, 16 ], "texture": "#texture" },
        "east":  { "uv": [ 7.6875, 0, 8.375, 16 ], "texture": "#texture" }
    }
},
{
    "from": [ 5.5625, -3.75, 6.4375 ],
    "to": [ 9.5625, -2.9375, 9.5625 ],
    "faces": {
        "down":  { "uv": [ 10.4375, 9.5625, 6.4375, 6.4375 ], "texture": "#texture" },
        "up":    { "uv": [ 5.5625, 6.4375, 9.5625, 9.5625 ], "texture": "#texture" },
        "north": { "uv": [ 6.4375, 16, 10.4375, 16 ], "texture": "#texture" },
        "south": { "uv": [ 5.5625, 16, 9.5625, 16 ], "texture": "#texture" },
        "west":  { "uv": [ 6.4375, 16, 9.5625, 16 ], "texture": "#texture" },
        "east":  { "uv": [ 6.4375, 16, 9.5625, 16 ], "texture": "#texture" }
    }
},
{
    "from": [ 5.9375, -3.1875, 6.8125 ],
    "to": [ 9.125, -2.625, 9.125 ],
    "faces": {
        "down":  { "uv": [ 10.0625, 9.125, 6.875, 6.8125 ], "texture": "#texture" },
        "up":    { "uv": [ 5.9375, 6.8125, 9.125, 9.125 ], "texture": "#texture" },
        "north": { "uv": [ 6.875, 16, 10.0625, 16 ], "texture": "#texture" },
        "south": { "uv": [ 5.9375, 16, 9.125, 16 ], "texture": "#texture" },
        "west":  { "uv": [ 6.8125, 16, 9.125, 16 ], "texture": "#texture" },
        "east":  { "uv": [ 6.875, 16, 9.1875, 16 ], "texture": "#texture" }
    }
},
{
    "from": [ 5.9375, 16.375, 6.75 ],
    "to": [ 9.125, 16.875, 9.3125 ],
    "faces": {
        "down":  { "uv": [ 10, 10, 7, 7.5 ], "texture": "#particle" },
        "up":    { "uv": [ 6.5, 6, 9, 8 ], "texture": "#particle" },
        "north": { "uv": [ 6.875, 0, 10.0625, 0 ], "texture": "#particle" },
        "south": { "uv": [ 5.9375, 0, 9.125, 0 ], "texture": "#particle" },
        "west":  { "uv": [ 6.75, 0, 9.3125, 0 ], "texture": "#particle" },
        "east":  { "uv": [ 6.6875, 0, 9.25, 0 ], "texture": "#particle" }
    }
},
{
    "from": [ 5.625, 16.6875, 6.375 ],
    "to": [ 9.3125, 17.3125, 9.75 ],
    "faces": {
        "down":  { "uv": [ 10.375, 9.75, 6.6875, 6.375 ], "texture": "#texture" },
        "up":    { "uv": [ 5.625, 6.375, 9.3125, 9.75 ], "texture": "#texture" },
        "north": { "uv": [ 6.6875, 0, 10.375, 0 ], "texture": "#texture" },
        "south": { "uv": [ 5.625, 0, 9.3125, 0 ], "texture": "#texture" },
        "west":  { "uv": [ 6.375, 0, 9.75, 0 ], "texture": "#texture" },
        "east":  { "uv": [ 6.25, 0, 9.625, 0 ], "texture": "#texture" }
    }
},
{
    "from": [ 5.625, 20.1875, 6.3125 ],
    "to": [ 9.3125, 20.8125, 9.6875 ],
    "faces": {
        "down":  { "uv": [ 10.375, 9.6875, 6.6875, 6.3125 ], "texture": "#texture" },
        "up":    { "uv": [ 5.625, 6.3125, 9.3125, 9.6875 ], "texture": "#texture" },
        "north": { "uv": [ 6.6875, 0, 10.375, 0 ], "texture": "#texture" },
        "south": { "uv": [ 5.625, 0, 9.3125, 0 ], "texture": "#texture" },
        "west":  { "uv": [ 6.3125, 0, 9.6875, 0 ], "texture": "#texture" },
        "east":  { "uv": [ 6.3125, 0, 9.6875, 0 ], "texture": "#texture" }
    }
},
{
    "from": [ 6, 20.75, 6.75 ],
    "to": [ 8.8125, 21.5, 9.3125 ],
    "faces": {
        "down":  { "uv": [ 10, 9.3125, 7.1875, 6.75 ], "texture": "#texture" },
        "up":    { "uv": [ 6, 6.75, 8.8125, 9.3125 ], "texture": "#texture" },
        "north": { "uv": [ 7.1875, 0, 10, 0 ], "texture": "#texture" },
        "south": { "uv": [ 6, 0, 8.8125, 0 ], "texture": "#texture" },
        "west":  { "uv": [ 6.75, 0, 9.3125, 0 ], "texture": "#texture" },
        "east":  { "uv": [ 6.6875, 0, 9.25, 0 ], "texture": "#texture" }
    }
},
{
    "from": [ 5.9375, 17.125, 6.625 ],
    "to": [ 8.875, 20.4375, 9.375 ],
    "faces": {
        "down":  { "uv": [ 3, 6, 13, 14 ], "texture": "#beacon" },
        "up":    { "uv": [ 3, 5.5, 12.5, 14 ], "texture": "#beacon" },
        "north": { "uv": [ 3, 6, 13, 14 ], "texture": "#beacon" },
        "south": { "uv": [ 3, 6, 13, 14 ], "texture": "#beacon" },
        "west":  { "uv": [ 3, 6, 13, 14 ], "texture": "#beacon" },
        "east":  { "uv": [ 3, 6, 13, 14 ], "texture": "#beacon" }
    }
},
{
    "from": [ 6.6875, -3.125, 7.25 ],
    "to": [ 8.3125, -1.8125, 8.6875 ],
    "faces": {
        "down":  { "uv": [ 10, 10, 7, 7.5 ], "texture": "#particle" },
        "up":    { "uv": [ 6.5, 6, 9, 8 ], "texture": "#particle" },
        "north": { "uv": [ 6.875, 0, 10.0625, 0 ], "texture": "#particle" },
        "south": { "uv": [ 5.9375, 0, 9.125, 0 ], "texture": "#particle" },
        "west":  { "uv": [ 6.75, 0, 9.3125, 0 ], "texture": "#particle" },
        "east":  { "uv": [ 6.6875, 0, 9.25, 0 ], "texture": "#particle" }
    }
},
{
    "from": [ 6.8125, 15.3125, 7.25 ],
    "to": [ 8.3125, 16.625, 8.6875 ],
    "faces": {
        "down":  { "uv": [ 10, 10, 7, 7.5 ], "texture": "#particle" },
        "up":    { "uv": [ 6.5, 6, 9, 8 ], "texture": "#particle" },
        "north": { "uv": [ 6.875, 0, 10.0625, 0 ], "texture": "#particle" },
        "south": { "uv": [ 5.9375, 0, 9.125, 0 ], "texture": "#particle" },
        "west":  { "uv": [ 6.75, 0, 9.3125, 0 ], "texture": "#particle" },
        "east":  { "uv": [ 6.6875, 0, 9.25, 0 ], "texture": "#particle" }
    }
}
],
"display": {
    "thirdperson_righthand": {
        "rotation": [ 65, 0, 0 ],
        "translation": [ -4.72, 6.05, 22.3 ],
        "scale": [ 3.37, 3.4, 3.31 ]
    },
    "thirdperson_lefthand": {
        "rotation": [ 65, 0, 0 ],
        "translation": [ -4.72, 6.05, 22.3 ],
        "scale": [ 3.37, 3.4, 3.31 ]
    }
}
}