{
"__comment": "Designed by Killercreeper55 with BDcraft Cubik PRO 0.96 Beta - http://bdcraft.net",
"textures": {
    "particle": "blocks/CREDITOS",
    "texture": "blocks/CREDITOS"
},
"elements": [ 
{
    "from": [ 4.5, 8, 6 ],
    "to": [ 11.5, 11, 9.5 ],
    "faces": {
        "down":  { "uv": [ 1, 5.5, 0, 5 ], "texture": "#texture" },
        "up":    { "uv": [ 0, 3, 0.5, 4 ], "texture": "#texture" },
        "north": { "uv": [ 0, 11, 0.5, 12.5 ], "texture": "#texture" },
        "south": { "uv": [ 0, 4, 0.5, 5.5 ], "texture": "#texture" },
        "west":  { "uv": [ 0, 13.5, 3, 16 ], "texture": "#texture" },
        "east":  { "uv": [ 0, 4, 0.5, 5 ], "texture": "#texture" }
    }
}
],
"display": {
    "thirdperson_righthand": {
        "rotation": [ 62, 0, 0 ],
        "translation": [ 24, -2.83, 24 ],
        "scale": [ 1.98, 2.04, 2.43 ]
    }
}
}