{
"__comment": "Designed by Killercreeper55 with BDcraft Cubik PRO 0.93 Beta - http://bdcraft.net",
"textures": {
    "particle": "blocks/bookshelf",
    "texture": "blocks/bookshelf",
    "planks_oak": "blocks/planks_birch",
    "book": "items/misc/book",
    "book_written": "items/misc/book_written"
},
"elements": [ 
{
    "from": [ 15, 0, 0 ],
    "to": [ 16, 15, 1 ],
    "faces": {
        "down":  { "uv": [ 16, 1, 15, 0 ], "rotation": 270, "texture": "#texture" },
        "up":    { "uv": [ 0, 0, 1, 1 ], "rotation": 90, "texture": "#texture" },
        "north": { "uv": [ 0, 1, 1, 15 ], "texture": "#texture" },
        "south": { "uv": [ 15, 1, 16, 15 ], "texture": "#texture" },
        "west":  { "uv": [ 0, 1, 1, 15 ], "texture": "#texture" },
        "east":  { "uv": [ 15, 1, 16, 15 ], "texture": "#texture" }
    }
},
{
    "from": [ 0, 15, 0 ],
    "to": [ 1, 16, 16 ],
    "faces": {
        "down":  { "uv": [ 16, 16, 0, 15 ], "rotation": 270, "texture": "#texture" },
        "up":    { "uv": [ 0, 15, 16, 16 ], "rotation": 90, "texture": "#texture" },
        "north": { "uv": [ 15, 0, 16, 1 ], "texture": "#texture" },
        "south": { "uv": [ 0, 0, 1, 1 ], "texture": "#texture" },
        "west":  { "uv": [ 0, 0, 16, 1 ], "texture": "#texture" },
        "east":  { "uv": [ 0, 0, 16, 1 ], "texture": "#texture" }
    }
},
{
    "from": [ 1, 15, 0 ],
    "to": [ 15, 16, 1 ],
    "faces": {
        "down":  { "uv": [ 16, 15, 15, 1 ], "rotation": 270, "texture": "#texture" },
        "up":    { "uv": [ 0, 1, 1, 15 ], "rotation": 90, "texture": "#texture" },
        "north": { "uv": [ 1, 0, 15, 1 ], "texture": "#texture" },
        "south": { "uv": [ 1, 0, 15, 1 ], "texture": "#texture" },
        "west":  { "uv": [ 0, 0, 1, 1 ], "texture": "#texture" },
        "east":  { "uv": [ 15, 0, 16, 1 ], "texture": "#texture" }
    }
},
{
    "from": [ 1, 15, 15 ],
    "to": [ 15, 16, 16 ],
    "faces": {
        "down":  { "uv": [ 1, 15, 0, 1 ], "rotation": 270, "texture": "#texture" },
        "up":    { "uv": [ 15, 1, 16, 15 ], "rotation": 90, "texture": "#texture" },
        "north": { "uv": [ 1, 0, 15, 1 ], "texture": "#texture" },
        "south": { "uv": [ 1, 0, 15, 1 ], "texture": "#texture" },
        "west":  { "uv": [ 15, 0, 16, 1 ], "texture": "#texture" },
        "east":  { "uv": [ 0, 0, 1, 1 ], "texture": "#texture" }
    }
},
{
    "from": [ 1, 0, 0 ],
    "to": [ 15, 1, 1 ],
    "faces": {
        "down":  { "uv": [ 16, 15, 15, 1 ], "rotation": 270, "texture": "#texture" },
        "up":    { "uv": [ 0, 1, 1, 15 ], "rotation": 90, "texture": "#texture" },
        "north": { "uv": [ 1, 15, 15, 16 ], "texture": "#texture" },
        "south": { "uv": [ 1, 15, 15, 16 ], "texture": "#texture" },
        "west":  { "uv": [ 0, 15, 1, 16 ], "texture": "#texture" },
        "east":  { "uv": [ 15, 15, 16, 16 ], "texture": "#texture" }
    }
},
{
    "from": [ 0, 0, 0 ],
    "to": [ 1, 1, 16 ],
    "faces": {
        "down":  { "uv": [ 16, 16, 0, 15 ], "rotation": 270, "texture": "#texture" },
        "up":    { "uv": [ 0, 15, 16, 16 ], "rotation": 90, "texture": "#texture" },
        "north": { "uv": [ 15, 15, 16, 16 ], "texture": "#texture" },
        "south": { "uv": [ 0, 15, 1, 16 ], "texture": "#texture" },
        "west":  { "uv": [ 0, 15, 16, 16 ], "texture": "#texture" },
        "east":  { "uv": [ 0, 15, 16, 16 ], "texture": "#texture" }
    }
},
{
    "from": [ 1, 0, 15 ],
    "to": [ 15, 1, 16 ],
    "faces": {
        "down":  { "uv": [ 1, 15, 0, 1 ], "rotation": 270, "texture": "#texture" },
        "up":    { "uv": [ 15, 1, 16, 15 ], "rotation": 90, "texture": "#texture" },
        "north": { "uv": [ 1, 15, 15, 16 ], "texture": "#texture" },
        "south": { "uv": [ 1, 15, 15, 16 ], "texture": "#texture" },
        "west":  { "uv": [ 15, 15, 16, 16 ], "texture": "#texture" },
        "east":  { "uv": [ 0, 15, 1, 16 ], "texture": "#texture" }
    }
},
{
    "from": [ 15, 15, 0 ],
    "to": [ 16, 16, 16 ],
    "faces": {
        "down":  { "uv": [ 16, 1, 0, 0 ], "rotation": 270, "texture": "#texture" },
        "up":    { "uv": [ 0, 0, 16, 1 ], "rotation": 90, "texture": "#texture" },
        "north": { "uv": [ 0, 0, 1, 1 ], "texture": "#texture" },
        "south": { "uv": [ 15, 0, 16, 1 ], "texture": "#texture" },
        "west":  { "uv": [ 0, 0, 16, 1 ], "texture": "#texture" },
        "east":  { "uv": [ 0, 0, 16, 1 ], "texture": "#texture" }
    }
},
{
    "from": [ 0, 1, 15 ],
    "to": [ 1, 15, 16 ],
    "faces": {
        "down":  { "uv": [ 1, 16, 0, 15 ], "rotation": 270, "texture": "#texture" },
        "up":    { "uv": [ 15, 15, 16, 16 ], "rotation": 90, "texture": "#texture" },
        "north": { "uv": [ 15, 1, 16, 15 ], "texture": "#texture" },
        "south": { "uv": [ 0, 1, 1, 15 ], "texture": "#texture" },
        "west":  { "uv": [ 15, 1, 16, 15 ], "texture": "#texture" },
        "east":  { "uv": [ 0, 1, 1, 15 ], "texture": "#texture" }
    }
},
{
    "from": [ 0, 1.625, 0.125 ],
    "to": [ 1, 15.625, 1.125 ],
    "rotation": { "origin": [ 0, 15.625, 0.125 ], "axis": "z", "angle": 22.5 },
    "faces": {
        "down":  { "uv": [ 16, 16, 15, 15 ], "rotation": 270, "texture": "#texture" },
        "up":    { "uv": [ 0, 15, 1, 16 ], "rotation": 90, "texture": "#texture" },
        "north": { "uv": [ 15, 1, 16, 15 ], "texture": "#texture" },
        "south": { "uv": [ 0, 1, 1, 15 ], "texture": "#texture" },
        "west":  { "uv": [ 0, 1, 1, 15 ], "texture": "#texture" },
        "east":  { "uv": [ 15, 1, 16, 15 ], "texture": "#texture" }
    }
},
{
    "from": [ 15, 1, 15 ],
    "to": [ 16, 15, 16 ],
    "faces": {
        "down":  { "uv": [ 1, 1, 0, 0 ], "rotation": 270, "texture": "#texture" },
        "up":    { "uv": [ 15, 0, 16, 1 ], "rotation": 90, "texture": "#texture" },
        "north": { "uv": [ 0, 1, 1, 15 ], "texture": "#texture" },
        "south": { "uv": [ 15, 1, 16, 15 ], "texture": "#texture" },
        "west":  { "uv": [ 15, 1, 16, 15 ], "texture": "#texture" },
        "east":  { "uv": [ 0, 1, 1, 15 ], "texture": "#texture" }
    }
},
{
    "from": [ 15, 0, 1 ],
    "to": [ 16, 1, 16 ],
    "faces": {
        "down":  { "uv": [ 15, 1, 0, 0 ], "rotation": 270, "texture": "#texture" },
        "up":    { "uv": [ 1, 0, 16, 1 ], "rotation": 90, "texture": "#texture" },
        "north": { "uv": [ 0, 15, 1, 16 ], "texture": "#texture" },
        "south": { "uv": [ 15, 15, 16, 16 ], "texture": "#texture" },
        "west":  { "uv": [ 1, 15, 16, 16 ], "texture": "#texture" },
        "east":  { "uv": [ 0, 15, 15, 16 ], "texture": "#texture" }
    }
},
{
    "from": [ 0.5, 3, 1.0625 ],
    "to": [ 15.5, 4, 16.0625 ],
    "rotation": { "origin": [ 0.5, 4, 1.0625 ], "axis": "x", "angle": -22.5 },
    "faces": {
        "down":  { "uv": [ 16, 16, 0, 0 ], "rotation": 270, "texture": "#planks_oak" },
        "up":    { "uv": [ 0, 0, 16, 16 ], "rotation": 90, "texture": "#planks_oak" },
        "north": { "uv": [ 0, 8, 16, 9 ], "texture": "#planks_oak" },
        "south": { "uv": [ 0, 8, 16, 9 ], "texture": "#planks_oak" },
        "west":  { "uv": [ 0, 8, 16, 9 ], "texture": "#planks_oak" },
        "east":  { "uv": [ 0, 8, 16, 9 ], "texture": "#planks_oak" }
    }
}
],
"display": {
    "thirdperson_lefthand": {
        "rotation": [ 0, 0, 0 ],
        "translation": [ 0, 0, 0 ],
        "scale": [ 0, 0, 0 ]
    },
    "head": {
        "rotation": [ 0, 0, 0 ],
        "translation": [ 0, 0, 0 ],
        "scale": [ 1.48, 1.48, 1.64 ]
    },
    "firstperson_lefthand": {
        "rotation": [ 0, 0, 0 ],
        "translation": [ 0, 0, 0 ],
        "scale": [ 0, 0, 0 ]
    }
}
}