{
"__comment": "Designed by Killercreeper55 with BDcraft Cubik PRO 0.93 Beta - http://bdcraft.net",
"textures": {
    "particle": "blocks/bookshelf",
    "texture": "blocks/bookshelf",
    "planks_oak": "blocks/planks_birch",
    "book": "items/misc/book",
    "book_written": "items/misc/book_written"
},
"elements": [ 
{
    "from": [ 1, 7.5, 7 ],
    "to": [ 15, 8.5, 21 ],
    "faces": {
        "down":  { "uv": [ 16, 16, 0, 0 ], "rotation": 270, "texture": "#planks_oak" },
        "up":    { "uv": [ 0, 0, 16, 16 ], "rotation": 90, "texture": "#planks_oak" },
        "north": { "uv": [ 0, 8, 16, 9 ], "texture": "#planks_oak" },
        "south": { "uv": [ 0, 8, 16, 9 ], "texture": "#planks_oak" },
        "west":  { "uv": [ 0, 8, 16, 9 ], "texture": "#planks_oak" },
        "east":  { "uv": [ 0, 8, 16, 9 ], "texture": "#planks_oak" }
    }
}
],
"display": {
    "thirdperson_lefthand": {
        "rotation": [ 0, 0, 0 ],
        "translation": [ 0, 0, 0 ],
        "scale": [ 0, 0, 0 ]
    },
    "head": {
        "rotation": [ 0, 0, 0 ],
        "translation": [ 0, -4.91, 0.94 ],
        "scale": [ 1.48, 1.48, 1.64 ]
    },
    "firstperson_lefthand": {
        "rotation": [ 0, 0, 0 ],
        "translation": [ 0, 0, 0 ],
        "scale": [ 0, 0, 0 ]
    }
}
}