{
"__comment": "Designed by Killercreeper55 with BDcraft Cubik PRO 0.93 Beta - http://bdcraft.net",
"textures": {
    "particle": "blocks/flower_houstonia",
    "texture": "blocks/wheat_stage_1",
    "planks_oak": "blocks/dirt",
    "book": "blocks/dirt2",
    "book_written": "items/misc/book_written",
    "water_flow": "blocks/water_flow",
    "door_wood_lowervolteada": "blocks/door_wood_lowervolteada",
    "shadow": "blocks/shadow"
},
"elements": [ 
{
    "from": [ 4.5, 0, 7.5 ],
    "to": [ 12, 8, 7.5625 ],
    "faces": {
        "down":  { "uv": [ 14.5, 1.5, 12, 1 ], "texture": "#particle" },
        "up":    { "uv": [ 0, 0, 1.5, 0.5 ], "texture": "#particle" },
        "north": { "uv": [ 2, 0, 11.5, 2.5 ], "texture": "#particle" },
        "south": { "uv": [ 0, 0, 16, 16 ], "texture": "#particle" },
        "west":  { "uv": [ 11, 0, 12, 1.5 ], "texture": "#particle" },
        "east":  { "uv": [ 10, 1.5, 11, 3.5 ], "texture": "#particle" }
    }
},
{
    "from": [ 10, -0.0625, 7.5 ],
    "to": [ 15.0625, 4.8125, 7.5625 ],
    "faces": {
        "down":  { "uv": [ 14.5, 1.5, 12, 1 ], "texture": "#particle" },
        "up":    { "uv": [ 0, 0, 1.5, 0.5 ], "texture": "#particle" },
        "north": { "uv": [ 0, 0, 16, 16 ], "texture": "#particle" },
        "south": { "uv": [ 0, 0, 2, 0.5 ], "texture": "#particle" },
        "west":  { "uv": [ 11, 0, 12, 1.5 ], "texture": "#particle" },
        "east":  { "uv": [ 10, 1.5, 11, 3.5 ], "texture": "#particle" }
    }
},
{
    "from": [ 2.125, 0.0625, 6.375 ],
    "to": [ 9.625, 5.625, 6.4375 ],
    "rotation": { "origin": [ 2.125, 0.0625, 6.375 ], "axis": "y", "angle": -22.5 },
    "faces": {
        "down":  { "uv": [ 14.5, 1.5, 12, 1 ], "texture": "#particle" },
        "up":    { "uv": [ 0, 0, 1.5, 0.5 ], "texture": "#particle" },
        "north": { "uv": [ 2, 0, 11.5, 2.5 ], "texture": "#particle" },
        "south": { "uv": [ 0, 0, 16, 16 ], "texture": "#particle" },
        "west":  { "uv": [ 11, 0, 12, 1.5 ], "texture": "#particle" },
        "east":  { "uv": [ 10, 1.5, 11, 3.5 ], "texture": "#particle" }
    }
},
{
    "from": [ 6.625, -0.375, 7.1875 ],
    "to": [ 8, 0.3125, 8.125 ],
    "faces": {
        "down":  { "uv": [ 9.375, 8.125, 8, 7.1875 ], "texture": "#planks_oak" },
        "up":    { "uv": [ 6.625, 7.1875, 8, 8.125 ], "texture": "#planks_oak" },
        "north": { "uv": [ 8, 15.6875, 9.375, 16 ], "texture": "#planks_oak" },
        "south": { "uv": [ 6.625, 15.6875, 8, 16 ], "texture": "#planks_oak" },
        "west":  { "uv": [ 7.1875, 15.6875, 8.125, 16 ], "texture": "#planks_oak" },
        "east":  { "uv": [ 7.875, 15.6875, 8.8125, 16 ], "texture": "#planks_oak" }
    }
},
{
    "from": [ 7.75, -0.375, 7.25 ],
    "to": [ 9.125, 0.3125, 8.1875 ],
    "rotation": { "origin": [ 7.75, -0.375, 7.25 ], "axis": "y", "angle": 45 },
    "faces": {
        "down":  { "uv": [ 7.5, 9.4375, 6.125, 8.5 ], "texture": "#planks_oak" },
        "up":    { "uv": [ 8.5, 8.5, 9.875, 9.4375 ], "texture": "#planks_oak" },
        "north": { "uv": [ 6.125, 15.6875, 7.5, 16 ], "texture": "#planks_oak" },
        "south": { "uv": [ 8.5, 15.6875, 9.875, 16 ], "texture": "#planks_oak" },
        "west":  { "uv": [ 8.5, 15.6875, 9.4375, 16 ], "texture": "#planks_oak" },
        "east":  { "uv": [ 6.5625, 15.6875, 7.5, 16 ], "texture": "#planks_oak" }
    }
},
{
    "from": [ 9, -0.375, 8.5 ],
    "to": [ 10.375, 0.3125, 9.5625 ],
    "rotation": { "origin": [ 9, -0.375, 8.5 ], "axis": "y", "angle": 45 },
    "faces": {
        "down":  { "uv": [ 7.5, 9.4375, 6.125, 8.5 ], "texture": "#planks_oak" },
        "up":    { "uv": [ 8.5, 8.5, 9.875, 9.4375 ], "texture": "#planks_oak" },
        "north": { "uv": [ 6.125, 15.6875, 7.5, 16 ], "texture": "#planks_oak" },
        "south": { "uv": [ 8.5, 15.6875, 9.875, 16 ], "texture": "#planks_oak" },
        "west":  { "uv": [ 8.5, 15.6875, 9.4375, 16 ], "texture": "#planks_oak" },
        "east":  { "uv": [ 6.5625, 15.6875, 7.5, 16 ], "texture": "#planks_oak" }
    }
},
{
    "from": [ 9.6875, -0.375, 6.3125 ],
    "to": [ 10.4375, 0.3125, 7.3125 ],
    "faces": {
        "down":  { "uv": [ 7.5, 9.4375, 6.125, 8.5 ], "texture": "#planks_oak" },
        "up":    { "uv": [ 8.5, 8.5, 9.875, 9.4375 ], "texture": "#planks_oak" },
        "north": { "uv": [ 6.125, 15.6875, 7.5, 16 ], "texture": "#planks_oak" },
        "south": { "uv": [ 8.5, 15.6875, 9.875, 16 ], "texture": "#planks_oak" },
        "west":  { "uv": [ 8.5, 15.6875, 9.4375, 16 ], "texture": "#planks_oak" },
        "east":  { "uv": [ 6.5625, 15.6875, 7.5, 16 ], "texture": "#planks_oak" }
    }
},
{
    "from": [ 11, -0.375, 8 ],
    "to": [ 11.75, 0.3125, 9 ],
    "rotation": { "origin": [ 11, -0.375, 8 ], "axis": "y", "angle": 22.5 },
    "faces": {
        "down":  { "uv": [ 7.5, 9.4375, 6.125, 8.5 ], "texture": "#planks_oak" },
        "up":    { "uv": [ 8.5, 8.5, 9.875, 9.4375 ], "texture": "#planks_oak" },
        "north": { "uv": [ 6.125, 15.6875, 7.5, 16 ], "texture": "#planks_oak" },
        "south": { "uv": [ 8.5, 15.6875, 9.875, 16 ], "texture": "#planks_oak" },
        "west":  { "uv": [ 8.5, 15.6875, 9.4375, 16 ], "texture": "#planks_oak" },
        "east":  { "uv": [ 6.5625, 15.6875, 7.5, 16 ], "texture": "#planks_oak" }
    }
},
{
    "from": [ 11.8125, -0.375, 6.375 ],
    "to": [ 12.5625, 0.3125, 7.375 ],
    "rotation": { "origin": [ 11.8125, -0.375, 6.375 ], "axis": "y", "angle": 22.5 },
    "faces": {
        "down":  { "uv": [ 7.5, 9.4375, 6.125, 8.5 ], "texture": "#planks_oak" },
        "up":    { "uv": [ 8.5, 8.5, 9.875, 9.4375 ], "texture": "#planks_oak" },
        "north": { "uv": [ 6.125, 15.6875, 7.5, 16 ], "texture": "#planks_oak" },
        "south": { "uv": [ 8.5, 15.6875, 9.875, 16 ], "texture": "#planks_oak" },
        "west":  { "uv": [ 8.5, 15.6875, 9.4375, 16 ], "texture": "#planks_oak" },
        "east":  { "uv": [ 6.5625, 15.6875, 7.5, 16 ], "texture": "#planks_oak" }
    }
},
{
    "from": [ 5.5, -0.375, 6.5 ],
    "to": [ 6.25, 0.3125, 7.5 ],
    "rotation": { "origin": [ 5.5, -0.375, 6.5 ], "axis": "y", "angle": 22.5 },
    "faces": {
        "down":  { "uv": [ 7.5, 9.4375, 6.125, 8.5 ], "texture": "#planks_oak" },
        "up":    { "uv": [ 8.5, 8.5, 9.875, 9.4375 ], "texture": "#planks_oak" },
        "north": { "uv": [ 6.125, 15.6875, 7.5, 16 ], "texture": "#planks_oak" },
        "south": { "uv": [ 8.5, 15.6875, 9.875, 16 ], "texture": "#planks_oak" },
        "west":  { "uv": [ 8.5, 15.6875, 9.4375, 16 ], "texture": "#planks_oak" },
        "east":  { "uv": [ 6.5625, 15.6875, 7.5, 16 ], "texture": "#planks_oak" }
    }
},
{
    "from": [ 2.4375, -1.125, 2.8125 ],
    "to": [ 13.8125, 0, 12.625 ],
    "faces": {
        "down":  { "uv": [ 1.5, 16, 0, 14 ], "texture": "#book" },
        "up":    { "uv": [ 0, 0, 16, 16 ], "texture": "#book" },
        "north": { "uv": [ 0, 14.5625, 1, 16 ], "texture": "#book" },
        "south": { "uv": [ 0, 15, 1, 16 ], "texture": "#book" },
        "west":  { "uv": [ 0, 15, 1.5, 16 ], "texture": "#book" },
        "east":  { "uv": [ 0, 14.5625, 1.5, 16 ], "texture": "#book" }
    }
},
{
    "from": [ 1.25, -1, 12.625 ],
    "to": [ 6.375, 0.125, 16.6875 ],
    "rotation": { "origin": [ 1.25, -1, 12.625 ], "axis": "y", "angle": 45 },
    "faces": {
        "down":  { "uv": [ 1.5, 16, 0, 14 ], "texture": "#book" },
        "up":    { "uv": [ 0, 0, 16, 16 ], "texture": "#book" },
        "north": { "uv": [ 0, 14.5625, 1, 16 ], "texture": "#book" },
        "south": { "uv": [ 0, 15, 1, 16 ], "texture": "#book" },
        "west":  { "uv": [ 0, 15, 1.5, 16 ], "texture": "#book" },
        "east":  { "uv": [ 0, 14.5625, 1.5, 16 ], "texture": "#book" }
    }
}
],
"display": {
    "thirdperson_righthand": {
        "rotation": [ 65, 0, 0 ],
        "translation": [ -6.99, -8.13, -3.78 ],
        "scale": [ 1.17, 1, 1 ]
    },
    "thirdperson_lefthand": {
        "rotation": [ 65, 0, 0 ],
        "translation": [ -4.91, -10.2, -4.91 ],
        "scale": [ 1.17, 0.82, 1.2 ]
    },
    "head": {
        "rotation": [ 0, 0, 0 ],
        "translation": [ 0, -24, 0 ],
        "scale": [ 2.2, 2.14, 2.33 ]
    },
    "firstperson_lefthand": {
        "rotation": [ 0, 0, 0 ],
        "translation": [ 0, 0, 0 ],
        "scale": [ 0, 0, 0 ]
    }
}
}