{
    "parent": "item/handheld",
    "textures": {
        "layer0": "items/diamond_pickaxe"
    },
        "overrides": [
                { "predicate": { "damaged": 1, "damage": 0.00064061499}, "model": "item/diamond_pickaxe1"},
                { "predicate": { "damaged": 1, "damage": 0.00064061499}, "model": "item/diamond_pickaxe1"},
                { "predicate": { "damaged": 1, "damage": 0.00128122998}, "model": "item/diamond_pickaxe2"},
                { "predicate": { "damaged": 1, "damage": 0.00192184497}, "model": "item/diamond_pickaxe3"},
                { "predicate": { "damaged": 1, "damage": 0.00256245996}, "model": "item/diamond_pickaxe4"},
                { "predicate": { "damaged": 1, "damage": 0.00320307495}, "model": "item/diamond_pickaxe5"},
                { "predicate": { "damaged": 1, "damage": 0.00384368994}, "model": "item/diamond_pickaxe6"},
                { "predicate": { "damaged": 1, "damage": 0.00448430493}, "model": "item/diamond_pickaxe7"},
                { "predicate": { "damaged": 1, "damage": 0.00512491992}, "model": "item/diamond_pickaxe8"},
                { "predicate": { "damaged": 1, "damage": 0.00576553491}, "model": "item/diamond_pickaxe9"},
                { "predicate": { "damaged": 1, "damage": 0.0064061499}, "model": "item/diamond_pickaxe10"},
                { "predicate": { "damaged": 1, "damage": 0.00704676489}, "model": "item/diamond_pickaxe11"},
                { "predicate": { "damaged": 1, "damage": 0.00768737988}, "model": "item/diamond_pickaxe12"},
                { "predicate": { "damaged": 1, "damage": 0.00832799487}, "model": "item/diamond_pickaxe13"},
                { "predicate": { "damaged": 1, "damage": 0.00896860986}, "model": "item/diamond_pickaxe14"},
                { "predicate": { "damaged": 1, "damage": 0.00960922485}, "model": "item/diamond_pickaxe15"},
                { "predicate": { "damaged": 1, "damage": 0.01024983984}, "model": "item/diamond_pickaxe16"},
                { "predicate": { "damaged": 1, "damage": 0.01089045483}, "model": "item/diamond_pickaxe17"},
                { "predicate": { "damaged": 1, "damage": 0.01153106982}, "model": "item/diamond_pickaxe18"},
                { "predicate": { "damaged": 1, "damage": 0.01217168481}, "model": "item/diamond_pickaxe19"},
                { "predicate": { "damaged": 1, "damage": 0.0128122998}, "model": "item/diamond_pickaxe20"},
                { "predicate": { "damaged": 1, "damage": 0.01345291479}, "model": "item/diamond_pickaxe21"},
                { "predicate": { "damaged": 1, "damage": 0.01409352978}, "model": "item/diamond_pickaxe22"},
                { "predicate": { "damaged": 1, "damage": 0.01473414477}, "model": "item/diamond_pickaxe23"},
                { "predicate": { "damaged": 1, "damage": 0.01537475976}, "model": "item/diamond_pickaxe24"},
                { "predicate": { "damaged": 1, "damage": 0.01601537475}, "model": "item/diamond_pickaxe25"},
                { "predicate": { "damaged": 1, "damage": 0.01665598974}, "model": "item/diamond_pickaxe26"},
                { "predicate": { "damaged": 1, "damage": 0.01729660473}, "model": "item/diamond_pickaxe27"},
                { "predicate": { "damaged": 1, "damage": 0.01793721972}, "model": "item/diamond_pickaxe28"},
                { "predicate": { "damaged": 1, "damage": 0.01857783471}, "model": "item/diamond_pickaxe29"},
                { "predicate": { "damaged": 1, "damage": 0.0192184497}, "model": "item/diamond_pickaxe30"},
                { "predicate": { "damaged": 1, "damage": 0.01985906469}, "model": "item/diamond_pickaxe31"},
                { "predicate": { "damaged": 1, "damage": 0.02049967968}, "model": "item/diamond_pickaxe32"},
                { "predicate": { "damaged": 1, "damage": 0.02114029467}, "model": "item/diamond_pickaxe33"},
                { "predicate": { "damaged": 1, "damage": 0.02178090966}, "model": "item/diamond_pickaxe34"},
                { "predicate": { "damaged": 1, "damage": 0.02242152465}, "model": "item/diamond_pickaxe35"},
                { "predicate": { "damaged": 1, "damage": 0.02306213964}, "model": "item/diamond_pickaxe36"},
                { "predicate": { "damaged": 1, "damage": 0.02370275463}, "model": "item/diamond_pickaxe37"},
                { "predicate": { "damaged": 1, "damage": 0.02434336962}, "model": "item/diamond_pickaxe38"},
                { "predicate": { "damaged": 1, "damage": 0.02498398461}, "model": "item/diamond_pickaxe39"},
                { "predicate": { "damaged": 1, "damage": 0.0256245996}, "model": "item/diamond_pickaxe40"},
                { "predicate": { "damaged": 1, "damage": 0.02626521459}, "model": "item/diamond_pickaxe41"},
                { "predicate": { "damaged": 1, "damage": 0.02690582958}, "model": "item/diamond_pickaxe42"},
                { "predicate": { "damaged": 1, "damage": 0.02754644457}, "model": "item/diamond_pickaxe43"},
                { "predicate": { "damaged": 1, "damage": 0.02818705956}, "model": "item/diamond_pickaxe44"}
        ]
}