{
"__comment": "Designed by Killercreeper55 with BDcraft Cubik PRO 0.96 Beta - http://bdcraft.net",
"textures": {
    "particle": "blocks/planks_spruce",
    "texture": "blocks/glass_blue",
    "caseta": "blocks/caseta",
    "shadow": "blocks/bedrock"
},
"elements": [ 
{
    "from": [ 2, 0, 3.5 ],
    "to": [ 2.5, 11.5, 16 ],
    "faces": {
        "down":  { "uv": [ 0, 0, 16, 16 ], "texture": "#particle" },
        "up":    { "uv": [ 0, 0, 16, 16 ], "texture": "#particle" },
        "north": { "uv": [ 0, 0, 16, 16 ], "texture": "#particle" },
        "south": { "uv": [ 0, 0, 16, 16 ], "texture": "#particle" },
        "west":  { "uv": [ 0, 0, 16, 16 ], "texture": "#particle" },
        "east":  { "uv": [ 0, 0, 16, 16 ], "texture": "#particle" }
    }
},
{
    "from": [ 13.5, 0, 3.5 ],
    "to": [ 14, 11.5, 16 ],
    "faces": {
        "down":  { "uv": [ 0, 0, 16, 16 ], "texture": "#particle" },
        "up":    { "uv": [ 0, 0, 16, 16 ], "texture": "#particle" },
        "north": { "uv": [ 0, 0, 16, 16 ], "texture": "#particle" },
        "south": { "uv": [ 0, 0, 16, 16 ], "texture": "#particle" },
        "west":  { "uv": [ 0, 0, 16, 16 ], "texture": "#particle" },
        "east":  { "uv": [ 0, 0, 16, 16 ], "texture": "#particle" }
    }
},
{
    "from": [ 2.25, -0.0625, 15.6875 ],
    "to": [ 14.25, 16.9375, 16.1875 ],
    "faces": {
        "down":  { "uv": [ 0, 0, 2, 2.5 ], "texture": "#caseta" },
        "up":    { "uv": [ 0, 0, 1.5, 2.5 ], "texture": "#caseta" },
        "north": { "uv": [ 0, 0, 1, 1.5 ], "texture": "#caseta" },
        "south": { "uv": [ 0, 0, 16, 16 ], "texture": "#caseta" },
        "west":  { "uv": [ 0, 0, 0.5, 3.5 ], "texture": "#caseta" },
        "east":  { "uv": [ 0, 0, 0.5, 2 ], "texture": "#caseta" }
    }
},
{
    "from": [ 2, 0, 3 ],
    "to": [ 5.5, 11.5, 3.5 ],
    "faces": {
        "down":  { "uv": [ 0, 0, 16, 16 ], "texture": "#particle" },
        "up":    { "uv": [ 0, 0, 16, 16 ], "texture": "#particle" },
        "north": { "uv": [ 8, 0, 16, 16 ], "texture": "#particle" },
        "south": { "uv": [ 0, 0, 16, 16 ], "texture": "#particle" },
        "west":  { "uv": [ 0, 0, 16, 16 ], "texture": "#particle" },
        "east":  { "uv": [ 0, 0, 16, 16 ], "texture": "#particle" }
    }
},
{
    "from": [ 11, 0, 3 ],
    "to": [ 14, 11.5, 3.5 ],
    "faces": {
        "down":  { "uv": [ 0, 0, 16, 16 ], "texture": "#particle" },
        "up":    { "uv": [ 0, 0, 16, 16 ], "texture": "#particle" },
        "north": { "uv": [ 0, 0, 8.5, 16 ], "texture": "#particle" },
        "south": { "uv": [ 0, 0, 8, 16 ], "texture": "#particle" },
        "west":  { "uv": [ 0, 0, 16, 16 ], "texture": "#particle" },
        "east":  { "uv": [ 0, 0, 16, 16 ], "texture": "#particle" }
    }
},
{
    "from": [ 5.5, 0, 3 ],
    "to": [ 11.5, 11.5, 3.5 ],
    "faces": {
        "down":  { "uv": [ 0, 0, 16, 16 ], "texture": "#particle" },
        "up":    { "uv": [ 0, 0, 16, 16 ], "texture": "#particle" },
        "north": { "uv": [ 4, 0, 13, 7.5 ], "texture": "#particle" },
        "south": { "uv": [ 0, 0, 8, 16 ], "texture": "#particle" },
        "west":  { "uv": [ 0, 0, 16, 16 ], "texture": "#particle" },
        "east":  { "uv": [ 0, 0, 16, 16 ], "texture": "#particle" }
    }
},
{
    "from": [ -0.625, 8.4375, 2.75 ],
    "to": [ 11.875, 8.9375, 17.1875 ],
    "rotation": { "origin": [ -0.625, 8.9375, 2.75 ], "axis": "z", "angle": 45 },
    "faces": {
        "down":  { "uv": [ 5.6875, 12, 16, 11 ], "texture": "#texture" },
        "up":    { "uv": [ 0, 0, 16, 16 ], "texture": "#texture" },
        "north": { "uv": [ 10.3125, 0, 16, 0.5625 ], "texture": "#texture" },
        "south": { "uv": [ 0, 0, 5.6875, 0.5625 ], "texture": "#texture" },
        "west":  { "uv": [ 4, 0, 16, 0.5625 ], "texture": "#texture" },
        "east":  { "uv": [ 0, 0, 12, 0.5625 ], "texture": "#texture" }
    }
},
{
    "from": [ 8.1875, 17.3125, 2.5 ],
    "to": [ 19.9375, 17.875, 16.9375 ],
    "rotation": { "origin": [ 8.1875, 17.875, 2.5 ], "axis": "z", "angle": -45 },
    "faces": {
        "down":  { "uv": [ 16, 16, 10.3125, 4 ], "texture": "#texture" },
        "up":    { "uv": [ 0, 0, 16, 16 ], "texture": "#texture" },
        "north": { "uv": [ 10.3125, 0, 16, 0.5625 ], "texture": "#texture" },
        "south": { "uv": [ 0, 0, 5.6875, 0.5625 ], "texture": "#texture" },
        "west":  { "uv": [ 4, 0, 16, 0.5625 ], "texture": "#texture" },
        "east":  { "uv": [ 0, 0, 12, 0.5625 ], "texture": "#texture" }
    }
},
{
    "from": [ 2.5, 0.125, 12.9375 ],
    "to": [ 13.4375, 12.375, 14.0625 ],
    "faces": {
        "down":  { "uv": [ 0, 0, 0, 0 ], "texture": "#shadow" },
        "up":    { "uv": [ 0, 0, 0, 2.5 ], "texture": "#shadow" },
        "north": { "uv": [ 0, 0, 0, 0 ], "texture": "#shadow" },
        "south": { "uv": [ 0, 0, 16, 16 ], "texture": "#shadow" },
        "west":  { "uv": [ 0, 0, 3, 5 ], "texture": "#shadow" },
        "east":  { "uv": [ 0, 0, 0.5, 0.5 ], "texture": "#shadow" }
    }
}
],
"display": {
    "thirdperson_righthand": {
        "rotation": [ 65, 0, 0 ],
        "translation": [ 0, 0, 0 ],
        "scale": [ 1.48, 1.48, 1.8 ]
    }
}
}