{
"__comment": "Designed by Killercreeper55 with BDcraft Cubik PRO 0.93 Beta - http://bdcraft.net",
"textures": {
    "particle": "blocks/bedrock",
    "texture": "blocks/furnace_top",
    "planks_oak": "blocks/pisadas",
    "book": "blocks/dirt2",
    "book_written": "items/misc/book_written",
    "water_flow": "blocks/water_flow",
    "door_wood_lowervolteada": "blocks/door_wood_lowervolteada",
    "shadow": "blocks/pisadas",
    "anvil_top_damaged_1": "blocks/anvil_top_damaged_1"
},
"elements": [ 
{
    "from": [ 9.5, -2, -2.5 ],
    "to": [ 14, 0, 4 ],
    "faces": {
        "down":  { "uv": [ 6.5, 0, 7.5, 1 ], "texture": "#shadow" },
        "up":    { "uv": [ 8.5, 0, 16, 11 ], "texture": "#shadow" },
        "north": { "uv": [ 7, 0, 7.5, 1.5 ], "texture": "#shadow" },
        "south": { "uv": [ 6.5, 0, 7, 1 ], "texture": "#shadow" },
        "west":  { "uv": [ 7, 0.5, 7.5, 1.5 ], "texture": "#shadow" },
        "east":  { "uv": [ 6.5, 0, 7, 1.5 ], "texture": "#shadow" }
    }
},
{
    "from": [ 3.5, -2, 9 ],
    "to": [ 8, 0, 15.5 ],
    "faces": {
        "down":  { "uv": [ 6.5, 0, 7.5, 1 ], "texture": "#shadow" },
        "up":    { "uv": [ 0, 5, 7.5, 16 ], "texture": "#shadow" },
        "north": { "uv": [ 7, 0, 7.5, 1.5 ], "texture": "#shadow" },
        "south": { "uv": [ 6.5, 0, 7, 1 ], "texture": "#shadow" },
        "west":  { "uv": [ 7, 0.5, 7.5, 1.5 ], "texture": "#shadow" },
        "east":  { "uv": [ 6.5, 0, 7, 1.5 ], "texture": "#shadow" }
    }
}
],
"display": {
    "thirdperson_righthand": {
        "rotation": [ 65, 0, 0 ],
        "translation": [ -6.43, -6.8, -3.21 ],
        "scale": [ 1.29, 1.23, 1.1 ]
    },
    "thirdperson_lefthand": {
        "rotation": [ 65, 0, 0 ],
        "translation": [ -6.43, -6.8, -3.21 ],
        "scale": [ 1.29, 1.23, 1.1 ]
    }
}
}