{
"__comment": "Designed by Killercreeper55 with BDcraft Cubik PRO 0.93 Beta - http://bdcraft.net",
"textures": {
    "particle": "blocks/bedrock",
    "texture": "blocks/furnace_top",
    "planks_oak": "blocks/cauldron_inner",
    "book": "blocks/dirt2",
    "book_written": "items/misc/book_written",
    "water_flow": "blocks/water_flow",
    "door_wood_lowervolteada": "blocks/door_wood_lowervolteada",
    "shadow": "blocks/shadow",
    "anvil_top_damaged_1": "blocks/anvil_top_damaged_1"
},
"elements": [ 
{
    "from": [ 1.5, 9.5, 5 ],
    "to": [ 15, 10.5, 11 ],
    "faces": {
        "down":  { "uv": [ 14.5, 11, 1, 5 ], "texture": "#texture" },
        "up":    { "uv": [ 1.5, 5, 15, 11 ], "texture": "#texture" },
        "north": { "uv": [ 1, 5.5, 14.5, 6.5 ], "texture": "#texture" },
        "south": { "uv": [ 1.5, 5.5, 15, 6.5 ], "texture": "#texture" },
        "west":  { "uv": [ 5, 5.5, 11, 6.5 ], "texture": "#texture" },
        "east":  { "uv": [ 5, 5.5, 11, 6.5 ], "texture": "#texture" }
    }
},
{
    "from": [ 1.9375, 8.8125, 5.4375 ],
    "to": [ 14.5625, 9.875, 10.125 ],
    "faces": {
        "down":  { "uv": [ 14.0625, 10.125, 1.4375, 5.4375 ], "texture": "#planks_oak" },
        "up":    { "uv": [ 1.9375, 5.4375, 14.5625, 10.125 ], "texture": "#planks_oak" },
        "north": { "uv": [ 1.4375, 6.125, 14.0625, 7.1875 ], "texture": "#planks_oak" },
        "south": { "uv": [ 1.9375, 6.125, 14.5625, 7.1875 ], "texture": "#planks_oak" },
        "west":  { "uv": [ 5.4375, 6.125, 10.125, 7.1875 ], "texture": "#planks_oak" },
        "east":  { "uv": [ 5.875, 6.125, 10.5625, 7.1875 ], "texture": "#planks_oak" }
    }
},
{
    "from": [ 1.5, 8.5, 9.5 ],
    "to": [ 15, 9.5, 11 ],
    "faces": {
        "down":  { "uv": [ 14.5, 11, 1, 9.5 ], "texture": "#texture" },
        "up":    { "uv": [ 1.5, 9.5, 15, 11 ], "texture": "#texture" },
        "north": { "uv": [ 1, 6.5, 14.5, 7.5 ], "texture": "#texture" },
        "south": { "uv": [ 1.5, 6.5, 15, 7.5 ], "texture": "#texture" },
        "west":  { "uv": [ 9.5, 6.5, 11, 7.5 ], "texture": "#texture" },
        "east":  { "uv": [ 5, 6.5, 6.5, 7.5 ], "texture": "#texture" }
    }
},
{
    "from": [ 1.5, 8.5, 5 ],
    "to": [ 15, 9.5, 6.5 ],
    "faces": {
        "down":  { "uv": [ 14.5, 6.5, 1, 5 ], "texture": "#texture" },
        "up":    { "uv": [ 1.5, 5, 15, 6.5 ], "texture": "#texture" },
        "north": { "uv": [ 1, 6.5, 14.5, 7.5 ], "texture": "#texture" },
        "south": { "uv": [ 1.5, 6.5, 15, 7.5 ], "texture": "#texture" },
        "west":  { "uv": [ 5, 6.5, 6.5, 7.5 ], "texture": "#texture" },
        "east":  { "uv": [ 9.5, 6.5, 11, 7.5 ], "texture": "#texture" }
    }
},
{
    "from": [ 1.5, 8.5, 6.5 ],
    "to": [ 2.5, 9.5, 9.5 ],
    "faces": {
        "down":  { "uv": [ 14.5, 9.5, 13.5, 6.5 ], "texture": "#texture" },
        "up":    { "uv": [ 1.5, 6.5, 2.5, 9.5 ], "texture": "#texture" },
        "north": { "uv": [ 13.5, 6.5, 14.5, 7.5 ], "texture": "#texture" },
        "south": { "uv": [ 1.5, 6.5, 2.5, 7.5 ], "texture": "#texture" },
        "west":  { "uv": [ 6.5, 6.5, 9.5, 7.5 ], "texture": "#texture" },
        "east":  { "uv": [ 6.5, 6.5, 9.5, 7.5 ], "texture": "#texture" }
    }
},
{
    "from": [ 14, 8.5, 6.5 ],
    "to": [ 15, 9.5, 9.5 ],
    "faces": {
        "down":  { "uv": [ 2, 9.5, 1, 6.5 ], "texture": "#texture" },
        "up":    { "uv": [ 14, 6.5, 15, 9.5 ], "texture": "#texture" },
        "north": { "uv": [ 1, 6.5, 2, 7.5 ], "texture": "#texture" },
        "south": { "uv": [ 14, 6.5, 15, 7.5 ], "texture": "#texture" },
        "west":  { "uv": [ 6.5, 6.5, 9.5, 7.5 ], "texture": "#texture" },
        "east":  { "uv": [ 6.5, 6.5, 9.5, 7.5 ], "texture": "#texture" }
    }
}
],
"display": {
    "thirdperson_righthand": {
        "rotation": [ 64, 0, 0 ],
        "translation": [ -7.56, -1.32, 10.02 ],
        "scale": [ 1.98, 2.05, 2.11 ]
    },
    "thirdperson_lefthand": {
        "rotation": [ 64, 0, 0 ],
        "translation": [ -7.56, -1.32, 10.02 ],
        "scale": [ 1.95, 1.95, 2.11 ]
    }
}
}