{
"__comment": "Designed by Killercreeper55 with BDcraft Cubik PRO 0.96 Beta - http://bdcraft.net",
"textures": {
    "particle": "blocks/posters",
    "texture": "blocks/posters"
},
"elements": [ 
{
    "from": [ 4.5, 5.5, 0.5 ],
    "to": [ 11.5, 14, 16 ],
    "faces": {
        "down":  { "uv": [ 6.5, 16, 5.5, 15.5 ], "texture": "#texture" },
        "up":    { "uv": [ 0, 15, 0.5, 16 ], "texture": "#texture" },
        "north": { "uv": [ 0, 14.5, 0.5, 16 ], "texture": "#texture" },
        "south": { "uv": [ 0, 14.5, 0.5, 16 ], "texture": "#texture" },
        "west":  { "uv": [ 4.5, 12, 9.5, 16 ], "texture": "#texture" },
        "east":  { "uv": [ 11.5, 7, 16, 12 ], "texture": "#texture" }
    }
}
],
"display": {
    "thirdperson_righthand": {
        "rotation": [ 62, 0, 0 ],
        "translation": [ 4.91, -2.83, 12.47 ],
        "scale": [ 1.29, 1.29, 0.63 ]
    }
}
}