{
"__comment": "Designed by Killercreeper55 with BDcraft Cubik PRO 0.93 Beta - http://bdcraft.net",
"textures": {
    "particle": "blocks/examen",
    "texture": "blocks/examen",
    "stone_andesite_smooth": "blocks/stone_andesite_smooth",
    "brick": "blocks/brick"
},
"elements": [ 
{
    "from": [ 4.5, 0.125, 3.5 ],
    "to": [ 11.5, 0.1875, 14 ],
    "faces": {
        "down":  { "uv": [ 0, 16, 11.5, 10 ], "texture": "#texture" },
        "up":    { "uv": [ 0, 0, 5, 7.5 ], "texture": "#texture" },
        "north": { "uv": [ 0, 8, 12.5, 16 ], "texture": "#texture" },
        "south": { "uv": [ 0, 8, 12.5, 16 ], "texture": "#texture" },
        "west":  { "uv": [ 0, 8, 9, 13 ], "texture": "#texture" },
        "east":  { "uv": [ 0, 8, 12.5, 16 ], "texture": "#texture" }
    }
}
],
"display": {
    "thirdperson_righthand": {
        "rotation": [ 64, 74, 0 ],
        "translation": [ -6.24, -10.77, -5.86 ],
        "scale": [ 0.69, 0.66, 0.63 ]
    },
    "thirdperson_lefthand": {
        "rotation": [ 64, 74, 0 ],
        "translation": [ -6.24, -10.77, -5.86 ],
        "scale": [ 0.69, 0.66, 0.63 ]
    },
    "ground": {
        "rotation": [ 0, 0, 0 ],
        "translation": [ 0, 3.02, 0 ],
        "scale": [ 0.66, 0.66, 0.5 ]
    },
    "firstperson_righthand": {
        "rotation": [ 0, -108, -13 ],
        "translation": [ -13.8, 5.67, 1.51 ],
        "scale": [ 0.79, 0.85, 0.79 ]
    },
    "firstperson_lefthand": {
        "rotation": [ 4, -108, -13 ],
        "translation": [ -12.28, 6.24, 1.89 ],
        "scale": [ 0.79, 0.85, 0.79 ]
    },
    "gui": {
        "rotation": [ 0, -1, -17 ],
        "translation": [ 5.1, 16.25, 3.21 ],
        "scale": [ 1.23, 2.74, 2.99 ]
    }
}
}