{
"__comment": "Designed by Killercreeper55 with BDcraft Cubik PRO 0.96 Beta - http://bdcraft.net",
"textures": {
    "particle": "blocks/ruedas",
    "texture": "blocks/carcar",
    "glass": "blocks/glass",
    "ruedas": "blocks/ruedas",
    "beacon_bottom": "blocks/beacon_bottom",
    "shadow3": "blocks/shadow3"
},
"elements": [ 
{
    "from": [ -3.875, 6.3125, 3.1875 ],
    "to": [ 20, 11.8125, 12 ],
    "faces": {
        "down":  { "uv": [ 15, 7, 5, 3 ], "texture": "#texture" },
        "up":    { "uv": [ 7.5, 3, 15, 6 ], "texture": "#texture" },
        "north": { "uv": [ 0, 6, 12, 9.5 ], "texture": "#texture" },
        "south": { "uv": [ 0, 4.1875, 16, 9.6875 ], "texture": "#texture" },
        "west":  { "uv": [ 4.5, 4, 12, 8.5 ], "texture": "#texture" },
        "east":  { "uv": [ 5.5, 2.5, 12, 8 ], "texture": "#texture" }
    }
},
{
    "from": [ 4, 10.1875, 10.8125 ],
    "to": [ 4.5625, 16.1875, 11.6875 ],
    "rotation": { "origin": [ 4, 16.1875, 10.8125 ], "axis": "z", "angle": -22.5 },
    "faces": {
        "down":  { "uv": [ 0, 0, 16, 16 ], "texture": "#texture" },
        "up":    { "uv": [ 0, 0, 16, 16 ], "texture": "#texture" },
        "north": { "uv": [ 0, 0, 16, 16 ], "texture": "#texture" },
        "south": { "uv": [ 0, 0, 16, 16 ], "texture": "#texture" },
        "west":  { "uv": [ 0, 0, 16, 16 ], "texture": "#texture" },
        "east":  { "uv": [ 0, 0, 16, 16 ], "texture": "#texture" }
    }
},
{
    "from": [ 3.9375, 15.5625, 3.4375 ],
    "to": [ 15.375, 16.1875, 4.3125 ],
    "faces": {
        "down":  { "uv": [ 0, 0, 16, 16 ], "texture": "#texture" },
        "up":    { "uv": [ 0, 0, 16, 16 ], "texture": "#texture" },
        "north": { "uv": [ 0, 0, 16, 16 ], "texture": "#texture" },
        "south": { "uv": [ 0, 0, 16, 16 ], "texture": "#texture" },
        "west":  { "uv": [ 0, 0, 16, 16 ], "texture": "#texture" },
        "east":  { "uv": [ 0, 0, 16, 16 ], "texture": "#texture" }
    }
},
{
    "from": [ 4, 10.1875, 3.4375 ],
    "to": [ 4.5625, 16.1875, 4.3125 ],
    "rotation": { "origin": [ 4, 16.1875, 3.4375 ], "axis": "z", "angle": -22.5 },
    "faces": {
        "down":  { "uv": [ 0, 0, 16, 16 ], "texture": "#texture" },
        "up":    { "uv": [ 0, 0, 16, 16 ], "texture": "#texture" },
        "north": { "uv": [ 0, 0, 16, 16 ], "texture": "#texture" },
        "south": { "uv": [ 0, 0, 16, 16 ], "texture": "#texture" },
        "west":  { "uv": [ 0, 0, 16, 16 ], "texture": "#texture" },
        "east":  { "uv": [ 0, 0, 16, 16 ], "texture": "#texture" }
    }
},
{
    "from": [ 14.875, 10.125, 3.375 ],
    "to": [ 15.5625, 16.125, 4.375 ],
    "faces": {
        "down":  { "uv": [ 1.125, 4.375, 0.4375, 3.375 ], "texture": "#texture" },
        "up":    { "uv": [ 14.875, 3.375, 15.5625, 4.375 ], "texture": "#texture" },
        "north": { "uv": [ 0.4375, 0, 1.125, 5.875 ], "texture": "#texture" },
        "south": { "uv": [ 14.875, 0, 15.5625, 5.875 ], "texture": "#texture" },
        "west":  { "uv": [ 3.375, 0, 4.375, 5.875 ], "texture": "#texture" },
        "east":  { "uv": [ 11.625, 0, 12.625, 5.875 ], "texture": "#texture" }
    }
},
{
    "from": [ 14.75, 10.125, 10.75 ],
    "to": [ 15.4375, 16.125, 11.75 ],
    "faces": {
        "down":  { "uv": [ 1.25, 11.75, 0.5625, 10.75 ], "texture": "#texture" },
        "up":    { "uv": [ 14.75, 10.75, 15.4375, 11.75 ], "texture": "#texture" },
        "north": { "uv": [ 0.5625, 0, 1.25, 5.875 ], "texture": "#texture" },
        "south": { "uv": [ 14.75, 0, 15.4375, 5.875 ], "texture": "#texture" },
        "west":  { "uv": [ 10.75, 0, 11.75, 5.875 ], "texture": "#texture" },
        "east":  { "uv": [ 4.25, 0, 5.25, 5.875 ], "texture": "#texture" }
    }
},
{
    "from": [ 3.9375, 15.5625, 10.75 ],
    "to": [ 15.375, 16.1875, 11.625 ],
    "faces": {
        "down":  { "uv": [ 0, 0, 16, 16 ], "texture": "#texture" },
        "up":    { "uv": [ 0, 0, 16, 16 ], "texture": "#texture" },
        "north": { "uv": [ 0, 0, 16, 16 ], "texture": "#texture" },
        "south": { "uv": [ 0, 0, 16, 16 ], "texture": "#texture" },
        "west":  { "uv": [ 0, 0, 16, 16 ], "texture": "#texture" },
        "east":  { "uv": [ 0, 0, 16, 16 ], "texture": "#texture" }
    }
},
{
    "from": [ 14.8125, 15.4375, 3.4375 ],
    "to": [ 15.5625, 16.0625, 11.3125 ],
    "faces": {
        "down":  { "uv": [ 1.1875, 11.3125, 0.4375, 3.4375 ], "texture": "#texture" },
        "up":    { "uv": [ 14.8125, 3.4375, 15.5625, 11.3125 ], "texture": "#texture" },
        "north": { "uv": [ 0.4375, 0, 1.1875, 0.5625 ], "texture": "#texture" },
        "south": { "uv": [ 14.8125, 0, 15.5625, 0.5625 ], "texture": "#texture" },
        "west":  { "uv": [ 3.4375, 0, 11.3125, 0.5625 ], "texture": "#texture" },
        "east":  { "uv": [ 4.6875, 0, 12.5625, 0.5625 ], "texture": "#texture" }
    }
},
{
    "from": [ 4.0625, 15.625, 3.9375 ],
    "to": [ 4.5625, 16.1875, 11.3125 ],
    "faces": {
        "down":  { "uv": [ 11.9375, 11.3125, 11.4375, 3.9375 ], "texture": "#texture" },
        "up":    { "uv": [ 4.0625, 3.9375, 4.5625, 11.3125 ], "texture": "#texture" },
        "north": { "uv": [ 11.4375, 0, 11.9375, 0.375 ], "texture": "#texture" },
        "south": { "uv": [ 4.0625, 0, 4.5625, 0.375 ], "texture": "#texture" },
        "west":  { "uv": [ 3.9375, 0, 11.3125, 0.375 ], "texture": "#texture" },
        "east":  { "uv": [ 4.6875, 0, 12.0625, 0.375 ], "texture": "#texture" }
    }
},
{
    "from": [ 15.375, 11.5625, 4.25 ],
    "to": [ 15.6875, 16, 11.0625 ],
    "faces": {
        "down":  { "uv": [ 0, 0, 16, 16 ], "texture": "#glass" },
        "up":    { "uv": [ 0, 0, 16, 16 ], "texture": "#glass" },
        "north": { "uv": [ 0, 0, 16, 16 ], "texture": "#glass" },
        "south": { "uv": [ 0, 0, 16, 16 ], "texture": "#glass" },
        "west":  { "uv": [ 0, 0, 16, 16 ], "texture": "#glass" },
        "east":  { "uv": [ 0, 0, 16, 16 ], "texture": "#glass" }
    }
},
{
    "from": [ 4.0625, 11.25, 4.3125 ],
    "to": [ 4.375, 15.6875, 11.125 ],
    "rotation": { "origin": [ 4.0625, 15.6875, 4.3125 ], "axis": "z", "angle": -22.5 },
    "faces": {
        "down":  { "uv": [ 0, 0, 16, 16 ], "texture": "#glass" },
        "up":    { "uv": [ 0, 0, 16, 16 ], "texture": "#glass" },
        "north": { "uv": [ 0, 0, 16, 16 ], "texture": "#glass" },
        "south": { "uv": [ 0, 0, 16, 16 ], "texture": "#glass" },
        "west":  { "uv": [ 0, 0, 16, 16 ], "texture": "#glass" },
        "east":  { "uv": [ 0, 0, 16, 16 ], "texture": "#glass" }
    }
},
{
    "from": [ 4, 11.4375, 3.6875 ],
    "to": [ 10.9375, 15.875, 4.0625 ],
    "faces": {
        "down":  { "uv": [ 0, 0, 16, 16 ], "texture": "#glass" },
        "up":    { "uv": [ 0, 0, 16, 16 ], "texture": "#glass" },
        "north": { "uv": [ 0, 0, 16, 16 ], "texture": "#glass" },
        "south": { "uv": [ 0, 0, 16, 16 ], "texture": "#glass" },
        "west":  { "uv": [ 0, 0, 16, 16 ], "texture": "#glass" },
        "east":  { "uv": [ 0, 0, 16, 16 ], "texture": "#glass" }
    }
},
{
    "from": [ 10.75, 11.5625, 3.6875 ],
    "to": [ 15.1875, 15.8125, 4.0625 ],
    "faces": {
        "down":  { "uv": [ 0, 0, 16, 16 ], "texture": "#glass" },
        "up":    { "uv": [ 0, 0, 16, 16 ], "texture": "#glass" },
        "north": { "uv": [ 0, 0, 16, 16 ], "texture": "#glass" },
        "south": { "uv": [ 0, 0, 16, 16 ], "texture": "#glass" },
        "west":  { "uv": [ 0, 0, 16, 16 ], "texture": "#glass" },
        "east":  { "uv": [ 0, 0, 16, 16 ], "texture": "#glass" }
    }
},
{
    "from": [ 10.8125, 11.5625, 11.125 ],
    "to": [ 15.25, 16, 11.5 ],
    "faces": {
        "down":  { "uv": [ 0, 0, 16, 16 ], "texture": "#glass" },
        "up":    { "uv": [ 0, 0, 16, 16 ], "texture": "#glass" },
        "north": { "uv": [ 0, 0, 16, 16 ], "texture": "#glass" },
        "south": { "uv": [ 0, 0, 16, 16 ], "texture": "#glass" },
        "west":  { "uv": [ 0, 0, 16, 16 ], "texture": "#glass" },
        "east":  { "uv": [ 0, 0, 16, 16 ], "texture": "#glass" }
    }
},
{
    "from": [ 4, 11.5625, 11.125 ],
    "to": [ 10.9375, 16, 11.5 ],
    "faces": {
        "down":  { "uv": [ 0, 0, 16, 16 ], "texture": "#glass" },
        "up":    { "uv": [ 0, 0, 16, 16 ], "texture": "#glass" },
        "north": { "uv": [ 0, 0, 16, 16 ], "texture": "#glass" },
        "south": { "uv": [ 0, 0, 16, 16 ], "texture": "#glass" },
        "west":  { "uv": [ 0, 0, 16, 16 ], "texture": "#glass" },
        "east":  { "uv": [ 0, 0, 16, 16 ], "texture": "#glass" }
    }
},
{
    "from": [ 4.5625, 15.8125, 3.875 ],
    "to": [ 15.375, 16.25, 11.125 ],
    "faces": {
        "down":  { "uv": [ 11.4375, 11.125, 0.625, 3.875 ], "texture": "#texture" },
        "up":    { "uv": [ 7, 1.5, 15.5, 7 ], "texture": "#texture" },
        "north": { "uv": [ 0.625, 0, 11.4375, 0.1875 ], "texture": "#texture" },
        "south": { "uv": [ 4.5625, 0, 15.375, 0.1875 ], "texture": "#texture" },
        "west":  { "uv": [ 3.875, 0, 11.125, 0.1875 ], "texture": "#texture" },
        "east":  { "uv": [ 4.875, 0, 12.125, 0.1875 ], "texture": "#texture" }
    }
},
{
    "from": [ -1.375, 2.375, 2.6875 ],
    "to": [ 4.625, 8.25, 3.375 ],
    "faces": {
        "down":  { "uv": [ 0, 0, 1, 2.5 ], "texture": "#ruedas" },
        "up":    { "uv": [ 0, 0, 1.5, 2 ], "texture": "#ruedas" },
        "north": { "uv": [ 0, 0, 16, 16 ], "texture": "#ruedas" },
        "south": { "uv": [ 0, 0, 1, 3 ], "texture": "#ruedas" },
        "west":  { "uv": [ 0, 0, 2, 1 ], "texture": "#ruedas" },
        "east":  { "uv": [ 0, 0, 1, 2.5 ], "texture": "#ruedas" }
    }
},
{
    "from": [ 12.25, 2.4375, 11.875 ],
    "to": [ 18.375, 8.625, 12.5625 ],
    "faces": {
        "down":  { "uv": [ 0, 0, 1, 2.5 ], "texture": "#ruedas" },
        "up":    { "uv": [ 0, 0, 1.5, 2 ], "texture": "#ruedas" },
        "north": { "uv": [ 0, 0, 1.5, 1 ], "texture": "#ruedas" },
        "south": { "uv": [ 0, 0, 16, 16 ], "texture": "#ruedas" },
        "west":  { "uv": [ 0, 0, 2, 1 ], "texture": "#ruedas" },
        "east":  { "uv": [ 0, 0, 1, 2.5 ], "texture": "#ruedas" }
    }
},
{
    "from": [ 12.25, 2.1875, 2.875 ],
    "to": [ 18.375, 8.375, 3.5625 ],
    "faces": {
        "down":  { "uv": [ 0, 0, 1, 2.5 ], "texture": "#ruedas" },
        "up":    { "uv": [ 0, 0, 1.5, 2 ], "texture": "#ruedas" },
        "north": { "uv": [ 0, 0, 16, 16 ], "texture": "#ruedas" },
        "south": { "uv": [ 0, 0, 1, 3 ], "texture": "#ruedas" },
        "west":  { "uv": [ 0, 0, 2, 1 ], "texture": "#ruedas" },
        "east":  { "uv": [ 0, 0, 1, 2.5 ], "texture": "#ruedas" }
    }
},
{
    "from": [ -1.5, 2.4375, 11.8125 ],
    "to": [ 4.625, 8.625, 12.5 ],
    "faces": {
        "down":  { "uv": [ 0, 0, 1, 2.5 ], "texture": "#ruedas" },
        "up":    { "uv": [ 0, 0, 1.5, 2 ], "texture": "#ruedas" },
        "north": { "uv": [ 0, 0, 1.5, 1 ], "texture": "#ruedas" },
        "south": { "uv": [ 0, 0, 16, 16 ], "texture": "#ruedas" },
        "west":  { "uv": [ 0, 0, 2, 1 ], "texture": "#ruedas" },
        "east":  { "uv": [ 0, 0, 1, 2.5 ], "texture": "#ruedas" }
    }
},
{
    "from": [ 8.875, 9.75, 2.9375 ],
    "to": [ 10.375, 10.6875, 12.375 ],
    "faces": {
        "down":  { "uv": [ 7.125, 12.375, 5.625, 2.9375 ], "texture": "#particle" },
        "up":    { "uv": [ 8.875, 2.9375, 10.375, 12.375 ], "texture": "#particle" },
        "north": { "uv": [ 5.625, 5.3125, 7.125, 6.25 ], "texture": "#particle" },
        "south": { "uv": [ 8.875, 5.3125, 10.375, 6.25 ], "texture": "#particle" },
        "west":  { "uv": [ 2.9375, 5.3125, 12.375, 6.25 ], "texture": "#particle" },
        "east":  { "uv": [ 3.625, 5.3125, 13.0625, 6.25 ], "texture": "#particle" }
    }
},
{
    "from": [ -4.25, 8.4375, 8.5 ],
    "to": [ -3.625, 10.5, 11.0625 ],
    "faces": {
        "down":  { "uv": [ 16, 6.5625, 16, 4 ], "texture": "#texture" },
        "up":    { "uv": [ 0, 4, 0, 6.5625 ], "texture": "#texture" },
        "north": { "uv": [ 16, 5.5, 16, 7.5625 ], "texture": "#texture" },
        "south": { "uv": [ 0, 5.5, 0, 7.5625 ], "texture": "#texture" },
        "west":  { "uv": [ 3, 3, 13, 12.5 ], "texture": "#beacon_bottom" },
        "east":  { "uv": [ 9.4375, 5.5, 12, 7.5625 ], "texture": "#texture" }
    }
},
{
    "from": [ -4.25, 8.4375, 4 ],
    "to": [ -3.625, 10.5, 6.5625 ],
    "faces": {
        "down":  { "uv": [ 16, 6.5625, 16, 4 ], "texture": "#texture" },
        "up":    { "uv": [ 0, 4, 0, 6.5625 ], "texture": "#texture" },
        "north": { "uv": [ 16, 5.5, 16, 7.5625 ], "texture": "#texture" },
        "south": { "uv": [ 0, 5.5, 0, 7.5625 ], "texture": "#texture" },
        "west":  { "uv": [ 3, 3, 13, 12.5 ], "texture": "#beacon_bottom" },
        "east":  { "uv": [ 9.4375, 5.5, 12, 7.5625 ], "texture": "#texture" }
    }
},
{
    "from": [ 16, 5.6875, 10.1875 ],
    "to": [ 21.4375, 6.5, 11 ],
    "faces": {
        "down":  { "uv": [ 4.5, 5, 3.6875, 4.1875 ], "texture": "#particle" },
        "up":    { "uv": [ 10, 4, 10.8125, 4.8125 ], "texture": "#particle" },
        "north": { "uv": [ 2.5, 8, 3.3125, 8.8125 ], "texture": "#particle" },
        "south": { "uv": [ 12, 7.5, 12.8125, 8.3125 ], "texture": "#particle" },
        "west":  { "uv": [ 2, 7.5, 2.8125, 8.3125 ], "texture": "#particle" },
        "east":  { "uv": [ 3, 8, 3.8125, 8.8125 ], "texture": "#particle" }
    }
},
{
    "from": [ 15.1875, 9.5625, 10.8125 ],
    "to": [ 15.75, 15.5625, 11.6875 ],
    "rotation": { "origin": [ 15.1875, 15.5625, 10.8125 ], "axis": "z", "angle": 45 },
    "faces": {
        "down":  { "uv": [ 0, 0, 16, 16 ], "texture": "#texture" },
        "up":    { "uv": [ 0, 0, 16, 16 ], "texture": "#texture" },
        "north": { "uv": [ 0, 0, 16, 16 ], "texture": "#texture" },
        "south": { "uv": [ 0, 0, 16, 16 ], "texture": "#texture" },
        "west":  { "uv": [ 0, 0, 16, 16 ], "texture": "#texture" },
        "east":  { "uv": [ 0, 0, 16, 16 ], "texture": "#texture" }
    }
},
{
    "from": [ 14.9375, 9.5625, 3.5625 ],
    "to": [ 15.5, 15.5625, 4.4375 ],
    "rotation": { "origin": [ 14.9375, 15.5625, 3.5625 ], "axis": "z", "angle": 45 },
    "faces": {
        "down":  { "uv": [ 0, 0, 16, 16 ], "texture": "#texture" },
        "up":    { "uv": [ 0, 0, 16, 16 ], "texture": "#texture" },
        "north": { "uv": [ 0, 0, 16, 16 ], "texture": "#texture" },
        "south": { "uv": [ 0, 0, 16, 16 ], "texture": "#texture" },
        "west":  { "uv": [ 0, 0, 16, 16 ], "texture": "#texture" },
        "east":  { "uv": [ 0, 0, 16, 16 ], "texture": "#texture" }
    }
},
{
    "from": [ -1.8125, 6.5625, 3.625 ],
    "to": [ 20.625, 11.4375, 11.6875 ],
    "faces": {
        "down":  { "uv": [ 16, 11.6875, 0, 3.625 ], "texture": "#texture" },
        "up":    { "uv": [ 0, 3.625, 16, 11.6875 ], "texture": "#texture" },
        "north": { "uv": [ 0, 4.5625, 16, 9.4375 ], "texture": "#texture" },
        "south": { "uv": [ 0, 4.5625, 16, 9.4375 ], "texture": "#texture" },
        "west":  { "uv": [ 3.625, 4.5625, 11.6875, 9.4375 ], "texture": "#texture" },
        "east":  { "uv": [ 4.3125, 4.5625, 12.375, 9.4375 ], "texture": "#texture" }
    }
},
{
    "from": [ 19.875, 6.75, 3.875 ],
    "to": [ 21.375, 10.25, 11.5 ],
    "faces": {
        "down":  { "uv": [ 0, 11.6875, 0, 3.625 ], "texture": "#texture" },
        "up":    { "uv": [ 16, 3.625, 16, 11.6875 ], "texture": "#texture" },
        "north": { "uv": [ 0, 5, 0, 11.1875 ], "texture": "#texture" },
        "south": { "uv": [ 16, 5, 16, 11.1875 ], "texture": "#texture" },
        "west":  { "uv": [ 3.625, 5, 11.6875, 11.1875 ], "texture": "#texture" },
        "east":  { "uv": [ 4.3125, 5, 12.375, 11.1875 ], "texture": "#texture" }
    }
},
{
    "from": [ 2.625, 5.75, 3.6875 ],
    "to": [ 13.875, 7.4375, 12 ],
    "faces": {
        "down":  { "uv": [ 0, 11.6875, 0, 3.625 ], "texture": "#texture" },
        "up":    { "uv": [ 16, 3.625, 16, 11.6875 ], "texture": "#texture" },
        "north": { "uv": [ 0, 5, 0, 11.1875 ], "texture": "#texture" },
        "south": { "uv": [ 16, 5, 16, 11.1875 ], "texture": "#texture" },
        "west":  { "uv": [ 3.625, 5, 11.6875, 11.1875 ], "texture": "#texture" },
        "east":  { "uv": [ 4.3125, 5, 12.375, 11.1875 ], "texture": "#texture" }
    }
},
{
    "from": [ -3.5625, 6.125, 3 ],
    "to": [ 19.1875, 11.625, 12.3125 ],
    "faces": {
        "down":  { "uv": [ 4, 9.5, 0, 6.5 ], "texture": "#texture" },
        "up":    { "uv": [ 0.5, 7, 4, 9.5 ], "texture": "#texture" },
        "north": { "uv": [ 5, 1.5, 15.5, 6.5 ], "texture": "#texture" },
        "south": { "uv": [ 4, 1.5, 16, 6 ], "texture": "#texture" },
        "west":  { "uv": [ 0.5, 7, 4.5, 9.5 ], "texture": "#texture" },
        "east":  { "uv": [ 0, 6.5, 4, 9.5 ], "texture": "#texture" }
    }
},
{
    "from": [ 5.3125, 5.875, 2.875 ],
    "to": [ 11.4375, 11.5, 12.4375 ],
    "faces": {
        "down":  { "uv": [ 9.875, 12.5, 4.8125, 2.625 ], "texture": "#texture" },
        "up":    { "uv": [ 6.125, 2.625, 11.1875, 12.5 ], "texture": "#texture" },
        "north": { "uv": [ 1, 1.5, 4.5, 6 ], "texture": "#texture" },
        "south": { "uv": [ 1, 1.5, 4.5, 6.5 ], "texture": "#texture" },
        "west":  { "uv": [ 2.625, 4.625, 12.5, 10.0625 ], "texture": "#texture" },
        "east":  { "uv": [ 3.5, 4.625, 13.375, 10.0625 ], "texture": "#texture" }
    }
},
{
    "from": [ -1.875, 6.125, 2.75 ],
    "to": [ 5.375, 10.375, 12.4375 ],
    "faces": {
        "down":  { "uv": [ 9.875, 12.5, 4.8125, 2.625 ], "texture": "#texture" },
        "up":    { "uv": [ 6.125, 2.625, 11.1875, 12.5 ], "texture": "#texture" },
        "north": { "uv": [ 10, 12.5, 15, 15 ], "texture": "#texture" },
        "south": { "uv": [ 10, 12.5, 15, 15 ], "texture": "#texture" },
        "west":  { "uv": [ 2.625, 4.625, 12.5, 10.0625 ], "texture": "#texture" },
        "east":  { "uv": [ 4.5, 6, 11.5, 11 ], "texture": "#texture" }
    }
},
{
    "from": [ -7.5625, 1.5, -1.8125 ],
    "to": [ 25.9375, 2.5, 18.1875 ],
    "faces": {
        "down":  { "uv": [ 0, 0, 0, 0 ], "texture": "#shadow3" },
        "up":    { "uv": [ 0, 0, 16, 16 ], "texture": "#shadow3" },
        "north": { "uv": [ 0, 0, 0, 0 ], "texture": "#shadow3" },
        "south": { "uv": [ 0, 0, 0, 0 ], "texture": "#shadow3" },
        "west":  { "uv": [ 0, 0, 1, 2 ], "texture": "#shadow3" },
        "east":  { "uv": [ 0, 0, 0, 0 ], "texture": "#shadow3" }
    }
}
],
"display": {
    "thirdperson_righthand": {
        "rotation": [ 65, -94, 0 ],
        "translation": [ -6.61, -2.2, 0 ],
        "scale": [ 3.02, 2.58, 3.06 ]
    },
    "thirdperson_lefthand": {
        "rotation": [ 65, -94, 0 ],
        "translation": [ -6.61, -2.2, 0 ],
        "scale": [ 3.02, 2.58, 3.06 ]
    },
    "head": {
        "rotation": [ 0, 0, 0 ],
        "translation": [ 9.2, 0, 0 ],
        "scale": [ 4, 4, 4 ]
    },
    "firstperson_lefthand": {
        "rotation": [ 0, 0, 0 ],
        "translation": [ 0, 0, 0 ],
        "scale": [ 0, 0, 0 ]
    }
}
}