{
"__comment": "Designed by Killercreeper55 with BDcraft Cubik PRO 0.93 Beta - http://bdcraft.net",
"textures": {
    "particle": "blocks/bedrock",
    "texture": "blocks/furnace_top",
    "planks_oak": "blocks/cartel",
    "book": "blocks/dirt2",
    "book_written": "items/misc/book_written",
    "water_flow": "blocks/water_flow",
    "door_wood_lowervolteada": "blocks/door_wood_lowervolteada",
    "shadow": "blocks/shadow",
    "anvil_top_damaged_1": "blocks/anvil_top_damaged_1"
},
"elements": [ 
{
    "from": [ 2, -1.4375, 7.75 ],
    "to": [ 13.5, 13.6875, 8.75 ],
    "rotation": { "origin": [ 2, 13.6875, 7.75 ], "axis": "x", "angle": -22.5 },
    "faces": {
        "down":  { "uv": [ 1, 1, 0, 0 ], "texture": "#planks_oak" },
        "up":    { "uv": [ 0, 0, 1.5, 1 ], "texture": "#planks_oak" },
        "north": { "uv": [ 2, 0, 14, 16 ], "texture": "#anvil_top_damaged_1" },
        "south": { "uv": [ 0, 0, 6.5, 9.5 ], "texture": "#planks_oak" },
        "west":  { "uv": [ 0, 0, 0.5, 1 ], "texture": "#planks_oak" },
        "east":  { "uv": [ 0, 0, 1, 1 ], "texture": "#planks_oak" }
    }
},
{
    "from": [ 7.5, -0.4375, 11.4375 ],
    "to": [ 8.5, 4.5625, 12.4375 ],
    "rotation": { "origin": [ 7.5, 4.5625, 11.4375 ], "axis": "x", "angle": 22.5 },
    "faces": {
        "down":  { "uv": [ 4, 8, 3, 7 ], "texture": "#particle" },
        "up":    { "uv": [ 12, 7, 13, 8 ], "texture": "#particle" },
        "north": { "uv": [ 3, 1.5, 4, 16 ], "texture": "#particle" },
        "south": { "uv": [ 12, 1.5, 13, 16 ], "texture": "#particle" },
        "west":  { "uv": [ 7, 1.5, 8, 16 ], "texture": "#particle" },
        "east":  { "uv": [ 8, 1.5, 9, 16 ], "texture": "#particle" }
    }
},
{
    "from": [ 4, -1.25, 8.3125 ],
    "to": [ 5, 12.75, 8.8125 ],
    "rotation": { "origin": [ 4, 12.75, 8.3125 ], "axis": "x", "angle": 22.5 },
    "faces": {
        "down":  { "uv": [ 14, 2, 13, 1.5 ], "texture": "#particle" },
        "up":    { "uv": [ 2, 1.5, 3, 2 ], "texture": "#particle" },
        "north": { "uv": [ 13, 7.5, 14, 16 ], "texture": "#particle" },
        "south": { "uv": [ 2, 7.5, 3, 16 ], "texture": "#particle" },
        "west":  { "uv": [ 1.5, 7.5, 2, 16 ], "texture": "#particle" },
        "east":  { "uv": [ 14, 7.5, 14.5, 16 ], "texture": "#particle" }
    }
},
{
    "from": [ 10.5, -1, 8.25 ],
    "to": [ 11.5, 13, 8.75 ],
    "rotation": { "origin": [ 10.5, 13, 8.25 ], "axis": "x", "angle": 22.5 },
    "faces": {
        "down":  { "uv": [ 14, 2, 13, 1.5 ], "texture": "#particle" },
        "up":    { "uv": [ 2, 1.5, 3, 2 ], "texture": "#particle" },
        "north": { "uv": [ 13, 7.5, 14, 16 ], "texture": "#particle" },
        "south": { "uv": [ 2, 7.5, 3, 16 ], "texture": "#particle" },
        "west":  { "uv": [ 1.5, 7.5, 2, 16 ], "texture": "#particle" },
        "east":  { "uv": [ 14, 7.5, 14.5, 16 ], "texture": "#particle" }
    }
},
{
    "from": [ -2.5, -1.8125, 4.75 ],
    "to": [ 19.5, 0.1875, 21.25 ],
    "faces": {
        "down":  { "uv": [ 16, 16, 14.5, 15.5 ], "texture": "#shadow" },
        "up":    { "uv": [ 0, 0, 16, 16 ], "texture": "#shadow" },
        "north": { "uv": [ 0, 15.8125, 16, 16 ], "texture": "#shadow" },
        "south": { "uv": [ 0, 15.8125, 16, 16 ], "texture": "#shadow" },
        "west":  { "uv": [ 2.125, 15.8125, 16, 16 ], "texture": "#shadow" },
        "east":  { "uv": [ 0, 15.8125, 13.875, 16 ], "texture": "#shadow" }
    }
}
],
"display": {
    "thirdperson_righthand": {
        "rotation": [ 65, 0, 0 ],
        "translation": [ -6.43, -6.8, -3.21 ],
        "scale": [ 1.29, 1.23, 1.1 ]
    },
    "thirdperson_lefthand": {
        "rotation": [ 65, 0, 0 ],
        "translation": [ -6.43, -6.8, -3.21 ],
        "scale": [ 1.29, 1.23, 1.1 ]
    }
}
}