{
"__comment": "Designed by Killercreeper55 with BDcraft Cubik PRO 0.96 Beta - http://bdcraft.net",
"textures": {
    "particle": "blocks/cadena",
    "texture": "blocks/cadena"
},
"elements": [ 
{
    "from": [ -3.4375, 6.875, 7 ],
    "to": [ 7.1875, 9.75, 7.0625 ],
    "faces": {
        "down":  { "uv": [ 7, 1.5, 0, 0.5 ], "texture": "#texture" },
        "up":    { "uv": [ 0, 2, 14.5, 3.5 ], "texture": "#texture" },
        "north": { "uv": [ 0, 4.5, 16, 10 ], "texture": "#texture" },
        "south": { "uv": [ 0, 4.5, 16, 10.5 ], "texture": "#texture" },
        "west":  { "uv": [ 6.5, 0, 7.5, 1 ], "texture": "#texture" },
        "east":  { "uv": [ 8.5, 0, 9.5, 1 ], "texture": "#texture" }
    }
},
{
    "from": [ 7.0625, 6.875, 7 ],
    "to": [ 18.5625, 9.75, 7.0625 ],
    "faces": {
        "down":  { "uv": [ 7, 1.5, 0, 0.5 ], "texture": "#texture" },
        "up":    { "uv": [ 0, 2, 14.5, 3.5 ], "texture": "#texture" },
        "north": { "uv": [ 0, 4.5, 16, 10 ], "texture": "#texture" },
        "south": { "uv": [ 0, 4.5, 16, 10.5 ], "texture": "#texture" },
        "west":  { "uv": [ 6.5, 0, 7.5, 1 ], "texture": "#texture" },
        "east":  { "uv": [ 8.5, 0, 9.5, 1 ], "texture": "#texture" }
    }
}
],
"display": {
    "thirdperson_righthand": {
        "rotation": [ 65, 94, 0 ],
        "translation": [ 0, 0, 0 ],
        "scale": [ 2.2, 1.54, 1 ]
    },
    "thirdperson_lefthand": {
        "rotation": [ 65, 94, 0 ],
        "translation": [ 0, 0, 0 ],
        "scale": [ 2.2, 1.54, 1 ]
    }
}
}