{
"__comment": "Designed by Killercreeper55 with BDcraft Cubik PRO 0.93 Beta - http://bdcraft.net",
"textures": {
    "particle": "blocks/letras/amarillo",
    "texture": "blocks/letras/verde"
},
"elements": [ 
{
    "from": [ -6.5, 7.0625, 6.1875 ],
    "to": [ -5.8125, 7.75, 6.75 ],
    "faces": {
        "down":  { "uv": [ 0, 0, 16, 16 ], "texture": "#texture" },
        "up":    { "uv": [ 0, 0, 16, 16 ], "texture": "#texture" },
        "north": { "uv": [ 0, 0, 16, 16 ], "texture": "#texture" },
        "south": { "uv": [ 4, 12.5, 10, 16 ], "texture": "#texture" },
        "west":  { "uv": [ 0, 0, 16, 16 ], "texture": "#texture" },
        "east":  { "uv": [ 0, 0, 16, 16 ], "texture": "#texture" }
    }
},
{
    "from": [ 3.5625, 6, 4.0625 ],
    "to": [ 4.4375, 10.8125, 7.1875 ],
    "rotation": { "origin": [ 3.5625, 10.8125, 4.0625 ], "axis": "z", "angle": 22.5 },
    "faces": {
        "down":  { "uv": [ 0, 0, 16, 16 ], "texture": "#texture" },
        "up":    { "uv": [ 0, 0, 16, 16 ], "texture": "#texture" },
        "north": { "uv": [ 0, 0, 16, 16 ], "texture": "#texture" },
        "south": { "uv": [ 0, 0, 16, 16 ], "texture": "#texture" },
        "west":  { "uv": [ 0, 0, 16, 16 ], "texture": "#texture" },
        "east":  { "uv": [ 0, 0, 16, 16 ], "texture": "#texture" }
    }
},
{
    "from": [ 1.25, 11.25, 4 ],
    "to": [ 2.3125, 12.25, 7.1875 ],
    "faces": {
        "down":  { "uv": [ 0, 0, 16, 16 ], "texture": "#texture" },
        "up":    { "uv": [ 0, 0, 16, 16 ], "texture": "#texture" },
        "north": { "uv": [ 0, 0, 16, 16 ], "texture": "#texture" },
        "south": { "uv": [ 0, 0, 16, 16 ], "texture": "#texture" },
        "west":  { "uv": [ 0, 0, 16, 16 ], "texture": "#texture" },
        "east":  { "uv": [ 0, 0, 16, 16 ], "texture": "#texture" }
    }
},
{
    "from": [ -5, 7.5, 4.0625 ],
    "to": [ -3.8125, 10.8125, 7.1875 ],
    "rotation": { "origin": [ -5, 10.8125, 4.0625 ], "axis": "z", "angle": 22.5 },
    "faces": {
        "down":  { "uv": [ 0, 0, 16, 16 ], "texture": "#texture" },
        "up":    { "uv": [ 0, 0, 16, 16 ], "texture": "#texture" },
        "north": { "uv": [ 0, 0, 16, 16 ], "texture": "#texture" },
        "south": { "uv": [ 0, 0, 16, 16 ], "texture": "#texture" },
        "west":  { "uv": [ 0, 0, 16, 16 ], "texture": "#texture" },
        "east":  { "uv": [ 0, 0, 16, 16 ], "texture": "#texture" }
    }
},
{
    "from": [ -2.6875, 8.0625, 4.125 ],
    "to": [ -1.5, 11.125, 7.25 ],
    "rotation": { "origin": [ -2.6875, 11.125, 4.125 ], "axis": "z", "angle": -22.5 },
    "faces": {
        "down":  { "uv": [ 0, 0, 16, 16 ], "texture": "#texture" },
        "up":    { "uv": [ 0, 0, 16, 16 ], "texture": "#texture" },
        "north": { "uv": [ 0, 0, 16, 16 ], "texture": "#texture" },
        "south": { "uv": [ 0, 0, 16, 16 ], "texture": "#texture" },
        "west":  { "uv": [ 0, 0, 16, 16 ], "texture": "#texture" },
        "east":  { "uv": [ 0, 0, 16, 16 ], "texture": "#texture" }
    }
},
{
    "from": [ -5.125, 6.5, 4 ],
    "to": [ -3.6875, 11.8125, 7.25 ],
    "rotation": { "origin": [ -5.125, 11.8125, 4 ], "axis": "z", "angle": -22.5 },
    "faces": {
        "down":  { "uv": [ 0, 0, 16, 16 ], "texture": "#texture" },
        "up":    { "uv": [ 0, 0, 16, 16 ], "texture": "#texture" },
        "north": { "uv": [ 0, 0, 16, 16 ], "texture": "#texture" },
        "south": { "uv": [ 0, 0, 16, 16 ], "texture": "#texture" },
        "west":  { "uv": [ 0, 0, 16, 16 ], "texture": "#texture" },
        "east":  { "uv": [ 0, 0, 16, 16 ], "texture": "#texture" }
    }
},
{
    "from": [ 1.25, 7.125, 4 ],
    "to": [ 2.3125, 10.9375, 7.1875 ],
    "faces": {
        "down":  { "uv": [ 0, 0, 16, 16 ], "texture": "#texture" },
        "up":    { "uv": [ 0, 0, 16, 16 ], "texture": "#texture" },
        "north": { "uv": [ 0, 0, 16, 16 ], "texture": "#texture" },
        "south": { "uv": [ 0, 0, 16, 16 ], "texture": "#texture" },
        "west":  { "uv": [ 0, 0, 16, 16 ], "texture": "#texture" },
        "east":  { "uv": [ 0, 0, 16, 16 ], "texture": "#texture" }
    }
},
{
    "from": [ -2.6875, 5.875, 4 ],
    "to": [ -1.125, 11.1875, 7.3125 ],
    "rotation": { "origin": [ -2.6875, 11.1875, 4 ], "axis": "z", "angle": 22.5 },
    "faces": {
        "down":  { "uv": [ 0, 0, 16, 16 ], "texture": "#texture" },
        "up":    { "uv": [ 0, 0, 16, 16 ], "texture": "#texture" },
        "north": { "uv": [ 0, 0, 16, 16 ], "texture": "#texture" },
        "south": { "uv": [ 0, 0, 16, 16 ], "texture": "#texture" },
        "west":  { "uv": [ 0, 0, 16, 16 ], "texture": "#texture" },
        "east":  { "uv": [ 0, 0, 16, 16 ], "texture": "#texture" }
    }
},
{
    "from": [ 3.25, 5.9375, 4 ],
    "to": [ 4.375, 11.125, 7.25 ],
    "faces": {
        "down":  { "uv": [ 0, 0, 16, 16 ], "texture": "#texture" },
        "up":    { "uv": [ 0, 0, 16, 16 ], "texture": "#texture" },
        "north": { "uv": [ 0, 0, 16, 16 ], "texture": "#texture" },
        "south": { "uv": [ 0, 0, 16, 16 ], "texture": "#texture" },
        "west":  { "uv": [ 0, 0, 16, 16 ], "texture": "#texture" },
        "east":  { "uv": [ 0, 0, 16, 16 ], "texture": "#texture" }
    }
},
{
    "from": [ 5.375, 6.3125, 4 ],
    "to": [ 6.5, 11.375, 7.25 ],
    "faces": {
        "down":  { "uv": [ 0, 0, 16, 16 ], "texture": "#texture" },
        "up":    { "uv": [ 0, 0, 16, 16 ], "texture": "#texture" },
        "north": { "uv": [ 0, 0, 16, 16 ], "texture": "#texture" },
        "south": { "uv": [ 0, 0, 16, 16 ], "texture": "#texture" },
        "west":  { "uv": [ 0, 0, 16, 16 ], "texture": "#texture" },
        "east":  { "uv": [ 0, 0, 16, 16 ], "texture": "#texture" }
    }
},
{
    "from": [ 9.3125, 9.4375, 3.9375 ],
    "to": [ 11.0625, 10.5625, 7.25 ],
    "faces": {
        "down":  { "uv": [ 6.6875, 7.25, 4.9375, 3.9375 ], "texture": "#particle" },
        "up":    { "uv": [ 9.3125, 3.9375, 11.0625, 7.25 ], "texture": "#particle" },
        "north": { "uv": [ 4.9375, 5.4375, 6.6875, 6.5625 ], "texture": "#particle" },
        "south": { "uv": [ 9.3125, 5.4375, 11.0625, 6.5625 ], "texture": "#particle" },
        "west":  { "uv": [ 3.9375, 5.4375, 7.25, 6.5625 ], "texture": "#particle" },
        "east":  { "uv": [ 8.75, 5.4375, 12.0625, 6.5625 ], "texture": "#particle" }
    }
},
{
    "from": [ 16.5625, 8.625, 4 ],
    "to": [ 19.3125, 9.125, 7.1875 ],
    "faces": {
        "down":  { "uv": [ 0, 7.25, 0, 3.9375 ], "texture": "#particle" },
        "up":    { "uv": [ 16, 3.9375, 16, 7.25 ], "texture": "#particle" },
        "north": { "uv": [ 0, 3.1875, 0, 9.6875 ], "texture": "#particle" },
        "south": { "uv": [ 16, 3.1875, 16, 9.6875 ], "texture": "#particle" },
        "west":  { "uv": [ 3.9375, 3.1875, 7.25, 9.6875 ], "texture": "#particle" },
        "east":  { "uv": [ 8.75, 3.1875, 12.0625, 9.6875 ], "texture": "#particle" }
    }
},
{
    "from": [ 11.0625, 9.4375, 3.9375 ],
    "to": [ 11.875, 12.8125, 7.25 ],
    "faces": {
        "down":  { "uv": [ 4.9375, 7.25, 4.125, 3.9375 ], "texture": "#particle" },
        "up":    { "uv": [ 11.0625, 3.9375, 11.875, 7.25 ], "texture": "#particle" },
        "north": { "uv": [ 4.125, 3.1875, 4.9375, 6.5625 ], "texture": "#particle" },
        "south": { "uv": [ 11.0625, 3.1875, 11.875, 6.5625 ], "texture": "#particle" },
        "west":  { "uv": [ 3.9375, 3.1875, 7.25, 6.5625 ], "texture": "#particle" },
        "east":  { "uv": [ 8.75, 3.1875, 12.0625, 6.5625 ], "texture": "#particle" }
    }
},
{
    "from": [ 9.3125, 11.6875, 3.9375 ],
    "to": [ 11.0625, 12.8125, 7.25 ],
    "faces": {
        "down":  { "uv": [ 6.6875, 7.25, 4.9375, 3.9375 ], "texture": "#particle" },
        "up":    { "uv": [ 9.3125, 3.9375, 11.0625, 7.25 ], "texture": "#particle" },
        "north": { "uv": [ 4.9375, 3.1875, 6.6875, 4.3125 ], "texture": "#particle" },
        "south": { "uv": [ 9.3125, 3.1875, 11.0625, 4.3125 ], "texture": "#particle" },
        "west":  { "uv": [ 3.9375, 3.1875, 7.25, 4.3125 ], "texture": "#particle" },
        "east":  { "uv": [ 8.75, 3.1875, 12.0625, 4.3125 ], "texture": "#particle" }
    }
},
{
    "from": [ 7.9375, 6.3125, 3.9375 ],
    "to": [ 9.375, 12.8125, 7.25 ],
    "faces": {
        "down":  { "uv": [ 0, 0, 16, 16 ], "texture": "#particle" },
        "up":    { "uv": [ 0, 0, 16, 16 ], "texture": "#particle" },
        "north": { "uv": [ 0, 0, 16, 16 ], "texture": "#particle" },
        "south": { "uv": [ 0, 0, 16, 16 ], "texture": "#particle" },
        "west":  { "uv": [ 0, 0, 16, 16 ], "texture": "#particle" },
        "east":  { "uv": [ 0, 0, 16, 16 ], "texture": "#particle" }
    }
},
{
    "from": [ 17.0625, 6.5, 3.9375 ],
    "to": [ 17.875, 11.1875, 7.25 ],
    "rotation": { "origin": [ 17.0625, 11.1875, 3.9375 ], "axis": "z", "angle": -22.5 },
    "faces": {
        "down":  { "uv": [ 0, 0, 16, 16 ], "texture": "#particle" },
        "up":    { "uv": [ 0, 0, 16, 16 ], "texture": "#particle" },
        "north": { "uv": [ 0, 0, 16, 16 ], "texture": "#particle" },
        "south": { "uv": [ 0, 0, 16, 16 ], "texture": "#particle" },
        "west":  { "uv": [ 0, 0, 16, 16 ], "texture": "#particle" },
        "east":  { "uv": [ 0, 0, 16, 16 ], "texture": "#particle" }
    }
},
{
    "from": [ 17.75, 6.1875, 3.9375 ],
    "to": [ 18.5625, 10.875, 7.25 ],
    "rotation": { "origin": [ 17.75, 10.875, 3.9375 ], "axis": "z", "angle": 22.5 },
    "faces": {
        "down":  { "uv": [ 0, 7.25, 0, 3.9375 ], "texture": "#particle" },
        "up":    { "uv": [ 16, 3.9375, 16, 7.25 ], "texture": "#particle" },
        "north": { "uv": [ 0, 3.1875, 0, 9.6875 ], "texture": "#particle" },
        "south": { "uv": [ 16, 3.1875, 16, 9.6875 ], "texture": "#particle" },
        "west":  { "uv": [ 3.9375, 3.1875, 7.25, 9.6875 ], "texture": "#particle" },
        "east":  { "uv": [ 8.75, 3.1875, 12.0625, 9.6875 ], "texture": "#particle" }
    }
},
{
    "from": [ 17.125, 10.6875, 4 ],
    "to": [ 18.4375, 11.1875, 7.1875 ],
    "faces": {
        "down":  { "uv": [ 0, 7.25, 0, 3.9375 ], "texture": "#particle" },
        "up":    { "uv": [ 16, 3.9375, 16, 7.25 ], "texture": "#particle" },
        "north": { "uv": [ 0, 3.1875, 0, 9.6875 ], "texture": "#particle" },
        "south": { "uv": [ 16, 3.1875, 16, 9.6875 ], "texture": "#particle" },
        "west":  { "uv": [ 3.9375, 3.1875, 7.25, 9.6875 ], "texture": "#particle" },
        "east":  { "uv": [ 8.75, 3.1875, 12.0625, 9.6875 ], "texture": "#particle" }
    }
},
{
    "from": [ 12.5, 6.5625, 4 ],
    "to": [ 13.5, 11.25, 7.125 ],
    "faces": {
        "down":  { "uv": [ 0, 0, 16, 16 ], "texture": "#particle" },
        "up":    { "uv": [ 0, 0, 16, 16 ], "texture": "#particle" },
        "north": { "uv": [ 0, 0, 16, 16 ], "texture": "#particle" },
        "south": { "uv": [ 0, 0, 16, 16 ], "texture": "#particle" },
        "west":  { "uv": [ 0, 0, 16, 16 ], "texture": "#particle" },
        "east":  { "uv": [ 0, 0, 16, 16 ], "texture": "#particle" }
    }
},
{
    "from": [ 13.5, 6.5625, 4 ],
    "to": [ 14.5625, 7.5625, 7.125 ],
    "faces": {
        "down":  { "uv": [ 4, 6.5, 12.5, 16 ], "texture": "#particle" },
        "up":    { "uv": [ 2.5, 7, 12.5, 16 ], "texture": "#particle" },
        "north": { "uv": [ 2.5, 8, 12.5, 16 ], "texture": "#particle" },
        "south": { "uv": [ 2.5, 10, 12.5, 16 ], "texture": "#particle" },
        "west":  { "uv": [ 3, 7.5, 11.5, 16 ], "texture": "#particle" },
        "east":  { "uv": [ 4.5, 7, 13, 16 ], "texture": "#particle" }
    }
},
{
    "from": [ 23.1875, 6.1875, 4 ],
    "to": [ 23.9375, 11.25, 7.125 ],
    "rotation": { "origin": [ 23.1875, 11.25, 4 ], "axis": "z", "angle": -22.5 },
    "faces": {
        "down":  { "uv": [ 0, 0, 16, 16 ], "texture": "#particle" },
        "up":    { "uv": [ 0, 0, 16, 16 ], "texture": "#particle" },
        "north": { "uv": [ 0, 0, 16, 16 ], "texture": "#particle" },
        "south": { "uv": [ 0, 0, 16, 16 ], "texture": "#particle" },
        "west":  { "uv": [ 0, 0, 16, 16 ], "texture": "#particle" },
        "east":  { "uv": [ 0, 0, 16, 16 ], "texture": "#particle" }
    }
},
{
    "from": [ 20.8125, 7.875, 4 ],
    "to": [ 21.5, 11.0625, 7.0625 ],
    "rotation": { "origin": [ 20.8125, 11.0625, 4 ], "axis": "z", "angle": 22.5 },
    "faces": {
        "down":  { "uv": [ 0, 0, 16, 16 ], "texture": "#particle" },
        "up":    { "uv": [ 0, 0, 16, 16 ], "texture": "#particle" },
        "north": { "uv": [ 0, 0, 16, 16 ], "texture": "#particle" },
        "south": { "uv": [ 0, 0, 16, 16 ], "texture": "#particle" },
        "west":  { "uv": [ 0, 0, 16, 16 ], "texture": "#particle" },
        "east":  { "uv": [ 0, 0, 16, 16 ], "texture": "#particle" }
    }
}
],
"display": {
    "thirdperson": {
        "rotation": [ -163, -1, 11 ],
        "translation": [ 3.7, 0.6, -0.1 ],
        "scale": [ 0.85, 0.88, 0.91 ]
    }
}
}