{
"__comment": "Designed by Killercreeper55 with BDcraft Cubik PRO 0.93 Beta - http://bdcraft.net",
"textures": {
    "particle": "blocks/door_wood_lower",
    "texture": "blocks/door_wood_upper",
    "door_wood_lowervolteada": "blocks/door_wood_lowervolteada",
    "door_wood_uppervolteada": "blocks/door_wood_uppervolteada"
},
"elements": [ 
{
    "from": [ 0, 8.5, 0 ],
    "to": [ 1, 17.5, 9 ],
    "faces": {
        "down":  { "uv": [ 0, 0, 16, 16 ], "texture": "#texture" },
        "up":    { "uv": [ 0, 0, 16, 16 ], "texture": "#texture" },
        "north": { "uv": [ 0, 0, 1.5, 16 ], "texture": "#texture" },
        "south": { "uv": [ 0, 0, 1.5, 16 ], "texture": "#texture" },
        "west":  { "uv": [ 0, 0, 16, 16 ], "texture": "#texture" },
        "east":  { "uv": [ 0, 0, 16, 16 ], "texture": "#door_wood_uppervolteada" }
    }
},
{
    "from": [ 0, -1.3125, 0 ],
    "to": [ 1, 8.5, 9 ],
    "faces": {
        "down":  { "uv": [ 0, 0, 16, 16 ], "texture": "#particle" },
        "up":    { "uv": [ 0, 0, 16, 16 ], "texture": "#particle" },
        "north": { "uv": [ 0, 0, 1.5, 16 ], "texture": "#particle" },
        "south": { "uv": [ 0, 0, 1.5, 16 ], "texture": "#particle" },
        "west":  { "uv": [ 0, 0, 16, 16 ], "texture": "#particle" },
        "east":  { "uv": [ 0, 0, 16, 16 ], "texture": "#door_wood_lowervolteada" }
    }
},
{
    "from": [ -0.1875, 7, 6.25 ],
    "to": [ 0.25, 7.625, 7.5625 ],
    "faces": {
        "down":  { "uv": [ 11.5, 3, 11, 1.5 ], "texture": "#particle" },
        "up":    { "uv": [ 11, 1.5, 11.1875, 2.8125 ], "texture": "#particle" },
        "north": { "uv": [ 11.5, 1.5, 12, 2.5 ], "texture": "#particle" },
        "south": { "uv": [ 11, 2, 11.1875, 2.625 ], "texture": "#particle" },
        "west":  { "uv": [ 11, 1.5, 13.5, 2.5 ], "texture": "#particle" },
        "east":  { "uv": [ 11, 1.5, 14, 2.5 ], "texture": "#particle" }
    }
},
{
    "from": [ 0.8125, 6.9375, 6.4375 ],
    "to": [ 1.125, 7.625, 7.8125 ],
    "faces": {
        "down":  { "uv": [ 11.5, 3, 11, 1.5 ], "texture": "#particle" },
        "up":    { "uv": [ 11, 1.5, 11.1875, 2.8125 ], "texture": "#particle" },
        "north": { "uv": [ 11.5, 1.5, 12, 2.5 ], "texture": "#particle" },
        "south": { "uv": [ 11, 2, 11.1875, 2.625 ], "texture": "#particle" },
        "west":  { "uv": [ 11, 1.5, 13.5, 2.5 ], "texture": "#particle" },
        "east":  { "uv": [ 11, 1.5, 14, 2.5 ], "texture": "#particle" }
    }
}
],
"display": {
    "thirdperson_lefthand": {
        "rotation": [ 0, 0, 0 ],
        "translation": [ 0, 0, 0 ],
        "scale": [ 0, 0, 0 ]
    },
    "head": {
        "rotation": [ 0, -90, 0 ],
        "translation": [ -24, -19.28, 21.17 ],
        "scale": [ 2.87, 2.74, 2.93 ]
    },
    "firstperson_lefthand": {
        "rotation": [ 0, 0, 0 ],
        "translation": [ 0, 0, 0 ],
        "scale": [ 0, 0, 0 ]
    }
}
}