{
"__comment": "Designed by Killercreeper55 with BDcraft Cubik PRO 0.93 Beta - http://bdcraft.net",
"textures": {
    "peri�dico": "blocks/periodico",
    "paper": "items/paper"
},
"elements": [ 
{
    "from": [ 3.125, 6.875, 4.9375 ],
    "to": [ 11, 6.9375, 15.4375 ],
    "rotation": { "origin": [ 3.125, 6.875, 4.9375 ], "axis": "y", "angle": 22.5 },
    "faces": {
        "down":  { "uv": [ 16, 16, 14.5, 14.5 ], "rotation": 180, "texture": "#paper" },
        "up":    { "uv": [ 0, 0, 11.5, 16 ], "rotation": 180, "texture": "#peri�dico" },
        "north": { "uv": [ 0, 0, 5.5, 1 ], "texture": "#paper" },
        "south": { "uv": [ 10.5, 0, 16, 1 ], "texture": "#paper" },
        "west":  { "uv": [ 0, 0, 12, 1 ], "texture": "#paper" },
        "east":  { "uv": [ 4, 0, 16, 1 ], "texture": "#paper" }
    }
}
],
"display": {
    "thirdperson_righthand": {
        "rotation": [ 65, 0, 0 ],
        "translation": [ -6.8, -12.09, -9.64 ],
        "scale": [ 1, 1, 1 ]
    },
    "thirdperson_lefthand": {
        "rotation": [ 0, 0, 0 ],
        "translation": [ 0, 0, 0 ],
        "scale": [ 0, 0, 0 ]
    },
    "firstperson_lefthand": {
        "rotation": [ 0, 0, 0 ],
        "translation": [ 0, 0, 0 ],
        "scale": [ 0, 0, 0 ]
    }
}
}