{
"__comment": "Designed by Killercreeper55 with BDcraft Cubik PRO 0.93 Beta - http://bdcraft.net",
"textures": {
    "particle": "blocks/cinta1",
    "texture": "blocks/cinta2",
    "furnace_top": "blocks/voltaje",
    "shadow3": "blocks/shadow3",
    "glass": "blocks/furnace_top"
},
"elements": [ 
{
    "from": [ 11, 8.5, 4 ],
    "to": [ 16, 11, 4.0625 ],
    "faces": {
        "down":  { "uv": [ 16, 4.0625, 0, 4 ], "texture": "#particle" },
        "up":    { "uv": [ 0, 4, 16, 4.0625 ], "texture": "#particle" },
        "north": { "uv": [ 0, 6, 16, 11.5 ], "texture": "#particle" },
        "south": { "uv": [ 0, 6, 16, 12 ], "texture": "#particle" },
        "west":  { "uv": [ 4, 6, 4.0625, 8.5 ], "texture": "#particle" },
        "east":  { "uv": [ 11.9375, 6, 12, 8.5 ], "texture": "#particle" }
    }
},
{
    "from": [ 0, 8.5, 4 ],
    "to": [ 5.5, 11, 4.0625 ],
    "faces": {
        "down":  { "uv": [ 16, 4.0625, 0, 4 ], "texture": "#particle" },
        "up":    { "uv": [ 0, 4, 16, 4.0625 ], "texture": "#particle" },
        "north": { "uv": [ 0, 6, 16, 11.5 ], "texture": "#particle" },
        "south": { "uv": [ 0, 6, 16, 12 ], "texture": "#particle" },
        "west":  { "uv": [ 4, 6, 4.0625, 8.5 ], "texture": "#particle" },
        "east":  { "uv": [ 11.9375, 6, 12, 8.5 ], "texture": "#particle" }
    }
},
{
    "from": [ 5.5, 8.5, 4 ],
    "to": [ 11, 11, 4.0625 ],
    "faces": {
        "down":  { "uv": [ 16, 4.0625, 0, 4 ], "texture": "#particle" },
        "up":    { "uv": [ 0, 4, 16, 4.0625 ], "texture": "#particle" },
        "north": { "uv": [ 0, 6, 16, 11.5 ], "texture": "#particle" },
        "south": { "uv": [ 0, 6, 16, 12 ], "texture": "#particle" },
        "west":  { "uv": [ 4, 6, 4.0625, 8.5 ], "texture": "#particle" },
        "east":  { "uv": [ 11.9375, 6, 12, 8.5 ], "texture": "#particle" }
    }
}
],
"display": {
    "head": {
        "rotation": [ 0, -1, 0 ],
        "translation": [ -0.2, -15, 2.6 ],
        "scale": [ 2.17, 2.17, 2.14 ]
    }
}
}