{
"__comment": "Designed by Killercreeper55 with BDcraft Cubik PRO 0.93 Beta - http://bdcraft.net",
"textures": {
    "particle": "blocks/quartz_block_bottom",
    "texture": "blocks/quartz_block_bottom",
    "planks_oak": "blocks/planks_birch",
    "book": "items/misc/book",
    "book_written": "items/misc/book_written",
    "water_flow": "blocks/water_flow",
    "door_wood_lowervolteada": "blocks/door_wood_lowervolteada",
    "shadow3": "blocks/shadow3"
},
"elements": [ 
{
    "from": [ 0, 0, 6.5 ],
    "to": [ 2.5, 13, 9 ],
    "faces": {
        "down":  { "uv": [ 16, 9, 13.5, 6.5 ], "texture": "#texture" },
        "up":    { "uv": [ 0, 6.5, 2.5, 9 ], "texture": "#texture" },
        "north": { "uv": [ 13.5, 3, 16, 16 ], "texture": "#texture" },
        "south": { "uv": [ 0, 3, 2.5, 16 ], "texture": "#texture" },
        "west":  { "uv": [ 6.5, 3, 9, 16 ], "texture": "#texture" },
        "east":  { "uv": [ 7, 3, 9.5, 16 ], "texture": "#texture" }
    }
},
{
    "from": [ -1.875, 13.4375, 2.5 ],
    "to": [ 0.0625, 15.9375, 12.5 ],
    "faces": {
        "down":  { "uv": [ 16, 12.5, 15.9375, 2.5 ], "texture": "#texture" },
        "up":    { "uv": [ 0, 2.5, 0.0625, 12.5 ], "texture": "#texture" },
        "north": { "uv": [ 15.9375, 0.0625, 16, 2.5625 ], "texture": "#texture" },
        "south": { "uv": [ 0, 0.0625, 0.0625, 2.5625 ], "texture": "#texture" },
        "west":  { "uv": [ 2.5, 0.0625, 12.5, 2.5625 ], "texture": "#texture" },
        "east":  { "uv": [ 3.5, 0.0625, 13.5, 2.5625 ], "texture": "#texture" }
    }
},
{
    "from": [ 0, 12.5, 3 ],
    "to": [ 5, 13.5, 12 ],
    "faces": {
        "down":  { "uv": [ 16, 12, 11, 3 ], "texture": "#texture" },
        "up":    { "uv": [ 0, 3, 5, 12 ], "texture": "#texture" },
        "north": { "uv": [ 11, 2.5, 16, 3.5 ], "texture": "#texture" },
        "south": { "uv": [ 0, 2.5, 5, 3.5 ], "texture": "#texture" },
        "west":  { "uv": [ 3, 2.5, 12, 3.5 ], "texture": "#texture" },
        "east":  { "uv": [ 4, 2.5, 13, 3.5 ], "texture": "#texture" }
    }
},
{
    "from": [ 0, 13, 2.5 ],
    "to": [ 5, 16, 3 ],
    "faces": {
        "down":  { "uv": [ 16, 3, 11, 2.5 ], "texture": "#texture" },
        "up":    { "uv": [ 0, 2.5, 5, 3 ], "texture": "#texture" },
        "north": { "uv": [ 11, 0, 16, 3 ], "texture": "#texture" },
        "south": { "uv": [ 0, 0, 5, 3 ], "texture": "#texture" },
        "west":  { "uv": [ 2.5, 0, 3, 3 ], "texture": "#texture" },
        "east":  { "uv": [ 13, 0, 13.5, 3 ], "texture": "#texture" }
    }
},
{
    "from": [ 0, 13.5, 12 ],
    "to": [ 5, 16, 12.5 ],
    "faces": {
        "down":  { "uv": [ 16, 12.5, 11, 12 ], "texture": "#texture" },
        "up":    { "uv": [ 0, 12, 5, 12.5 ], "texture": "#texture" },
        "north": { "uv": [ 11, 0, 16, 2.5 ], "texture": "#texture" },
        "south": { "uv": [ 0, 0, 5, 2.5 ], "texture": "#texture" },
        "west":  { "uv": [ 12, 0, 12.5, 2.5 ], "texture": "#texture" },
        "east":  { "uv": [ 3.5, 0, 4, 2.5 ], "texture": "#texture" }
    }
},
{
    "from": [ 5, 13, 3 ],
    "to": [ 5.5, 16, 12 ],
    "faces": {
        "down":  { "uv": [ 12, 12, 11.5, 3 ], "texture": "#texture" },
        "up":    { "uv": [ 4, 3, 4.5, 12 ], "texture": "#texture" },
        "north": { "uv": [ 11.5, 0, 12, 3 ], "texture": "#texture" },
        "south": { "uv": [ 4, 0, 4.5, 3 ], "texture": "#texture" },
        "west":  { "uv": [ 3, 0, 12, 3 ], "texture": "#texture" },
        "east":  { "uv": [ 4, 0, 13, 3 ], "texture": "#texture" }
    }
},
{
    "from": [ -0.3125, 15.5, 7 ],
    "to": [ 0.6875, 19.5, 8 ],
    "rotation": { "origin": [ -0.3125, 19.5, 7 ], "axis": "z", "angle": -22.5 },
    "faces": {
        "down":  { "uv": [ 16, 5, 16, 4 ], "texture": "#texture" },
        "up":    { "uv": [ 0, 4, 0, 5 ], "texture": "#texture" },
        "north": { "uv": [ 16, 0, 16, 4 ], "texture": "#texture" },
        "south": { "uv": [ 0, 0, 0, 4 ], "texture": "#texture" },
        "west":  { "uv": [ 4, 0, 5, 4 ], "texture": "#texture" },
        "east":  { "uv": [ 11, 0, 12, 4 ], "texture": "#texture" }
    }
},
{
    "from": [ 0.375, 10.125, 5.375 ],
    "to": [ 3.75, 12.9375, 10.125 ],
    "faces": {
        "down":  { "uv": [ 15.625, 10.125, 12.25, 5.375 ], "texture": "#texture" },
        "up":    { "uv": [ 0.375, 5.375, 3.75, 10.125 ], "texture": "#texture" },
        "north": { "uv": [ 12.25, 3.0625, 15.625, 5.875 ], "texture": "#texture" },
        "south": { "uv": [ 0.375, 3.0625, 3.75, 5.875 ], "texture": "#texture" },
        "west":  { "uv": [ 5.375, 3.0625, 10.125, 5.875 ], "texture": "#texture" },
        "east":  { "uv": [ 5.875, 3.0625, 10.625, 5.875 ], "texture": "#texture" }
    }
},
{
    "from": [ -0.25, 18.4375, 7.0625 ],
    "to": [ 2.5625, 19.4375, 8 ],
    "rotation": { "origin": [ -0.25, 19.4375, 7.0625 ], "axis": "z", "angle": 22.5 },
    "faces": {
        "down":  { "uv": [ 15.75, 8, 12.9375, 7.0625 ], "texture": "#texture" },
        "up":    { "uv": [ 0.25, 7.0625, 3.0625, 8 ], "texture": "#texture" },
        "north": { "uv": [ 12.9375, 0, 15.75, 0 ], "texture": "#texture" },
        "south": { "uv": [ 0.25, 0, 3.0625, 0 ], "texture": "#texture" },
        "west":  { "uv": [ 7.0625, 0, 8, 0 ], "texture": "#texture" },
        "east":  { "uv": [ 8, 0, 8.9375, 0 ], "texture": "#texture" }
    }
},
{
    "from": [ 1.75, 18.25, 7 ],
    "to": [ 2.75, 19.3125, 8 ],
    "rotation": { "origin": [ 1.75, 19.3125, 7 ], "axis": "z", "angle": 22.5 },
    "faces": {
        "down":  { "uv": [ 12.8125, 5, 11.8125, 4 ], "texture": "#texture" },
        "up":    { "uv": [ 3.1875, 4, 4.1875, 5 ], "texture": "#texture" },
        "north": { "uv": [ 11.8125, 0, 12.8125, 0 ], "texture": "#texture" },
        "south": { "uv": [ 3.1875, 0, 4.1875, 0 ], "texture": "#texture" },
        "west":  { "uv": [ 4, 0, 5, 0 ], "texture": "#texture" },
        "east":  { "uv": [ 11, 0, 12, 0 ], "texture": "#texture" }
    }
},
{
    "from": [ -0.0625, 19.25, 6.8125 ],
    "to": [ 1.5, 19.875, 8.1875 ],
    "rotation": { "origin": [ -0.0625, 19.875, 6.8125 ], "axis": "z", "angle": -45 },
    "faces": {
        "down":  { "uv": [ 16, 5, 16, 4 ], "texture": "#texture" },
        "up":    { "uv": [ 0, 4, 0, 5 ], "texture": "#texture" },
        "north": { "uv": [ 16, 0, 16, 0 ], "texture": "#texture" },
        "south": { "uv": [ 0, 0, 0, 0 ], "texture": "#texture" },
        "west":  { "uv": [ 4, 0, 5, 0 ], "texture": "#texture" },
        "east":  { "uv": [ 11, 0, 12, 0 ], "texture": "#texture" }
    }
},
{
    "from": [ -1.9375, 15.875, 6.75 ],
    "to": [ -0.3125, 16.5625, 8.3125 ],
    "faces": {
        "down":  { "uv": [ 16, 8.3125, 16, 6.75 ], "texture": "#door_wood_lowervolteada" },
        "up":    { "uv": [ 0, 6.75, 0, 8.3125 ], "texture": "#door_wood_lowervolteada" },
        "north": { "uv": [ 16, 0, 16, 0.125 ], "texture": "#door_wood_lowervolteada" },
        "south": { "uv": [ 0, 0, 0, 0.125 ], "texture": "#door_wood_lowervolteada" },
        "west":  { "uv": [ 6.75, 0, 8.3125, 0.125 ], "texture": "#door_wood_lowervolteada" },
        "east":  { "uv": [ 7.6875, 0, 9.25, 0.125 ], "texture": "#door_wood_lowervolteada" }
    }
},
{
    "from": [ 0, 13.02, 2.875 ],
    "to": [ 5, 13.52, 11.875 ],
    "faces": {
        "down":  { "uv": [ 16, 11.875, 11, 2.875 ], "texture": "#texture" },
        "up":    { "uv": [ 0, 2.875, 5, 11.875 ], "texture": "#water_flow" },
        "north": { "uv": [ 11, 2.48, 16, 2.98 ], "texture": "#texture" },
        "south": { "uv": [ 0, 2.48, 5, 2.98 ], "texture": "#texture" },
        "west":  { "uv": [ 2.875, 2.48, 11.875, 2.98 ], "texture": "#texture" },
        "east":  { "uv": [ 4.125, 2.48, 13.125, 2.98 ], "texture": "#texture" }
    }
},
{
    "from": [ 1.8125, 18.125, 6.875 ],
    "to": [ 3.3125, 18.5625, 8.1875 ],
    "rotation": { "origin": [ 1.8125, 18.5625, 6.875 ], "axis": "z", "angle": 22.5 },
    "faces": {
        "down":  { "uv": [ 15.1875, 5.3125, 13.875, 4 ], "texture": "#door_wood_lowervolteada" },
        "up":    { "uv": [ 0.8125, 4, 2.125, 5.3125 ], "texture": "#door_wood_lowervolteada" },
        "north": { "uv": [ 13.875, 0, 15.1875, 0 ], "texture": "#door_wood_lowervolteada" },
        "south": { "uv": [ 0.8125, 0, 2.125, 0 ], "texture": "#door_wood_lowervolteada" },
        "west":  { "uv": [ 4, 0, 5.3125, 0 ], "texture": "#door_wood_lowervolteada" },
        "east":  { "uv": [ 10.6875, 0, 12, 0 ], "texture": "#door_wood_lowervolteada" }
    }
},
{
    "from": [ -3.3125, 2.125, 1.4375 ],
    "to": [ 6.6875, 2.1875, 14.3125 ],
    "faces": {
        "down":  { "uv": [ 16, 14, 15, 14 ], "texture": "#shadow3" },
        "up":    { "uv": [ 0, 0, 16, 16 ], "texture": "#shadow3" },
        "north": { "uv": [ 8.5, 15.875, 16, 15.9375 ], "texture": "#shadow3" },
        "south": { "uv": [ 0, 15.875, 7.5, 15.9375 ], "texture": "#shadow3" },
        "west":  { "uv": [ 1.5, 15.875, 14, 15.9375 ], "texture": "#shadow3" },
        "east":  { "uv": [ 2, 15.875, 14.5, 15.9375 ], "texture": "#shadow3" }
    }
}
],
"display": {
    "head": {
        "rotation": [ 0, 0, 0 ],
        "translation": [ 0, -15, 0 ],
        "scale": [ 2.2, 2.14, 2.33 ]
    }
}
}