{
"__comment": "Designed by Killercreeper55 with BDcraft Cubik PRO 0.93 Beta - http://bdcraft.net",
"textures": {
    "particle": "blocks/cuadro electrico",
    "texture": "blocks/cuadroelectrico2",
    "furnace_top": "blocks/voltaje",
    "shadow3": "blocks/shadow3",
    "glass": "blocks/glass"
},
"elements": [ 
{
    "from": [ 15, 2.5, -1 ],
    "to": [ 16, 16, 17 ],
    "faces": {
        "down":  { "uv": [ 5, 14.5, 4, 3 ], "texture": "#texture" },
        "up":    { "uv": [ 11, 3, 12, 14.5 ], "texture": "#texture" },
        "north": { "uv": [ 4, 0, 5, 13.5 ], "texture": "#texture" },
        "south": { "uv": [ 0, 0, 16, 16 ], "texture": "#texture" },
        "west":  { "uv": [ 0, 0, 16, 16 ], "texture": "#glass" },
        "east":  { "uv": [ 0, 0, 16, 16 ], "texture": "#glass" }
    }
}
],
"display": {
    "head": {
        "rotation": [ 0, 0, 0 ],
        "translation": [ -2.5, -6.3, 4.1 ],
        "scale": [ 1.54, 1.8, 1.76 ]
    }
}
}