{
"__comment": "Designed by Killercreeper55 with BDcraft Cubik PRO 0.93 Beta - http://bdcraft.net",
"textures": {
    "particle": "blocks/quartz_block_bottom",
    "texture": "blocks/quartz_block_bottom",
    "planks_oak": "blocks/planks_birch",
    "book": "items/misc/book",
    "book_written": "items/misc/book_written",
    "water_flow": "blocks/water_flow",
    "door_wood_lowervolteada": "blocks/door_wood_lowervolteada",
    "shadow": "blocks/shadow"
},
"elements": [ 
{
    "from": [ 4, 5, 2.5 ],
    "to": [ 11, 6, 4 ],
    "faces": {
        "down":  { "uv": [ 12, 4, 5, 2.5 ], "texture": "#particle" },
        "up":    { "uv": [ 4, 2.5, 11, 4 ], "texture": "#particle" },
        "north": { "uv": [ 5, 10, 12, 11 ], "texture": "#particle" },
        "south": { "uv": [ 4, 10, 11, 11 ], "texture": "#particle" },
        "west":  { "uv": [ 2.5, 10, 4, 11 ], "texture": "#particle" },
        "east":  { "uv": [ 12, 10, 13.5, 11 ], "texture": "#particle" }
    }
},
{
    "from": [ 4, 4.9375, 10.5625 ],
    "to": [ 11, 5.9375, 12.125 ],
    "faces": {
        "down":  { "uv": [ 12, 12.125, 5, 10.5625 ], "texture": "#texture" },
        "up":    { "uv": [ 4, 10.5625, 11, 12.125 ], "texture": "#texture" },
        "north": { "uv": [ 5, 10.0625, 12, 11.0625 ], "texture": "#texture" },
        "south": { "uv": [ 4, 10.0625, 11, 11.0625 ], "texture": "#texture" },
        "west":  { "uv": [ 10.5625, 10.0625, 12.125, 11.0625 ], "texture": "#texture" },
        "east":  { "uv": [ 3.875, 10.0625, 5.4375, 11.0625 ], "texture": "#texture" }
    }
},
{
    "from": [ 2.5, 5, 4 ],
    "to": [ 4, 6, 11.5 ],
    "faces": {
        "down":  { "uv": [ 13.5, 11.5, 12, 4 ], "texture": "#texture" },
        "up":    { "uv": [ 2.5, 4, 4, 11.5 ], "texture": "#texture" },
        "north": { "uv": [ 12, 10, 13.5, 11 ], "texture": "#texture" },
        "south": { "uv": [ 2.5, 10, 4, 11 ], "texture": "#texture" },
        "west":  { "uv": [ 4, 10, 11.5, 11 ], "texture": "#texture" },
        "east":  { "uv": [ 4.5, 10, 12, 11 ], "texture": "#texture" }
    }
},
{
    "from": [ 11, 5, 4 ],
    "to": [ 12.5, 6, 11.5 ],
    "faces": {
        "down":  { "uv": [ 5, 11.5, 3.5, 4 ], "texture": "#texture" },
        "up":    { "uv": [ 11, 4, 12.5, 11.5 ], "texture": "#texture" },
        "north": { "uv": [ 3.5, 10, 5, 11 ], "texture": "#texture" },
        "south": { "uv": [ 11, 10, 12.5, 11 ], "texture": "#texture" },
        "west":  { "uv": [ 4, 10, 11.5, 11 ], "texture": "#texture" },
        "east":  { "uv": [ 4.5, 10, 12, 11 ], "texture": "#texture" }
    }
},
{
    "from": [ 4, 1.5, 3.5 ],
    "to": [ 11, 5, 4 ],
    "faces": {
        "down":  { "uv": [ 12, 4, 5, 3.5 ], "texture": "#texture" },
        "up":    { "uv": [ 4, 3.5, 11, 4 ], "texture": "#texture" },
        "north": { "uv": [ 5, 11, 12, 14.5 ], "texture": "#texture" },
        "south": { "uv": [ 4, 11, 11, 14.5 ], "texture": "#texture" },
        "west":  { "uv": [ 3.5, 11, 4, 14.5 ], "texture": "#texture" },
        "east":  { "uv": [ 12, 11, 12.5, 14.5 ], "texture": "#texture" }
    }
},
{
    "from": [ 4, 1.5, 11 ],
    "to": [ 11, 5, 11.5 ],
    "faces": {
        "down":  { "uv": [ 12, 11.5, 5, 11 ], "texture": "#texture" },
        "up":    { "uv": [ 4, 11, 11, 11.5 ], "texture": "#texture" },
        "north": { "uv": [ 5, 11, 12, 14.5 ], "texture": "#texture" },
        "south": { "uv": [ 4, 11, 11, 14.5 ], "texture": "#texture" },
        "west":  { "uv": [ 11, 11, 11.5, 14.5 ], "texture": "#texture" },
        "east":  { "uv": [ 4.5, 11, 5, 14.5 ], "texture": "#texture" }
    }
},
{
    "from": [ 11, 1.5, 4 ],
    "to": [ 11.5, 5, 11 ],
    "faces": {
        "down":  { "uv": [ 5, 11, 4.5, 4 ], "texture": "#texture" },
        "up":    { "uv": [ 11, 4, 11.5, 11 ], "texture": "#texture" },
        "north": { "uv": [ 4.5, 11, 5, 14.5 ], "texture": "#texture" },
        "south": { "uv": [ 11, 11, 11.5, 14.5 ], "texture": "#texture" },
        "west":  { "uv": [ 4, 11, 11, 14.5 ], "texture": "#texture" },
        "east":  { "uv": [ 5, 11, 12, 14.5 ], "texture": "#texture" }
    }
},
{
    "from": [ 3.5, 1.5, 4 ],
    "to": [ 4, 5, 11.5 ],
    "faces": {
        "down":  { "uv": [ 12.5, 11.5, 12, 4 ], "texture": "#texture" },
        "up":    { "uv": [ 3.5, 4, 4, 11.5 ], "texture": "#texture" },
        "north": { "uv": [ 12, 11, 12.5, 14.5 ], "texture": "#texture" },
        "south": { "uv": [ 3.5, 11, 4, 14.5 ], "texture": "#texture" },
        "west":  { "uv": [ 4, 11, 11.5, 14.5 ], "texture": "#texture" },
        "east":  { "uv": [ 4.5, 11, 12, 14.5 ], "texture": "#texture" }
    }
},
{
    "from": [ 4, -1, 4 ],
    "to": [ 11, 1.5, 11 ],
    "faces": {
        "down":  { "uv": [ 12, 11, 5, 4 ], "texture": "#texture" },
        "up":    { "uv": [ 4, 4, 11, 11 ], "texture": "#texture" },
        "north": { "uv": [ 5, 14.5, 12, 16 ], "texture": "#texture" },
        "south": { "uv": [ 4, 14.5, 11, 16 ], "texture": "#texture" },
        "west":  { "uv": [ 4, 14.5, 11, 16 ], "texture": "#texture" },
        "east":  { "uv": [ 5, 14.5, 12, 16 ], "texture": "#texture" }
    }
},
{
    "from": [ 4, 5, 12 ],
    "to": [ 11, 13, 14 ],
    "faces": {
        "down":  { "uv": [ 12, 14, 5, 12 ], "texture": "#texture" },
        "up":    { "uv": [ 4, 12, 11, 14 ], "texture": "#texture" },
        "north": { "uv": [ 5, 3, 12, 11 ], "texture": "#texture" },
        "south": { "uv": [ 4, 3, 11, 11 ], "texture": "#texture" },
        "west":  { "uv": [ 12, 3, 14, 11 ], "texture": "#texture" },
        "east":  { "uv": [ 2, 3, 4, 11 ], "texture": "#texture" }
    }
},
{
    "from": [ 4, 3.5, 10.5 ],
    "to": [ 11, 4.5, 13.5 ],
    "rotation": { "origin": [ 4, 4.5, 10.5 ], "axis": "x", "angle": -22.5 },
    "faces": {
        "down":  { "uv": [ 12, 16, 5, 14 ], "texture": "#texture" },
        "up":    { "uv": [ 4, 14, 11, 16 ], "texture": "#texture" },
        "north": { "uv": [ 5, 9, 12, 10.5 ], "texture": "#texture" },
        "south": { "uv": [ 4, 9, 11, 10.5 ], "texture": "#texture" },
        "west":  { "uv": [ 14, 9, 16, 10.5 ], "texture": "#texture" },
        "east":  { "uv": [ 0, 9, 2, 10.5 ], "texture": "#texture" }
    }
},
{
    "from": [ 3.5, 11.625, 11.8125 ],
    "to": [ 11.6875, 13.5, 15.5625 ],
    "faces": {
        "down":  { "uv": [ 12.5, 15.5625, 4.3125, 11.8125 ], "texture": "#texture" },
        "up":    { "uv": [ 3.5, 11.8125, 11.6875, 15.5625 ], "texture": "#texture" },
        "north": { "uv": [ 4.3125, 2.5, 12.5, 4.375 ], "texture": "#texture" },
        "south": { "uv": [ 3.5, 2.5, 11.6875, 4.375 ], "texture": "#texture" },
        "west":  { "uv": [ 11.8125, 2.5, 15.5625, 4.375 ], "texture": "#texture" },
        "east":  { "uv": [ 0.4375, 2.5, 4.1875, 4.375 ], "texture": "#texture" }
    }
},
{
    "from": [ 4.8125, 5.6875, 14 ],
    "to": [ 9.875, 12, 14.75 ],
    "faces": {
        "down":  { "uv": [ 11.1875, 14.75, 6.125, 14 ], "texture": "#texture" },
        "up":    { "uv": [ 4.8125, 14, 9.875, 14.75 ], "texture": "#texture" },
        "north": { "uv": [ 6.125, 4, 11.1875, 10.3125 ], "texture": "#texture" },
        "south": { "uv": [ 4.8125, 4, 9.875, 10.3125 ], "texture": "#texture" },
        "west":  { "uv": [ 14, 4, 14.75, 10.3125 ], "texture": "#texture" },
        "east":  { "uv": [ 1.25, 4, 2, 10.3125 ], "texture": "#texture" }
    }
},
{
    "from": [ 3.875, 1.875, 4.125 ],
    "to": [ 11.1875, 2.375, 10.9375 ],
    "faces": {
        "down":  { "uv": [ 12.125, 10.9375, 4.8125, 4.125 ], "texture": "#texture" },
        "up":    { "uv": [ 3.875, 4.125, 11.1875, 10.9375 ], "texture": "#water_flow" },
        "north": { "uv": [ 4.8125, 13.625, 12.125, 14.125 ], "texture": "#texture" },
        "south": { "uv": [ 3.875, 13.625, 11.1875, 14.125 ], "texture": "#texture" },
        "west":  { "uv": [ 4.125, 13.625, 10.9375, 14.125 ], "texture": "#texture" },
        "east":  { "uv": [ 5.0625, 13.625, 11.875, 14.125 ], "texture": "#texture" }
    }
},
{
    "from": [ 3.25, 12.0625, 12.1875 ],
    "to": [ 3.8125, 12.8125, 14.5625 ],
    "faces": {
        "down":  { "uv": [ 4.4375, 14.3125, 3.875, 12.9375 ], "texture": "#texture" },
        "up":    { "uv": [ 11.5625, 12.9375, 12.125, 14.3125 ], "texture": "#texture" },
        "north": { "uv": [ 3.875, 0, 4.4375, 1.1875 ], "texture": "#texture" },
        "south": { "uv": [ 11.5625, 0, 12.125, 1.1875 ], "texture": "#texture" },
        "west":  { "uv": [ 2, 1.5, 5, 2.5 ], "texture": "#door_wood_lowervolteada" },
        "east":  { "uv": [ 2, 1.5, 5, 2.5 ], "texture": "#door_wood_lowervolteada" }
    }
},
{
    "from": [ 11.25, 12, 12.1875 ],
    "to": [ 11.8125, 12.75, 14.5625 ],
    "faces": {
        "down":  { "uv": [ 4.4375, 14.3125, 3.875, 12.9375 ], "texture": "#texture" },
        "up":    { "uv": [ 11.5625, 12.9375, 12.125, 14.3125 ], "texture": "#texture" },
        "north": { "uv": [ 3.875, 0, 4.4375, 1.1875 ], "texture": "#texture" },
        "south": { "uv": [ 11.5625, 0, 12.125, 1.1875 ], "texture": "#texture" },
        "west":  { "uv": [ 12.9375, 0, 14.3125, 1.1875 ], "texture": "#texture" },
        "east":  { "uv": [ 2, 1.5, 5, 2.5 ], "texture": "#door_wood_lowervolteada" }
    }
},
{
    "from": [ 7.125, 13, 13.5 ],
    "to": [ 8.1875, 13.875, 14.1875 ],
    "faces": {
        "down":  { "uv": [ 8.875, 14.1875, 7.8125, 13.5 ], "texture": "#texture" },
        "up":    { "uv": [ 7.125, 13.5, 8.1875, 14.1875 ], "texture": "#texture" },
        "north": { "uv": [ 7.8125, 2.125, 8.875, 3 ], "texture": "#texture" },
        "south": { "uv": [ 7.125, 2.125, 8.1875, 3 ], "texture": "#texture" },
        "west":  { "uv": [ 13.5, 2.125, 14.1875, 3 ], "texture": "#texture" },
        "east":  { "uv": [ 1.8125, 2.125, 2.5, 3 ], "texture": "#texture" }
    }
},
{
    "from": [ 1, -1.5, 0 ],
    "to": [ 14.5, -0.5, 17 ],
    "faces": {
        "down":  { "uv": [ 16, 16, 14.5, 14 ], "texture": "#shadow" },
        "up":    { "uv": [ 0, 0, 16, 16 ], "texture": "#shadow" },
        "north": { "uv": [ 13.5, 0, 16, 1 ], "texture": "#shadow" },
        "south": { "uv": [ 0, 0, 2.5, 1 ], "texture": "#shadow" },
        "west":  { "uv": [ 0, 0, 0, 1 ], "texture": "#shadow" },
        "east":  { "uv": [ 0, 0, 1.5, 1 ], "texture": "#shadow" }
    }
}
],
"display": {
    "thirdperson_lefthand": {
        "rotation": [ 0, 0, 0 ],
        "translation": [ 0, 0, 0 ],
        "scale": [ 0, 0, 0 ]
    },
    "head": {
        "rotation": [ 0, 0, 0 ],
        "translation": [ 0, -24, 0 ],
        "scale": [ 2.2, 2.14, 2.33 ]
    },
    "firstperson_lefthand": {
        "rotation": [ 0, 0, 0 ],
        "translation": [ 0, 0, 0 ],
        "scale": [ 0, 0, 0 ]
    }
}
}