{
"__comment": "Designed by Killercreeper55 with BDcraft Cubik PRO 0.93 Beta - http://bdcraft.net",
"textures": {
    "particle": "blocks/cinta1",
    "texture": "blocks/cinta2",
    "furnace_top": "blocks/furnace_top"
},
"elements": [ 
{
    "from": [ 14, 8, 4 ],
    "to": [ 19.5, 9.5, 4.0625 ],
    "faces": {
        "down":  { "uv": [ 3, 7.5, 8.5, 11 ], "texture": "#particle" },
        "up":    { "uv": [ 2, 7.5, 9, 10.5 ], "texture": "#particle" },
        "north": { "uv": [ 0, 6, 16, 11 ], "texture": "#texture" },
        "south": { "uv": [ 0, 6, 16, 11.5 ], "texture": "#texture" },
        "west":  { "uv": [ 0.5, 7, 13, 8.5 ], "texture": "#particle" },
        "east":  { "uv": [ 0, 7.5, 15.5, 10 ], "texture": "#particle" }
    }
},
{
    "from": [ 8.5, 8, 4 ],
    "to": [ 14, 9.5, 4.0625 ],
    "faces": {
        "down":  { "uv": [ 3, 7.5, 8.5, 11 ], "texture": "#particle" },
        "up":    { "uv": [ 2, 7.5, 9, 10.5 ], "texture": "#particle" },
        "north": { "uv": [ 0, 6, 16, 11 ], "texture": "#particle" },
        "south": { "uv": [ 0, 6, 16, 11.5 ], "texture": "#particle" },
        "west":  { "uv": [ 0.5, 7, 13, 8.5 ], "texture": "#particle" },
        "east":  { "uv": [ 0, 7.5, 15.5, 10 ], "texture": "#particle" }
    }
},
{
    "from": [ -3, 8, 4 ],
    "to": [ 3, 9.5, 4.0625 ],
    "faces": {
        "down":  { "uv": [ 3, 7.5, 8.5, 11 ], "texture": "#particle" },
        "up":    { "uv": [ 2, 7.5, 9, 10.5 ], "texture": "#particle" },
        "north": { "uv": [ 0, 6, 16, 11 ], "texture": "#particle" },
        "south": { "uv": [ 0, 6, 16, 11.5 ], "texture": "#particle" },
        "west":  { "uv": [ 0.5, 7, 13, 8.5 ], "texture": "#particle" },
        "east":  { "uv": [ 0, 7.5, 15.5, 10 ], "texture": "#particle" }
    }
},
{
    "from": [ 3, 8, 4 ],
    "to": [ 8.5, 9.5, 4.0625 ],
    "faces": {
        "down":  { "uv": [ 3, 7.5, 8.5, 11 ], "texture": "#particle" },
        "up":    { "uv": [ 2, 7.5, 9, 10.5 ], "texture": "#particle" },
        "north": { "uv": [ 0, 6, 16, 11 ], "texture": "#texture" },
        "south": { "uv": [ 0, 6, 16, 11.5 ], "texture": "#texture" },
        "west":  { "uv": [ 0.5, 7, 13, 8.5 ], "texture": "#particle" },
        "east":  { "uv": [ 0, 7.5, 15.5, 10 ], "texture": "#particle" }
    }
},
{
    "from": [ 19.1875, -2.5, 3.5 ],
    "to": [ 20.1875, 11.625, 4.5 ],
    "faces": {
        "down":  { "uv": [ 16, 4.5, 16, 3.5 ], "texture": "#furnace_top" },
        "up":    { "uv": [ 0, 3.5, 0, 4.5 ], "texture": "#furnace_top" },
        "north": { "uv": [ 16, 1.5, 16, 14.5 ], "texture": "#furnace_top" },
        "south": { "uv": [ 0, 1.5, 0, 14.5 ], "texture": "#furnace_top" },
        "west":  { "uv": [ 3.5, 1.5, 4.5, 14.5 ], "texture": "#furnace_top" },
        "east":  { "uv": [ 11.5, 1.5, 12.5, 14.5 ], "texture": "#furnace_top" }
    }
},
{
    "from": [ 18.4375, -3, 2.875 ],
    "to": [ 20.6875, -2.1875, 5 ],
    "faces": {
        "down":  { "uv": [ 0, 5, 0, 2.875 ], "texture": "#furnace_top" },
        "up":    { "uv": [ 16, 2.875, 16, 5 ], "texture": "#furnace_top" },
        "north": { "uv": [ 0, 16, 0, 16 ], "texture": "#furnace_top" },
        "south": { "uv": [ 16, 16, 16, 16 ], "texture": "#furnace_top" },
        "west":  { "uv": [ 2.875, 16, 5, 16 ], "texture": "#furnace_top" },
        "east":  { "uv": [ 11, 16, 13.125, 16 ], "texture": "#furnace_top" }
    }
},
{
    "from": [ -3.6875, -2.625, 3.5 ],
    "to": [ -2.6875, 11.5, 4.5 ],
    "faces": {
        "down":  { "uv": [ 16, 4.5, 16, 3.5 ], "texture": "#furnace_top" },
        "up":    { "uv": [ 0, 3.5, 0, 4.5 ], "texture": "#furnace_top" },
        "north": { "uv": [ 16, 1.5, 16, 14.5 ], "texture": "#furnace_top" },
        "south": { "uv": [ 0, 1.5, 0, 14.5 ], "texture": "#furnace_top" },
        "west":  { "uv": [ 3.5, 1.5, 4.5, 14.5 ], "texture": "#furnace_top" },
        "east":  { "uv": [ 11.5, 1.5, 12.5, 14.5 ], "texture": "#furnace_top" }
    }
},
{
    "from": [ -4.25, -3.0625, 2.875 ],
    "to": [ -2, -2.25, 5 ],
    "faces": {
        "down":  { "uv": [ 16, 5, 16, 2.875 ], "texture": "#furnace_top" },
        "up":    { "uv": [ 0, 2.875, 0, 5 ], "texture": "#furnace_top" },
        "north": { "uv": [ 16, 16, 16, 16 ], "texture": "#furnace_top" },
        "south": { "uv": [ 0, 16, 0, 16 ], "texture": "#furnace_top" },
        "west":  { "uv": [ 2.875, 16, 5, 16 ], "texture": "#furnace_top" },
        "east":  { "uv": [ 11, 16, 13.125, 16 ], "texture": "#furnace_top" }
    }
}
],
"display": {
    "thirdperson_lefthand": {
        "rotation": [ 0, 0, 0 ],
        "translation": [ 0, 0, 0 ],
        "scale": [ 0, 0, 0 ]
    },
    "head": {
        "rotation": [ 0, 0, 0 ],
        "translation": [ 0, -24, 0 ],
        "scale": [ 3.4, 1.98, 3.12 ]
    },
    "firstperson_lefthand": {
        "rotation": [ 0, 0, 0 ],
        "translation": [ 0, 0, 0 ],
        "scale": [ 0, 0, 0 ]
    }
}
}