{
"__comment": "Designed by Killercreeper55 with BDcraft Cubik PRO 0.93 Beta - http://bdcraft.net",
"textures": {
    "particle": "blocks/encerado",
    "texture": "blocks/nino2",
    "furnace_top": "blocks/voltaje",
    "shadow3": "blocks/shadow3",
    "glass": "blocks/glass"
},
"elements": [ 
{
    "from": [ -6.5, 0.5, 6.5 ],
    "to": [ 21, 15.5, 7.5 ],
    "faces": {
        "down":  { "uv": [ 15, 4, 0.5, 3.5 ], "texture": "#particle" },
        "up":    { "uv": [ 0, 3, 16, 4 ], "texture": "#particle" },
        "north": { "uv": [ 0, 3.5, 16, 13 ], "texture": "#particle" },
        "south": { "uv": [ 0, 3.5, 16, 12.5 ], "texture": "#particle" },
        "west":  { "uv": [ 1, 0, 1.5, 2.5 ], "texture": "#particle" },
        "east":  { "uv": [ 1, 0, 1.5, 3 ], "texture": "#particle" }
    }
}
],
"display": {
    "head": {
        "rotation": [ 0, -1, 0 ],
        "translation": [ 1.7, -2.1, 3.7 ],
        "scale": [ 3.75, 3.31, 3.09 ]
    }
}
}