{
"__comment": "Designed by Killercreeper55 with BDcraft Cubik PRO 0.93 Beta - http://bdcraft.net",
"textures": {
    "particle": "blocks/stone_slab_top",
    "texture": "blocks/furnace_top",
    "shadow": "blocks/shadow3"
},
"elements": [ 
{
    "from": [ -2, -3, 3 ],
    "to": [ -1, 7, 4 ],
    "faces": {
        "down":  { "uv": [ 7, 4, 8.5, 6.5 ], "texture": "#texture" },
        "up":    { "uv": [ 6.5, 5.5, 8, 8 ], "texture": "#texture" },
        "north": { "uv": [ 2, 0, 3.5, 16 ], "texture": "#texture" },
        "south": { "uv": [ 2, 0, 3.5, 16 ], "texture": "#texture" },
        "west":  { "uv": [ 4.5, 0, 6, 16 ], "texture": "#texture" },
        "east":  { "uv": [ 4.5, 0, 6, 16 ], "texture": "#texture" }
    }
},
{
    "from": [ -2, -3, 10 ],
    "to": [ -1, 7, 11 ],
    "faces": {
        "down":  { "uv": [ 7, 4, 8.5, 6.5 ], "texture": "#texture" },
        "up":    { "uv": [ 6.5, 5.5, 8, 8 ], "texture": "#texture" },
        "north": { "uv": [ 2.5, 0, 4, 16 ], "texture": "#texture" },
        "south": { "uv": [ 2.5, 0, 4, 16 ], "texture": "#texture" },
        "west":  { "uv": [ 4.5, 0, 6, 16 ], "texture": "#texture" },
        "east":  { "uv": [ 4.5, 0, 6, 16 ], "texture": "#texture" }
    }
},
{
    "from": [ 17, -3, 10 ],
    "to": [ 18, 7, 11 ],
    "faces": {
        "down":  { "uv": [ 7, 4, 8.5, 6.5 ], "texture": "#texture" },
        "up":    { "uv": [ 6.5, 5.5, 8, 8 ], "texture": "#texture" },
        "north": { "uv": [ 2, 0, 3.5, 16 ], "texture": "#texture" },
        "south": { "uv": [ 2, 0, 3.5, 16 ], "texture": "#texture" },
        "west":  { "uv": [ 4.5, 0, 6, 16 ], "texture": "#texture" },
        "east":  { "uv": [ 4.5, 0, 6, 16 ], "texture": "#texture" }
    }
},
{
    "from": [ 17, -3, 3 ],
    "to": [ 18, 7, 4 ],
    "faces": {
        "down":  { "uv": [ 7, 4, 8.5, 6.5 ], "texture": "#texture" },
        "up":    { "uv": [ 6.5, 5.5, 8, 8 ], "texture": "#texture" },
        "north": { "uv": [ 2, 0, 3.5, 16 ], "texture": "#texture" },
        "south": { "uv": [ 2, 0, 3.5, 16 ], "texture": "#texture" },
        "west":  { "uv": [ 4.5, 0, 6, 16 ], "texture": "#texture" },
        "east":  { "uv": [ 4.5, 0, 6, 16 ], "texture": "#texture" }
    }
},
{
    "from": [ -7.8125, -3.0625, -0.0625 ],
    "to": [ 23.75, -3, 14.0625 ],
    "faces": {
        "down":  { "uv": [ 16, 10.5, 16, 11.5 ], "texture": "#shadow" },
        "up":    { "uv": [ 0, 0, 16, 16 ], "texture": "#shadow" },
        "north": { "uv": [ 0, 5.5625, 0, 8.0625 ], "texture": "#shadow" },
        "south": { "uv": [ 0, 5.5625, 0, 0 ], "texture": "#shadow" },
        "west":  { "uv": [ 2.375, 0, 0, 0.5 ], "texture": "#shadow" },
        "east":  { "uv": [ 2.375, 0, 0, 0 ], "texture": "#shadow" }
    }
},
{
    "from": [ -3.5, 6.0625, 1.9375 ],
    "to": [ 19.375, 7.1875, 12.0625 ],
    "faces": {
        "down":  { "uv": [ 16, 13, 0, 2.5 ], "texture": "#texture" },
        "up":    { "uv": [ 0, 2, 16, 13 ], "texture": "#texture" },
        "north": { "uv": [ 0, 5.5625, 16, 6.375 ], "texture": "#texture" },
        "south": { "uv": [ 0, 5.5625, 16, 7.0625 ], "texture": "#texture" },
        "west":  { "uv": [ 2.375, 5.5625, 13.375, 6.5625 ], "texture": "#texture" },
        "east":  { "uv": [ 2.5, 5.5, 13.5, 7 ], "texture": "#texture" }
    }
}
],
"display": {
    "thirdperson_righthand": {
        "rotation": [ 0, 0, 0 ],
        "translation": [ 0, 0, 0 ],
        "scale": [ 1.04, 1, 1 ]
    },
    "thirdperson_lefthand": {
        "rotation": [ 0, 0, 0 ],
        "translation": [ 0, 0, 0 ],
        "scale": [ 0, 0, 0 ]
    },
    "head": {
        "rotation": [ 0, 0, 0 ],
        "translation": [ 0, -24, 0 ],
        "scale": [ 2.11, 1.54, 2.14 ]
    },
    "firstperson_righthand": {
        "rotation": [ -1, -99, -13 ],
        "translation": [ 0, 4.8, 0 ],
        "scale": [ 1, 1.01, 1 ]
    },
    "firstperson_lefthand": {
        "rotation": [ 0, 0, 0 ],
        "translation": [ 0, 0, 0 ],
        "scale": [ 0, 0, 0 ]
    }
}
}