{
"__comment": "Designed by Killercreeper55 with BDcraft Cubik PRO 0.93 Beta - http://bdcraft.net",
"textures": {
    "particle": "blocks/door_wood_upper",
    "texture": "blocks/mesa abierta",
    "furnace_top": "blocks/mesatop",
    "shadow3": "blocks/shadow3"
},
"elements": [ 
{
    "from": [ -2, 11, 0 ],
    "to": [ 17.5, 12, 16 ],
    "faces": {
        "down":  { "uv": [ 12.5, 6, 4.5, 2 ], "texture": "#furnace_top" },
        "up":    { "uv": [ 0, 0, 16, 16 ], "texture": "#furnace_top" },
        "north": { "uv": [ 1.5, 4.5, 15, 5.5 ], "texture": "#furnace_top" },
        "south": { "uv": [ 2, 4, 14.5, 5 ], "texture": "#furnace_top" },
        "west":  { "uv": [ 1.5, 2.5, 11, 3.5 ], "texture": "#furnace_top" },
        "east":  { "uv": [ 1.5, 3, 13.5, 4 ], "texture": "#furnace_top" }
    }
},
{
    "from": [ 0, -4, 15 ],
    "to": [ 1, 11, 16 ],
    "faces": {
        "down":  { "uv": [ 16, 5, 15, 4 ], "texture": "#texture" },
        "up":    { "uv": [ 0, 4, 1, 5 ], "texture": "#texture" },
        "north": { "uv": [ 15, 1, 16, 16 ], "texture": "#texture" },
        "south": { "uv": [ 0, 1, 1, 16 ], "texture": "#texture" },
        "west":  { "uv": [ 0, 1, 1, 16 ], "texture": "#texture" },
        "east":  { "uv": [ 0, 1, 1, 16 ], "texture": "#texture" }
    }
},
{
    "from": [ 15, -4, 0 ],
    "to": [ 16, 11, 1 ],
    "faces": {
        "down":  { "uv": [ 16, 5, 15, 4 ], "texture": "#texture" },
        "up":    { "uv": [ 0, 4, 1, 5 ], "texture": "#texture" },
        "north": { "uv": [ 15, 1, 16, 16 ], "texture": "#texture" },
        "south": { "uv": [ 0, 1, 1, 16 ], "texture": "#texture" },
        "west":  { "uv": [ 0, 1, 1, 16 ], "texture": "#texture" },
        "east":  { "uv": [ 0, 1, 1, 16 ], "texture": "#texture" }
    }
},
{
    "from": [ 0, -4, 0 ],
    "to": [ 1, 11, 1 ],
    "faces": {
        "down":  { "uv": [ 16, 5, 15, 4 ], "texture": "#texture" },
        "up":    { "uv": [ 0, 4, 1, 5 ], "texture": "#texture" },
        "north": { "uv": [ 15, 1, 16, 16 ], "texture": "#texture" },
        "south": { "uv": [ 0, 1, 1, 16 ], "texture": "#texture" },
        "west":  { "uv": [ 0, 1, 1, 16 ], "texture": "#texture" },
        "east":  { "uv": [ 0, 1, 1, 16 ], "texture": "#texture" }
    }
},
{
    "from": [ 15, -4, 15 ],
    "to": [ 16, 11, 16 ],
    "faces": {
        "down":  { "uv": [ 16, 5, 15, 4 ], "texture": "#texture" },
        "up":    { "uv": [ 0, 4, 1, 5 ], "texture": "#texture" },
        "north": { "uv": [ 15, 1, 16, 16 ], "texture": "#texture" },
        "south": { "uv": [ 0, 1, 1, 16 ], "texture": "#texture" },
        "west":  { "uv": [ 0, 1, 1, 16 ], "texture": "#texture" },
        "east":  { "uv": [ 0, 1, 1, 16 ], "texture": "#texture" }
    }
},
{
    "from": [ -5, -2.5625, 0.125 ],
    "to": [ 21.125, -2.5, 16.125 ],
    "faces": {
        "down":  { "uv": [ 0, 0, 0, 2 ], "texture": "#shadow3" },
        "up":    { "uv": [ 0, 0, 16, 16 ], "texture": "#shadow3" },
        "north": { "uv": [ 0, 0, 0, 1 ], "texture": "#shadow3" },
        "south": { "uv": [ 0, 0, 0.5, 2 ], "texture": "#shadow3" },
        "west":  { "uv": [ 0, 0, 16, 16 ], "texture": "#shadow3" },
        "east":  { "uv": [ 0, 0, 0.5, 0.5 ], "texture": "#shadow3" }
    }
}
],
"display": {
    "thirdperson_lefthand": {
        "rotation": [ 0, 0, 0 ],
        "translation": [ 0, 0, 0 ],
        "scale": [ 0, 0, 0 ]
    },
    "head": {
        "rotation": [ 0, 0, 0 ],
        "translation": [ 0.2, -24, -1.2 ],
        "scale": [ 2.61, 1.67, 1.67 ]
    },
    "firstperson_lefthand": {
        "rotation": [ 0, 0, 0 ],
        "translation": [ 0, 0, 0 ],
        "scale": [ 0, 0, 0 ]
    }
}
}