{
"__comment": "Designed by Killercreeper55 with BDcraft Cubik PRO 0.93 Beta - http://bdcraft.net",
"textures": {
    "particle": "blocks/cuadro electrico",
    "texture": "blocks/cuadroelectrico2",
    "furnace_top": "blocks/voltaje",
    "shadow3": "blocks/shadow3"
},
"elements": [ 
{
    "from": [ 11, 2.5, 2.5 ],
    "to": [ 12, 16, 15 ],
    "faces": {
        "down":  { "uv": [ 5, 14.5, 4, 3 ], "texture": "#texture" },
        "up":    { "uv": [ 11, 3, 12, 14.5 ], "texture": "#texture" },
        "north": { "uv": [ 4, 0, 5, 13.5 ], "texture": "#texture" },
        "south": { "uv": [ 11, 0, 12, 13.5 ], "texture": "#texture" },
        "west":  { "uv": [ 0, 0, 16, 16 ], "texture": "#texture" },
        "east":  { "uv": [ 0, 0, 16, 16 ], "texture": "#texture" }
    }
},
{
    "from": [ 10.625, 7.1875, 6.9375 ],
    "to": [ 11.25, 11.125, 10.75 ],
    "faces": {
        "down":  { "uv": [ 5.375, 10.625, 4.75, 6.5625 ], "texture": "#texture" },
        "up":    { "uv": [ 10.625, 6.5625, 11.25, 10.625 ], "texture": "#texture" },
        "north": { "uv": [ 4.75, 4.375, 5.375, 8.125 ], "texture": "#texture" },
        "south": { "uv": [ 10.625, 4.375, 11.25, 8.125 ], "texture": "#texture" },
        "west":  { "uv": [ 0, 0, 16, 16 ], "texture": "#furnace_top" },
        "east":  { "uv": [ 5.375, 4.375, 9.4375, 8.125 ], "texture": "#texture" }
    }
},
{
    "from": [ 10.6875, 8.8125, 12.4375 ],
    "to": [ 11.4375, 9.8125, 13.75 ],
    "faces": {
        "down":  { "uv": [ 5.3125, 13.75, 4.5625, 12.4375 ], "texture": "#texture" },
        "up":    { "uv": [ 10.6875, 12.4375, 11.4375, 13.75 ], "texture": "#texture" },
        "north": { "uv": [ 4.5625, 6.1875, 5.3125, 7.1875 ], "texture": "#texture" },
        "south": { "uv": [ 10.6875, 6.1875, 11.4375, 7.1875 ], "texture": "#texture" },
        "west":  { "uv": [ 7, 7.5, 8.3125, 8.5 ], "texture": "#shadow3" },
        "east":  { "uv": [ 2.25, 6.1875, 3.5625, 7.1875 ], "texture": "#texture" }
    }
}
],
"display": {
    "thirdperson_lefthand": {
        "rotation": [ 0, 0, 0 ],
        "translation": [ 0, 0, 0 ],
        "scale": [ 0, 0, 0 ]
    },
    "head": {
        "rotation": [ 0, 0, 0 ],
        "translation": [ -5.29, -5.86, 8.88 ],
        "scale": [ 1.54, 1.8, 1.64 ]
    },
    "firstperson_lefthand": {
        "rotation": [ 0, 0, 0 ],
        "translation": [ 0, 0, 0 ],
        "scale": [ 0, 0, 0 ]
    }
}
}